date,temp_max,temp_min,temp_mean,precipitation,humidity_max,humidity_min,wind_speed_max,pressure_msl,cloud_cover_mean,rain_tomorrow,month,precip_lag1,precip_lag2,temp_range
2015-01-03,21.479,19.678999,20.789415,8.6,96.94113,84.61472,14.81259,1016.9875,97.958336,0,1,11.000001,1.6999999,1.8000009999999982
2015-01-04,23.629,19.328999,21.466497,0.1,97.233925,77.04784,7.8954163,1013.08325,78.75,0,1,8.6,11.000001,4.300001000000002
2015-01-05,25.879,19.729,22.810247,0.0,98.47688,74.6353,13.084402,1011.5583,77.041664,1,1,0.1,8.6,6.150000000000002
2015-01-06,26.428999,21.578999,23.71025,2.7,98.79262,77.748825,12.6462,1012.2,69.791664,1,1,0.0,0.1,4.850000000000001
2015-01-07,23.729,21.129,22.356085,11.2,94.90219,89.065895,24.079666,1016.53326,98.5,1,1,2.7,0.0,2.599999999999998
2015-01-08,22.129,20.279,21.118582,18.1,92.58312,86.54099,26.795223,1019.25415,84.958336,1,1,11.2,2.7,1.8500000000000014
2015-01-09,22.328999,20.328999,21.093584,16.4,90.25778,77.83698,23.1774,1018.5708,87.416664,1,1,18.1,11.2,2.0
2015-01-10,21.928999,19.828999,20.404,45.899998,95.74392,83.099396,20.592503,1018.05817,99.75,1,1,16.4,18.1,2.1000000000000014
2015-01-11,20.979,18.629,19.356081,11.5,93.97357,82.27221,21.566973,1017.54584,91.333336,0,1,45.899998,16.4,2.349999999999998
2015-01-12,20.379,18.678999,19.29358,0.3,86.21783,78.29748,28.165257,1018.8084,95.666664,0,1,11.5,45.899998,1.7000010000000003
2015-01-13,19.629,17.379,18.62275,0.2,84.57917,69.64661,24.20314,1020.0542,91.041664,0,1,0.3,11.5,2.25
2015-01-14,20.229,17.279,18.647749,1.0,84.98285,72.709656,12.758432,1020.7207,72.625,0,1,0.2,0.3,2.9499999999999993
2015-01-15,20.779,17.328999,19.058168,0.0,85.25707,61.77828,10.799999,1020.09174,83.958336,1,1,1.0,0.2,3.4500010000000003
2015-01-16,21.479,17.979,19.866499,2.9,87.371796,59.956783,14.182355,1019.8083,92.666664,1,1,0.0,1.0,3.5
2015-01-17,20.279,19.328999,19.891499,15.499999,89.05304,77.530106,21.129883,1019.87494,98.291664,1,1,2.9,0.0,0.9500010000000003
2015-01-18,22.078999,19.229,20.158165,10.199999,90.488686,70.34019,22.473343,1019.54987,92.458336,0,1,15.499999,2.9,2.8499990000000004
2015-01-19,20.928999,17.529,19.626917,0.2,91.502556,70.347466,13.783817,1019.63324,96.125,0,1,10.199999,15.499999,3.399999000000001
2015-01-20,22.529,16.328999,19.295666,0.0,95.9494,63.795246,8.209263,1019.1917,93.375,0,1,0.2,10.199999,6.200001
2015-01-21,23.328999,18.328999,20.44358,0.0,94.51696,67.52125,15.496736,1020.6333,84.291664,0,1,0.0,0.2,5.0
2015-01-22,22.578999,17.479,19.858164,0.2,95.97225,70.62983,13.004921,1019.30835,45.791668,0,1,0.0,0.0,5.099999
2015-01-23,22.779,15.979001,19.478998,0.0,94.17274,63.82808,14.458382,1016.07495,21.666666,0,1,0.2,0.0,6.799999
2015-01-24,23.578999,16.129,19.8665,0.0,96.552605,64.75823,13.37825,1015.9543,41.0,0,1,0.0,0.2,7.449998999999998
2015-01-25,25.279,16.928999,20.843578,0.0,99.684235,69.15472,13.049689,1015.98334,39.5,0,1,0.0,0.0,8.350000999999999
2015-01-26,23.979,17.578999,20.231081,0.0,99.68561,70.695786,11.620809,1015.82495,36.833332,0,1,0.0,0.0,6.400001
2015-01-27,23.529,16.828999,19.897749,0.0,98.73844,67.56151,10.24578,1014.60425,19.666666,0,1,0.0,0.0,6.700001
2015-01-28,23.529,16.729,20.124832,0.0,97.808975,67.32787,14.4,1014.7126,17.291666,0,1,0.0,0.0,6.800000000000001
2015-01-29,24.078999,17.129,21.162333,0.0,95.68626,68.0597,13.324863,1016.325,35.541668,1,1,0.0,0.0,6.949998999999998
2015-01-30,24.229,17.828999,21.356081,2.7000003,96.59019,68.50959,14.007655,1018.92914,41.875,1,1,0.0,0.0,6.400001
2015-01-31,22.729,19.828999,21.07275,3.8000002,91.65071,70.23035,19.05281,1020.48755,67.041664,1,1,2.7000003,0.0,2.9000009999999996
2015-02-01,22.328999,19.879,20.776913,12.900002,94.269264,79.096146,18.388212,1020.12506,84.0,1,2,3.8000002,2.7000003,2.4499989999999983
2015-02-02,22.078999,19.629,20.676914,11.000001,95.446106,83.61951,18.043148,1020.77515,80.458336,1,2,12.900002,3.8000002,2.4499989999999983
2015-02-03,23.178999,18.428999,20.704,4.4,94.24587,76.54558,13.044722,1021.03345,77.791664,1,2,11.000001,12.900002,4.75
2015-02-04,23.029,18.229,20.4415,1.7000003,94.19222,73.69787,11.631956,1020.18744,63.541668,1,2,4.4,11.000001,4.800000000000001
2015-02-05,22.229,18.828999,20.23525,7.2000003,92.75157,77.29637,16.45007,1020.31665,69.791664,1,2,1.7000003,4.4,3.4000009999999996
2015-02-06,21.229,18.529,19.553999,10.000003,93.90852,81.46734,18.1041,1019.95825,96.875,1,2,7.2000003,1.7000003,2.6999999999999993
2015-02-07,21.729,18.379,20.001917,2.2,93.91757,75.59923,11.252519,1018.946,75.458336,1,2,10.000003,7.2000003,3.349999999999998
2015-02-08,21.328999,18.979,19.814415,8.599999,92.76221,78.70595,17.283749,1020.175,82.041664,1,2,2.2,10.000003,2.3499990000000004
2015-02-09,21.979,18.578999,20.116499,2.8999999,90.705986,68.74971,16.965895,1020.3709,62.458332,1,2,8.599999,2.2,3.4000009999999996
2015-02-10,21.678999,17.578999,19.645662,1.1,95.67002,72.53851,12.599999,1017.375,76.833336,0,2,2.8999999,8.599999,4.100000000000001
2015-02-11,23.078999,17.879,20.649832,0.0,95.67978,68.945595,12.413477,1016.5168,36.291668,0,2,1.1,2.8999999,5.199998999999998
2015-02-12,22.979,18.328999,20.662333,0.0,94.521,71.63095,11.27553,1015.9666,43.916668,0,2,0.0,1.1,4.650001
2015-02-13,23.129,18.678999,21.145666,0.0,94.211655,70.315155,15.111424,1014.7334,49.833332,0,2,0.0,0.0,4.450001
2015-02-14,23.729,18.928999,21.083166,0.0,96.02035,69.967384,16.179985,1013.03754,29.666666,0,2,0.0,0.0,4.800000999999998
2015-02-15,25.078999,19.129,21.712332,0.0,96.6234,72.85522,14.764389,1014.31256,29.916666,0,2,0.0,0.0,5.949998999999998
2015-02-16,24.979,18.428999,21.474833,0.0,96.94113,67.42814,13.584932,1015.0749,30.208334,0,2,0.0,0.0,6.550000999999998
2015-02-17,25.279,18.879,21.956083,0.0,96.35158,65.20434,11.384199,1014.48346,40.916668,1,2,0.0,0.0,6.399999999999999
2015-02-18,25.078999,20.629,22.853998,2.1000001,97.581825,74.462425,14.05845,1014.9167,85.458336,0,2,0.0,0.0,4.449998999999998
2015-02-19,24.379,21.078999,22.664413,0.1,98.172646,81.60457,10.883676,1015.2625,89.041664,0,2,2.1000001,0.0,3.3000010000000017
2015-02-20,25.928999,21.129,23.129,0.0,98.18357,72.82971,10.446206,1013.8792,65.166664,0,2,0.1,2.1000001,4.799999
2015-02-21,27.078999,21.928999,23.978998,0.3,99.09019,73.924675,15.175612,1012.3916,51.041668,0,2,0.0,0.1,5.149999999999999
2015-02-22,27.479,22.029,24.014418,0.4,99.392654,77.1988,11.252519,1012.9875,57.041668,0,2,0.3,0.0,5.449999999999999
2015-02-23,28.529,22.279,24.804,0.0,98.79262,75.95768,14.578888,1011.91254,20.083334,0,2,0.4,0.3,6.25
2015-02-24,29.078999,22.879,25.270666,0.7,98.49783,74.702736,13.5515,1010.6584,24.833334,0,2,0.0,0.4,6.199998999999998
2015-02-25,28.828999,23.129,25.262337,0.0,97.608696,74.18991,17.238699,1010.0666,24.208334,0,2,0.7,0.0,5.699998999999998
2015-02-26,28.779,22.729,25.331083,0.2,98.4939,75.77632,15.192682,1010.4458,25.875,0,2,0.0,0.7,6.050000000000001
2015-02-27,28.029,22.678999,24.651917,0.0,98.49447,71.61625,17.193533,1011.6248,35.458332,0,2,0.2,0.0,5.350000999999999
2015-02-28,27.979,22.178999,24.283167,0.0,98.78896,71.642975,18.455048,1012.99567,50.166668,1,2,0.0,0.2,5.800000999999998
2015-03-01,26.178999,21.178999,23.549833,1.4000001,98.781235,75.82074,13.708391,1015.7502,57.416668,0,3,0.0,0.0,5.0
2015-03-02,26.029,21.979,23.474833,0.5,96.99322,72.847046,16.075521,1011.8667,47.958332,0,3,1.4000001,0.0,4.050000000000001
2015-03-03,30.178999,22.178999,25.578997,0.0,99.097305,67.834145,14.799459,1008.5791,26.541666,0,3,0.5,1.4000001,8.0
2015-03-04,27.879,23.279,25.095663,0.0,98.203125,77.9524,12.864649,1011.34576,46.875,0,3,0.0,0.5,4.600000000000001
2015-03-05,28.828999,22.729,25.251917,0.0,96.43849,69.653534,18.514643,1011.8291,23.708334,0,3,0.0,0.0,6.099999
2015-03-06,28.828999,22.879,25.122751,0.0,97.90409,67.77521,17.782688,1012.0876,33.958332,0,3,0.0,0.0,5.949998999999998
2015-03-07,27.279,22.078999,24.008163,0.0,96.42404,66.848366,18.782204,1013.62494,30.416666,0,3,0.0,0.0,5.200001
2015-03-08,27.729,21.828999,24.124834,0.0,98.18424,64.51127,17.654688,1014.17096,26.791666,0,3,0.0,0.0,5.900001
2015-03-09,27.879,22.229,24.54775,0.0,97.309364,67.746086,17.057314,1015.5334,41.958332,0,3,0.0,0.0,5.650000000000002
2015-03-10,26.979,21.729,24.051916,0.3,95.81907,66.99435,17.551615,1016.3665,41.5,0,3,0.0,0.0,5.25
2015-03-11,27.229,23.029,24.728998,0.0,91.842415,67.25152,14.05845,1016.6875,17.25,0,3,0.3,0.0,4.199999999999999
2015-03-12,27.129,22.828999,24.554,0.0,96.4214,72.14988,11.620809,1015.56665,53.333332,0,3,0.0,0.3,4.300001000000002
2015-03-13,27.578999,23.229,24.874832,0.0,96.433266,72.6702,17.87718,1014.54584,34.75,0,3,0.0,0.0,4.349999
2015-03-14,29.279,23.578999,26.012331,0.0,97.02978,68.06945,16.179987,1013.8833,59.416668,0,3,0.0,0.0,5.700001
2015-03-15,30.428999,23.928999,26.543585,0.3,95.86959,65.47148,17.193533,1012.77094,25.875,0,3,0.0,0.0,6.5
2015-03-16,31.328999,24.428999,27.231085,0.0,94.166885,65.06712,14.003029,1011.2126,7.0833335,0,3,0.3,0.0,6.899999999999999
2015-03-17,31.178999,24.129,27.487335,0.0,95.58681,65.23194,19.376562,1008.5041,5.0833335,0,3,0.0,0.3,7.049999
2015-03-18,32.079,24.578999,27.610252,0.0,95.3142,61.056686,17.399586,1008.30414,6.7916665,0,3,0.0,0.0,7.500001000000001
2015-03-19,31.078999,23.229,26.83525,0.0,98.20176,67.199196,16.981165,1010.14166,13.291667,0,3,0.0,0.0,7.849999
2015-03-20,29.229,21.678999,24.90608,0.0,96.6871,59.309418,19.008547,1012.55005,25.791666,0,3,0.0,0.0,7.550000999999998
2015-03-21,27.928999,21.428999,24.47275,0.0,96.68094,64.75274,15.5843,1015.09155,74.25,0,3,0.0,0.0,6.5
2015-03-22,26.428999,20.529,23.33108,0.0,93.99798,66.02744,13.363711,1015.0542,68.208336,1,3,0.0,0.0,5.899999000000001
2015-03-23,27.879,21.779,24.370667,1.9000001,96.99991,60.248974,11.91812,1015.1248,60.708332,1,3,0.0,0.0,6.100000000000001
2015-03-24,26.379,22.328999,23.739412,17.4,96.12113,77.74148,20.94507,1016.95416,87.666664,1,3,1.9000001,0.0,4.050001000000002
2015-03-25,24.678999,22.479,23.379,29.099998,95.551,85.477806,17.026896,1018.5083,78.041664,1,3,17.4,1.9000001,2.199999000000002
2015-03-26,25.529,22.678999,23.54775,15.400001,95.842125,83.766365,14.84318,1018.8833,91.708336,1,3,29.099998,17.4,2.850000999999999
2015-03-27,25.279,22.529,23.622747,10.599999,95.53459,84.24925,11.298495,1017.65826,99.166664,1,3,15.400001,29.099998,2.75
2015-03-28,26.078999,22.529,24.072746,2.0000002,97.5989,80.05392,9.531505,1015.05414,74.333336,0,3,10.599999,15.400001,3.5499989999999997
2015-03-29,27.279,23.279,24.776915,0.2,97.60959,76.401825,13.896187,1013.1084,71.041664,0,3,2.0000002,10.599999,4.0
2015-03-30,28.178999,23.629,25.353998,0.5,97.91185,75.91884,14.118243,1011.83746,55.208332,0,3,0.2,2.0000002,4.549999
2015-03-31,29.479,24.078999,26.189417,0.0,96.45426,72.04618,16.434305,1010.6541,24.708334,0,3,0.5,0.2,5.400001
2015-04-01,30.479,24.779,27.16025,0.1,97.63776,72.948425,15.778518,1008.5874,18.833334,0,4,0.0,0.5,5.699999999999999
2015-04-02,31.678999,25.578999,28.168585,0.2,97.35956,71.42331,12.313893,1005.75836,40.958332,0,4,0.1,0.0,6.100000000000001
2015-04-03,32.479,25.779,28.687332,0.0,97.3702,68.278625,14.118243,1004.92523,54.416668,0,4,0.2,0.1,6.699999999999999
2015-04-04,32.429,25.779,28.574835,0.0,98.235466,66.6577,15.978484,1006.2666,51.75,0,4,0.0,0.2,6.650000000000002
2015-04-05,30.578999,24.578999,27.116499,0.2,98.220406,73.83061,17.873554,1007.971,61.333332,0,4,0.0,0.0,6.0
2015-04-06,29.328999,23.428999,25.643583,0.0,98.50173,72.75202,15.408671,1009.5584,52.708332,0,4,0.2,0.0,5.899999999999999
2015-04-07,28.779,23.328999,25.204002,0.0,96.14255,71.568375,16.23596,1012.0251,38.208332,1,4,0.0,0.2,5.450001
2015-04-08,28.178999,23.379,25.293587,2.4,94.70565,65.204796,11.183201,1014.21246,37.916668,1,4,0.0,0.0,4.799999
2015-04-09,27.279,23.879,25.062334,1.9000002,95.30218,78.345,11.304229,1013.70844,48.583332,1,4,2.4,0.0,3.3999999999999986
2015-04-10,27.428999,23.279,24.926918,2.8,94.15201,82.91775,14.57889,1013.9834,53.083332,1,4,1.9000002,2.4,4.149999000000001
2015-04-11,26.779,23.328999,24.545668,9.000001,94.987656,81.40159,16.92383,1015.14154,77.25,1,4,2.8,1.9000002,3.4500010000000003
2015-04-12,24.129,21.928999,22.803999,16.4,93.84308,82.58214,23.051247,1017.69586,98.125,1,4,9.000001,2.8,2.2000010000000003
2015-04-13,23.479,20.479,22.251915,4.2000003,89.71364,76.10023,16.263872,1017.9585,59.625,0,4,16.4,9.000001,3.0
2015-04-14,26.029,20.879,24.049833,0.0,89.45292,61.96507,10.446206,1016.60425,46.875,0,4,4.2000003,16.4,5.149999999999999
2015-04-15,25.979,19.629,22.804,0.0,93.66449,60.80726,16.965895,1014.38336,35.083332,0,4,0.0,4.2000003,6.349999999999998
2015-04-16,26.879,21.879,23.831085,0.0,96.103874,70.10514,14.145756,1012.95844,41.291668,0,4,0.0,0.0,5.0
2015-04-17,30.379,22.879,26.47275,0.0,98.50786,68.2826,18.089775,1008.62915,20.916666,0,4,0.0,0.0,7.5
2015-04-18,33.229,24.529,28.174835,0.0,97.63162,57.918068,15.141414,1007.3167,28.916666,0,4,0.0,0.0,8.7
2015-04-19,33.429,25.479,29.120667,0.0,95.916176,61.172794,13.0447235,1007.24164,20.083334,0,4,0.0,0.0,7.950000000000003
2015-04-20,35.628998,26.029,30.374832,0.0,95.08002,50.04626,14.182355,1006.2666,13.708333,1,4,0.0,0.0,9.599998000000003
2015-04-21,32.229,24.979,27.822748,4.0,97.64121,67.02542,16.923828,1009.95825,70.375,1,4,0.0,0.0,7.25
2015-04-22,28.529,24.129,25.864416,4.799999,97.92343,78.99356,15.124284,1013.08746,83.541664,1,4,4.0,0.0,4.399999999999999
2015-04-23,27.828999,23.979,25.493582,2.8999999,96.17082,82.73291,10.703569,1014.41675,84.416664,1,4,4.799999,4.0,3.8499990000000004
2015-04-24,27.879,23.928999,25.370667,4.0,96.74185,78.90346,12.538134,1014.3459,75.041664,1,4,2.8999999,4.799999,3.9500010000000003
2015-04-25,26.879,23.379,24.822748,7.1,95.871056,82.911964,11.709688,1014.43335,65.291664,0,4,4.0,2.8999999,3.5
2015-04-26,27.928999,23.229,25.583166,0.3,94.6901,74.96817,12.496719,1014.01666,42.208332,0,4,7.1,4.0,4.699999000000002
2015-04-27,28.779,24.629,26.174833,0.0,93.60956,66.92473,12.324414,1012.0959,58.625,0,4,0.3,7.1,4.149999999999999
2015-04-28,29.328999,25.229,27.037336,0.4,97.06351,71.63061,16.73516,1010.25836,61.625,1,4,0.0,0.3,4.099999
2015-04-29,30.678999,25.678999,27.812334,1.1,97.94251,75.18201,13.797913,1010.0376,68.958336,0,4,0.4,0.0,5.0
2015-04-30,31.229,26.129,28.124838,0.5,95.944405,73.49294,13.339445,1009.1917,77.541664,0,4,1.1,0.4,5.099999999999998
2015-05-01,31.578999,26.629,28.631086,1.0,95.66658,72.89322,13.493999,1007.70013,92.541664,0,5,0.5,1.1,4.949998999999998
2015-05-02,32.378998,25.979,29.03317,0.6,98.24711,70.30904,12.55879,1007.7041,55.375,0,5,1.0,0.5,6.399998000000004
2015-05-03,32.679,26.729,29.179003,0.2,95.96644,67.11407,11.885453,1007.95844,51.708332,0,5,0.6,1.0,5.950000000000003
2015-05-04,33.079,27.078999,29.66233,0.6,97.676506,65.42624,12.261158,1007.82916,23.375,0,5,0.2,0.6,6.000001000000001
2015-05-05,33.179,26.879,29.918581,0.1,95.406944,65.81521,12.849528,1005.99164,60.458332,1,5,0.6,0.2,6.300000000000001
2015-05-06,33.679,27.729,30.010252,1.4000001,97.40177,63.44986,8.766573,1005.77094,93.166664,0,5,0.1,0.6,5.950000000000003
2015-05-07,33.829,27.828999,30.247747,0.0,95.98973,62.35189,11.165805,1006.7373,94.583336,0,5,1.4000001,0.1,6.000001000000001
2015-05-08,33.779,27.678999,29.99775,0.2,94.85899,61.79881,14.345898,1005.8459,64.583336,1,5,0.0,1.4000001,6.1000010000000024
2015-05-09,33.979,26.979,29.631083,4.8,86.94314,59.131542,13.237039,1006.7666,44.041668,0,5,0.2,0.0,7.0
2015-05-10,32.929,27.328999,29.476915,0.4,91.27575,62.726948,13.138765,1007.35425,64.5,1,5,4.8,0.2,5.6000010000000024
2015-05-11,32.079,26.479,29.076914,1.7,97.08924,70.88055,12.783802,1008.07477,77.25,1,5,0.4,4.8,5.600000000000001
2015-05-12,32.179,26.529,28.649836,3.0,92.588684,69.24021,13.5515,1009.57916,81.541664,1,5,1.7,0.4,5.650000000000002
2015-05-13,31.979,26.629,28.668585,1.4000001,92.04471,67.97063,17.026896,1009.45,69.125,0,5,3.0,1.7,5.349999999999998
2015-05-14,32.829,26.729,29.083168,1.0,95.67444,64.219086,18.214718,1009.65424,90.333336,0,5,1.4000001,3.0,6.100000000000001
2015-05-15,33.128998,27.129,29.603996,0.7,93.72374,64.28179,12.261158,1009.13336,69.041664,0,5,1.0,1.4000001,5.9999980000000015
2015-05-16,33.628998,27.428999,30.010252,0.3,93.46091,60.672157,11.720751,1007.325,86.208336,0,5,0.7,1.0,6.199999000000002
2015-05-17,33.878998,26.578999,29.976912,0.3,93.97756,58.417698,10.495713,1006.49164,64.708336,1,5,0.3,0.7,7.299999000000003
2015-05-18,33.679,27.178999,30.0165,1.7,93.739456,60.42438,8.707238,1006.1875,24.291666,0,5,0.3,0.3,6.500001000000001
2015-05-19,34.329,28.229,30.745665,0.8,89.222374,59.097313,11.753877,1005.6082,50.458332,0,5,1.7,0.3,6.100000000000001
2015-05-20,34.579,28.078999,31.197748,0.0,78.93818,55.134644,12.324414,1006.2542,99.166664,0,5,0.8,1.7,6.500001000000001
2015-05-21,34.929,27.979,30.814413,0.3,89.70612,56.771603,11.212135,1006.95,88.458336,1,5,0.0,0.8,6.950000000000003
2015-05-22,35.479,28.578999,31.10608,1.8,87.39943,55.729713,10.799999,1006.27094,86.916664,0,5,0.3,0.0,6.900001
2015-05-23,35.329,27.979,31.249834,0.0,83.39932,53.36456,11.885453,1005.64984,99.833336,0,5,1.8,0.3,7.350000000000001
2015-05-24,34.878998,27.578999,30.708166,0.4,90.50145,55.038,8.942214,1006.05835,92.166664,1,5,0.0,1.8,7.299999000000003
2015-05-25,34.779,27.529,30.58525,2.3,91.57931,54.137234,10.041354,1006.1167,90.375,0,5,0.4,0.0,7.2500000000000036
2015-05-26,34.529,28.578999,31.2165,0.3,83.69075,57.701492,10.144082,1006.4417,91.875,0,5,2.3,0.4,5.950001000000004
2015-05-27,34.179,27.279,30.73525,0.3,88.8593,57.744114,13.202726,1005.52515,98.291664,0,5,0.3,2.3,6.900000000000002
2015-05-28,35.628998,27.828999,31.404001,0.0,86.600555,52.316948,16.311613,1004.28345,48.333332,0,5,0.3,0.3,7.799999000000003
2015-05-29,36.029,28.428999,31.872751,0.0,88.70995,51.036392,15.827721,1005.46674,29.75,0,5,0.0,0.3,7.6000010000000024
2015-05-30,35.729,28.328999,31.908165,0.0,89.73136,52.681236,11.792404,1006.0376,16.791666,0,5,0.0,0.0,7.400001
2015-05-31,36.179,28.229,31.656088,1.0,91.32497,52.329365,10.805998,1005.2708,51.125,0,5,0.0,0.0,7.950000000000003
2015-06-01,35.579,28.779,31.597754,0.7,89.23743,54.718563,15.137133,1005.44995,62.333332,0,6,1.0,0.0,6.800000000000001
2015-06-02,35.279,27.328999,31.158167,0.3,94.00997,54.36859,16.45007,1006.7917,50.291668,0,6,0.7,1.0,7.950001000000004
2015-06-03,34.378998,27.678999,30.876917,0.1,92.923,57.494667,13.358861,1008.0083,26.125,0,6,0.3,0.7,6.699999000000002
2015-06-04,34.378998,27.828999,30.706085,0.2,90.7626,55.776203,14.869351,1007.4041,60.041668,0,6,0.1,0.3,6.549999000000003
2015-06-05,34.628998,27.729,30.945663,0.6,92.10672,56.19495,12.496719,1006.27075,97.875,1,6,0.2,0.1,6.899998000000004
2015-06-06,34.079,26.879,30.129,1.3,91.52239,60.05357,14.332341,1006.3501,95.75,0,6,0.6,0.2,7.199999999999999
2015-06-07,34.029,26.678999,30.035254,0.6,91.501274,57.06996,18.0036,1006.80005,60.708332,0,6,1.3,0.6,7.3500010000000024
2015-06-08,34.579,26.779,30.454002,0.1,92.06169,53.56425,12.9249525,1006.52496,52.583332,0,6,0.6,1.3,7.800000000000001
2015-06-09,35.128998,27.529,31.056086,0.0,91.291176,52.520084,10.239453,1006.1333,21.083334,0,6,0.1,0.6,7.599998000000003
2015-06-10,35.779,28.029,31.63108,0.0,89.445,51.7923,16.418526,1005.82086,13.125,0,6,0.0,0.1,7.7500000000000036
2015-06-11,35.679,27.779,31.258163,0.3,93.202324,52.43686,13.1041975,1006.6458,11.958333,0,6,0.0,0.0,7.900000000000002
2015-06-12,33.529,27.229,30.231087,0.7,92.90022,62.85579,12.605142,1007.3208,64.333336,1,6,0.3,0.0,6.300000000000004
2015-06-13,33.929,26.879,29.881083,1.1,91.51335,58.779457,12.641076,1006.325,87.875,0,6,0.7,0.3,7.050000000000001
2015-06-14,33.779,27.678999,30.079,0.5,88.36446,57.67587,15.856356,1006.18756,59.375,0,6,1.1,0.7,6.1000010000000024
2015-06-15,33.679,27.279,29.89775,0.7,88.069336,59.606533,16.954432,1006.9207,43.041668,0,6,0.5,1.1,6.400000000000002
2015-06-16,33.378998,27.029,29.781084,0.5,89.904465,59.716976,15.941944,1006.49176,48.708332,0,6,0.7,0.5,6.349998000000003
2015-06-17,33.378998,26.729,29.724836,0.1,89.88309,60.07534,13.202726,1004.9334,14.458333,0,6,0.5,0.7,6.649998000000004
2015-06-18,33.329,27.178999,29.87692,0.1,89.92929,59.349068,12.984975,1004.5791,60.166668,1,6,0.1,0.5,6.150001
2015-06-19,33.179,26.979,29.837332,3.7999997,92.34361,61.66756,10.739832,1004.8958,99.166664,1,6,0.1,0.1,6.200000000000003
2015-06-20,31.328999,26.828999,28.44567,10.2,93.99057,69.286835,10.739833,1003.9251,100.0,1,6,3.7999997,0.1,4.5
2015-06-21,28.379,26.229,27.426918,23.699997,92.9053,86.60977,11.570515,1001.6292,100.0,1,6,10.2,3.7999997,2.150000000000002
2015-06-22,28.779,25.578999,27.329,12.1,91.16348,78.78479,10.464798,1000.65826,100.0,1,6,23.699997,10.2,3.2000010000000003
2015-06-23,28.029,25.879,27.197748,15.3,91.464905,67.35126,14.458382,1001.07495,99.958336,0,6,12.1,23.699997,2.1499999999999986
2015-06-24,32.079,27.279,29.308167,0.0,83.71344,61.982235,11.090103,1002.9668,83.375,0,6,15.3,12.1,4.800000000000001
2015-06-25,33.378998,27.029,30.064417,0.0,84.184044,58.829227,10.495713,1004.2625,36.833332,0,6,0.0,15.3,6.349998000000003
2015-06-26,33.829,27.178999,30.501923,0.0,83.19605,57.365986,10.805998,1005.64996,16.625,0,6,0.0,0.0,6.650001
2015-06-27,33.329,27.129,30.114418,0.0,89.695305,58.244194,9.085988,1008.0874,11.791667,0,6,0.0,0.0,6.199999999999999
2015-06-28,33.829,27.279,30.274832,0.0,90.46793,58.88659,10.383987,1009.07074,12.833333,1,6,0.0,0.0,6.550000000000001
2015-06-29,34.628998,27.178999,30.699831,2.0,86.012,56.98164,9.826088,1007.5542,6.75,0,6,0.0,0.0,7.449999000000002
2015-06-30,34.979,27.979,31.183168,0.0,84.110985,54.785435,9.449572,1005.7666,7.0,0,6,2.0,0.0,7.0
2015-07-01,35.878998,28.229,31.67067,0.0,79.426735,50.589123,9.726664,1004.14166,5.6666665,0,7,0.0,2.0,7.649998000000004
2015-07-02,35.878998,28.828999,32.054,0.0,76.24799,51.817265,10.296251,1002.7375,76.791664,0,7,0.0,0.0,7.049999000000003
2015-07-03,35.979,29.328999,32.079006,0.0,79.21304,51.842186,8.913181,1001.60834,81.625,0,7,0.0,0.0,6.650001
2015-07-04,35.628998,28.879,31.839417,0.4,81.916725,55.162224,10.009036,1001.43335,73.291664,1,7,0.0,0.0,6.7499980000000015
2015-07-05,34.679,27.229,29.679,7.8,94.01212,57.052128,10.105681,1002.7917,78.666664,1,7,0.4,0.0,7.450000000000003
2015-07-06,31.328999,26.379,28.08525,20.5,90.67403,69.700935,15.815435,1003.16254,94.333336,1,7,7.8,0.4,4.949998999999998
2015-07-07,28.979,25.979,27.33317,32.399998,93.67388,81.1833,13.896187,1003.1125,91.0,1,7,20.5,7.8,3.0
2015-07-08,30.578999,25.979,27.995665,4.3999996,92.59661,65.10801,16.299694,1003.2791,78.375,0,7,32.399998,20.5,4.599999
2015-07-09,31.229,26.328999,28.520668,0.2,83.77966,59.768806,17.377226,1001.65826,58.208332,0,7,4.3999996,32.399998,4.900001
2015-07-10,31.979,26.229,28.92483,0.3,92.296974,60.302437,18.193361,1001.99585,50.5,1,7,0.2,4.3999996,5.75
2015-07-11,31.678999,26.529,28.543581,15.000001,95.38028,66.12157,11.269782,1002.01666,65.583336,1,7,0.3,0.2,5.149999000000001
2015-07-12,31.029,26.678999,28.466497,4.2000003,95.10315,71.32576,7.9526596,1002.26666,76.416664,1,7,15.000001,0.3,4.350000999999999
2015-07-13,31.428999,27.029,28.824837,6.6,94.56856,68.84647,10.308831,1002.1709,88.291664,1,7,4.2000003,15.000001,4.399999000000001
2015-07-14,30.229,27.029,28.487333,7.7,92.65188,78.21031,9.72,1002.33325,99.041664,1,7,6.6,4.2000003,3.1999999999999993
2015-07-15,31.178999,26.979,28.874834,3.1000001,87.26787,72.41126,11.177405,1002.29175,100.0,0,7,7.7,6.6,4.199999000000002
2015-07-16,32.229,27.379,29.381086,0.0,84.98089,64.670586,9.220499,1002.8958,99.666664,0,7,3.1000001,7.7,4.849999999999998
2015-07-17,31.129,27.379,29.079002,0.3,88.66668,68.426796,7.9932966,1003.85425,100.0,1,7,0.0,3.1000001,3.75
2015-07-18,30.129,26.029,27.833166,8.700001,90.96428,71.165146,9.0,1003.6084,100.0,1,7,0.3,0.0,4.100000000000001
2015-07-19,30.078999,26.578999,27.52275,5.7,93.98838,70.09678,13.797912,1004.27924,100.0,0,7,8.700001,0.3,3.5
2015-07-20,29.578999,26.078999,27.704004,0.0,90.37993,71.7103,10.538843,1006.5833,99.916664,0,7,5.7,8.700001,3.5
2015-07-21,31.828999,26.428999,28.893585,0.0,85.86775,63.626175,8.373386,1008.87494,92.0,0,7,0.0,5.7,5.399999999999999
2015-07-22,33.329,26.078999,29.4665,0.0,89.97165,58.4311,13.661038,1008.51263,95.666664,1,7,0.0,0.0,7.250001000000001
2015-07-23,33.729,26.629,29.622751,1.2,87.29434,58.558064,11.592894,1008.34576,88.125,0,7,0.0,0.0,7.099999999999998
2015-07-24,34.378998,26.428999,29.801916,0.0,95.11554,49.7528,11.27553,1007.5291,99.5,0,7,1.2,0.0,7.949999000000002
2015-07-25,32.679,26.678999,29.260252,0.3,91.552414,58.139606,6.6185193,1007.0625,100.0,1,7,0.0,1.2,6.000001000000001
2015-07-26,32.079,26.178999,28.674833,4.0,91.201126,61.79615,8.905908,1009.21674,99.958336,1,7,0.3,0.0,5.900001
2015-07-27,29.729,25.979,27.44567,4.0,92.83637,66.71887,9.178235,1010.7334,100.0,1,7,4.0,0.3,3.75
2015-07-28,29.229,24.729,26.339415,7.4,90.40035,69.48025,9.793058,1011.4207,100.0,1,7,4.0,4.0,4.5
2015-07-29,27.928999,24.828999,26.074835,2.2999997,91.43748,75.1952,10.137692,1010.60834,100.0,1,7,7.4,4.0,3.1000000000000014
2015-07-30,28.428999,24.879,25.812332,1.8000001,91.70036,67.28446,8.404285,1010.5417,100.0,1,7,2.2999997,7.4,3.5499989999999997
2015-07-31,28.279,25.328999,26.624832,2.3,94.493454,75.4149,7.42159,1009.6875,99.333336,1,7,1.8000001,2.2999997,2.9500010000000003
2015-08-01,29.328999,25.229,26.493582,11.0,95.634926,76.55281,8.287822,1009.67926,93.833336,1,8,2.3,1.8000001,4.099999
2015-08-02,30.479,24.479,26.98942,2.6,96.489235,71.17409,11.570515,1009.4792,90.5,1,8,11.0,2.3,6.0
2015-08-03,30.279,24.678999,26.989418,3.9,95.33468,73.56966,14.417988,1008.6834,92.041664,1,8,2.6,11.0,5.600000999999999
2015-08-04,30.379,25.178999,27.404001,3.3999999,94.76512,73.367485,11.440979,1007.2166,87.875,1,8,3.9,2.6,5.200001
2015-08-05,31.428999,26.029,28.106087,2.0,94.23412,67.18934,11.709688,1005.0999,34.458332,1,8,3.3999999,3.9,5.399999000000001
2015-08-06,30.629,26.029,27.864416,2.8000002,92.85947,72.32494,11.966954,1004.9541,38.5,0,8,2.0,3.3999999,4.600000000000001
2015-08-07,30.428999,26.029,28.022753,0.90000004,92.56743,72.72285,10.1887,1005.02905,40.041668,0,8,2.8000002,2.0,4.399999000000001
2015-08-08,31.229,25.629,28.118586,0.9,92.84923,70.18881,13.281023,1003.11255,84.666664,1,8,0.90000004,2.8000002,5.599999999999998
2015-08-09,31.328999,26.029,28.603998,1.4000001,95.08002,68.057465,11.966954,1002.5918,99.333336,0,8,0.9,0.90000004,5.299999
2015-08-10,31.779,27.279,29.258163,0.0,93.453865,66.93647,10.739832,1004.8875,82.333336,1,8,1.4000001,0.9,4.5
2015-08-11,31.629,26.629,28.839417,2.9999998,95.10138,69.7102,10.883676,1006.57916,90.75,1,8,0.0,1.4000001,5.0
2015-08-12,31.379,25.979,28.051912,4.6,95.93845,70.54468,6.4799995,1007.71246,98.375,0,8,2.9999998,0.0,5.400000000000002
2015-08-13,32.729,26.529,29.237335,0.0,96.23882,64.519325,10.8955765,1007.27094,94.666664,0,8,4.6,2.9999998,6.199999999999999
2015-08-14,33.929,26.828999,29.96858,0.3,95.13844,60.491486,12.0694,1007.25006,87.333336,0,8,0.0,4.6,7.1000010000000024
2015-08-15,34.128998,26.479,30.00192,0.0,94.81613,60.42311,12.783802,1008.24164,84.541664,0,8,0.3,0.0,7.649998000000004
2015-08-16,34.029,26.928999,30.083168,0.2,93.44917,58.978153,13.441071,1007.9792,76.75,0,8,0.0,0.3,7.1000010000000024
2015-08-17,33.779,27.229,30.056082,0.7,88.86318,60.524967,11.298495,1007.3625,53.791668,0,8,0.2,0.0,6.550000000000004
2015-08-18,34.529,27.178999,30.604002,0.2,93.44917,56.88739,12.9249525,1006.42084,15.208333,0,8,0.7,0.2,7.3500010000000024
2015-08-19,33.679,27.479,30.41233,0.1,90.7626,61.205925,11.753877,1006.32916,13.291667,1,8,0.2,0.7,6.200000000000003
2015-08-20,33.029,26.678999,29.678999,3.8999999,91.28194,63.87983,12.181624,1006.5166,50.041668,1,8,0.1,0.2,6.3500010000000024
2015-08-21,32.628998,26.828999,29.685247,2.8000002,92.879875,63.531197,11.966953,1005.06256,68.833336,1,8,3.8999999,0.1,5.799999000000003
2015-08-22,34.479,26.979,29.745667,4.2,89.939926,57.689827,11.592895,1003.3083,68.208336,1,8,2.8000002,3.8999999,7.5
2015-08-23,34.229,27.078999,29.768585,3.8999999,92.08425,58.452286,13.276144,1003.53754,65.583336,1,8,4.2,2.8000002,7.150001
2015-08-24,33.378998,27.029,29.203997,6.3,92.340866,61.982185,11.720751,1004.3125,40.125,1,8,3.8999999,4.2,6.349998000000003
2015-08-25,32.628998,26.979,29.678999,1.2,89.90088,64.540146,10.440001,1005.40826,77.375,1,8,6.3,3.8999999,5.649998000000004
2015-08-26,31.979,26.479,28.4665,17.000004,95.39028,65.0064,9.107359,1007.32074,95.791664,1,8,1.2,6.3,5.5
2015-08-27,31.379,26.678999,28.82692,1.5,86.998604,64.299866,9.885262,1007.4666,85.041664,0,8,17.000004,1.2,4.700001
2015-08-28,32.729,27.379,29.285248,0.8,89.43018,58.326897,12.0694,1005.8333,98.958336,1,8,1.5,17.000004,5.349999999999998
2015-08-29,33.679,27.729,29.812332,1.5999999,87.8834,56.64603,9.585739,1005.65424,100.0,1,8,0.8,1.5,5.950000000000003
2015-08-30,32.779,26.879,29.26442,3.0,92.34632,63.070198,8.209263,1006.64594,100.0,1,8,1.5999999,0.8,5.900000000000002
2015-08-31,32.378998,26.828999,29.504,1.1,90.710266,59.84939,6.4096174,1006.62506,99.958336,1,8,3.0,1.5999999,5.549999000000003
2015-09-01,32.029,26.678999,28.874838,2.5,92.04753,61.370155,7.0911775,1006.49567,99.291664,1,9,1.1,3.0,5.3500010000000024
2015-09-02,32.529,26.979,28.77275,2.8,94.001366,61.70953,13.009903,1008.02515,96.708336,0,9,2.5,1.1,5.550000000000004
2015-09-03,32.378998,26.779,29.22275,0.4,94.82549,64.864006,12.682018,1010.10834,95.75,1,9,2.8,2.5,5.599998000000003
2015-09-04,32.229,26.979,29.172752,2.3,91.797424,66.22223,10.086427,1011.07086,49.708332,0,9,0.4,2.8,5.25
2015-09-05,32.529,26.678999,29.631088,0.3,92.91038,62.60837,9.6932955,1010.32495,20.666666,1,9,2.3,0.4,5.8500010000000024
2015-09-06,33.529,26.578999,29.926916,1.4000001,91.76818,61.256218,12.88981,1008.19586,33.375,1,9,0.3,2.3,6.950001000000004
2015-09-07,33.829,27.629,30.168587,2.1999998,85.77048,59.27415,12.594856,1006.77924,84.666664,1,9,1.4000001,0.3,6.199999999999999
2015-09-08,33.529,26.678999,29.84775,1.5,91.858345,60.638702,12.0694,1006.7041,49.666668,1,9,2.1999998,1.4000001,6.8500010000000024
2015-09-09,31.878998,26.178999,28.995668,1.9000001,91.24478,65.07742,16.215992,1009.05414,31.583334,1,9,1.5,2.1999998,5.699998999999998
2015-09-10,29.379,25.479,26.731085,13.800001,94.49546,74.0824,12.979984,1010.34174,81.625,1,9,1.9000001,1.5,3.900000000000002
2015-09-11,29.229,25.129,27.033167,8.6,95.620575,79.32565,12.682018,1009.45416,94.166664,1,9,13.800001,1.9000001,4.099999999999998
2015-09-12,29.529,25.029,26.854002,15.399999,92.50852,76.58309,15.844089,1009.7583,48.25,1,9,8.6,13.800001,4.5
2015-09-13,29.178999,25.129,26.47275,46.199997,93.655594,73.58094,26.282465,1008.24164,90.083336,1,9,15.399999,8.6,4.049999
2015-09-14,26.178999,25.629,25.962334,89.2,95.07109,89.03584,33.933697,1001.8,99.5,1,9,46.199997,15.399999,0.5499989999999997
2015-09-15,29.529,24.779,26.447748,8.0,96.76221,73.44411,22.461807,1004.22076,97.75,1,9,89.2,46.199997,4.75
2015-09-16,29.979,25.529,27.11233,3.8000002,94.77842,71.78089,19.694992,1005.8125,99.5,1,9,8.0,89.2,4.449999999999999
2015-09-17,30.178999,25.928999,27.599833,2.6000001,97.946304,73.67287,18.864824,1010.20825,99.0,1,9,3.8000002,8.0,4.25
2015-09-18,31.229,25.678999,27.999834,3.6000001,95.35164,68.03809,11.298495,1013.11255,87.958336,0,9,2.6000001,3.8000002,5.550000999999998
2015-09-19,30.879,25.178999,27.920668,0.1,96.211296,71.086914,10.233123,1011.12915,25.166666,0,9,3.6000001,2.6000001,5.700001
2015-09-20,31.779,26.578999,28.799835,0.0,94.81799,65.68637,10.446206,1008.16656,38.125,0,9,0.1,3.6000001,5.200001
2015-09-21,31.828999,26.029,28.685247,1.0,92.88245,69.57738,14.917212,1007.054,84.333336,0,9,0.0,0.1,5.799999
2015-09-22,31.629,25.828999,28.220667,0.9,94.523285,70.32614,13.722565,1007.67487,22.416666,0,9,1.0,0.0,5.800001000000002
2015-09-23,31.129,26.428999,28.32067,1.0,93.41616,68.41721,10.233123,1007.7083,25.375,0,9,0.9,1.0,4.700001
2015-09-24,32.279,26.928999,29.139418,0.2,93.45621,64.4881,8.891343,1006.1709,32.833332,0,9,1.0,0.9,5.3500010000000024
2015-09-25,32.878998,27.379,29.714417,0.0,92.362686,61.60175,10.787993,1005.09155,29.375,0,9,0.2,1.0,5.4999980000000015
2015-09-26,32.979,26.178999,29.29567,1.0,92.0191,63.490124,13.004922,1006.48737,23.541666,0,9,0.0,0.2,6.800000999999998
2015-09-27,31.929,26.828999,29.281082,0.0,90.15848,63.2559,9.931042,1007.4207,17.875,1,9,1.0,0.0,5.100000999999999
2015-09-28,31.379,26.678999,28.943586,1.4000001,93.98626,65.666,10.931203,1007.7041,62.541668,0,9,0.0,1.0,4.700001
2015-09-29,32.079,26.328999,28.910248,0.7,91.52842,61.79615,10.948973,1008.52075,90.833336,1,9,1.4000001,0.0,5.750001000000001
2015-09-30,31.629,26.678999,28.587334,2.5,91.78869,66.30951,11.592894,1010.929,90.833336,1,9,0.7,1.4000001,4.950001
2015-10-01,30.979,25.178999,27.489418,12.500001,93.91857,69.80707,13.627795,1011.6709,97.375,1,10,2.5,0.7,5.800000999999998
2015-10-02,28.979,25.078999,26.643583,13.099999,94.20486,79.05562,14.934577,1010.69995,94.666664,1,10,12.500001,2.5,3.9000009999999996
2015-10-03,27.879,25.529,26.326914,14.500001,93.0992,82.040306,12.4811535,1009.7957,99.666664,1,10,13.099999,12.500001,2.3500000000000014
2015-10-04,27.928999,25.328999,26.143583,43.600002,95.33977,80.07082,9.178235,1010.6833,99.958336,1,10,14.500001,13.099999,2.6000000000000014
2015-10-05,29.729,24.928999,26.606085,9.5,95.89976,73.25804,7.5170207,1011.6291,99.666664,1,10,43.600002,14.500001,4.800000999999998
2015-10-06,28.678999,24.629,26.554,3.0000002,95.31931,78.77848,8.404285,1011.7417,99.166664,1,10,9.5,43.600002,4.049999
2015-10-07,29.928999,25.279,27.187332,2.8,94.20695,76.377884,9.9571085,1011.52094,61.291668,1,10,3.0000002,9.5,4.649999000000001
2015-10-08,29.279,24.779,26.799833,3.6999998,93.91857,78.86186,10.636766,1010.64166,56.375,1,10,2.8,3.0000002,4.5
2015-10-09,30.129,24.879,27.33525,5.2000003,95.61096,71.3519,11.570515,1009.8249,44.083332,1,10,3.6999998,2.8,5.25
2015-10-10,29.229,23.979,26.081087,70.5,93.081764,75.60408,25.63847,1011.04156,94.041664,1,10,5.2000003,3.6999998,5.25
2015-10-11,25.029,23.979,24.381083,173.4,93.885414,84.984245,27.492311,1013.95825,99.916664,1,10,70.5,5.2000003,1.0500000000000007
2015-10-12,25.428999,24.178999,24.549833,145.0,95.59327,90.54385,20.291357,1015.0793,99.875,1,10,173.4,70.5,1.25
2015-10-13,26.428999,24.078999,25.108168,23.3,96.74785,83.86594,15.137133,1014.6834,90.458336,1,10,145.0,173.4,2.3500000000000014
2015-10-14,27.178999,24.229,25.120667,41.1,95.89072,84.11912,15.778518,1014.24164,97.583336,1,10,23.3,145.0,2.949999000000002
2015-10-15,26.229,23.428999,24.872747,14.4,95.886185,79.15241,16.904673,1014.08325,93.916664,1,10,41.1,23.3,2.800000999999998
2015-10-16,27.178999,22.428999,24.943583,2.1,97.003235,73.941376,13.661038,1013.1709,34.833332,0,10,14.4,41.1,4.75
2015-10-17,28.029,22.029,25.212332,0.6,96.108215,71.40755,12.768586,1012.7332,51.208332,0,10,2.1,14.4,6.0
2015-10-18,28.229,20.979,24.679,0.0,95.78489,63.434834,10.464797,1012.8459,95.625,0,10,0.6,2.1,7.25
2015-10-19,28.279,20.979,24.831083,0.0,93.73406,62.409218,15.328561,1010.75824,87.041664,0,10,0.0,0.6,7.300000000000001
2015-10-20,28.529,21.879,24.983168,0.0,94.93214,60.42034,11.525623,1009.5667,76.541664,0,10,0.0,0.0,6.649999999999999
2015-10-21,29.029,22.178999,25.714415,0.0,97.59175,60.290718,13.5515,1010.67084,36.708332,1,10,0.0,0.0,6.850000999999999
2015-10-22,28.678999,22.828999,25.351913,1.8000001,95.27976,68.15958,12.7279215,1012.0418,45.458332,0,10,0.0,0.0,5.850000000000001
2015-10-23,28.078999,22.729,25.52275,0.4,94.09845,67.214745,9.686609,1012.79156,60.708332,1,10,1.8000001,0.0,5.349999
2015-10-24,27.029,23.279,24.92275,1.3000001,94.98586,76.20075,9.0,1013.8709,47.708332,0,10,0.4,1.8000001,3.75
2015-10-25,27.979,24.029,25.86025,0.90000004,95.00783,76.31638,8.669949,1014.39166,37.333332,0,10,1.3000001,0.4,3.9499999999999993
2015-10-26,28.379,24.979,26.13108,0.3,93.07676,75.4149,10.182337,1014.42914,51.625,0,10,0.90000004,1.3000001,3.400000000000002
2015-10-27,28.678999,23.178999,25.974836,0.1,98.20111,70.039955,9.693296,1014.3167,27.958334,0,10,0.3,0.90000004,5.5
2015-10-28,28.828999,24.029,26.154,0.0,96.17082,72.15003,10.239453,1014.87067,34.791668,0,10,0.1,0.3,4.799999
2015-10-29,29.129,24.529,26.310247,0.6,95.88771,65.192474,9.693296,1015.40424,35.0,1,10,0.0,0.1,4.600000000000001
2015-10-30,28.578999,23.879,26.24775,2.7,97.03305,72.40366,13.513193,1015.4084,37.958332,1,10,0.6,0.0,4.699998999999998
2015-10-31,26.928999,23.828999,25.020668,7.4000006,94.72299,79.24903,12.904882,1016.3542,84.75,1,10,2.7,0.6,3.1000000000000014
2015-11-01,25.979,23.229,24.16233,26.900002,96.43192,83.81623,21.758419,1016.86646,74.625,1,11,7.4000006,2.7,2.75
2015-11-02,25.479,23.578999,24.476915,17.900003,94.41679,84.27087,22.159746,1016.4292,73.708336,1,11,26.900002,7.4000006,1.9000009999999996
2015-11-03,26.729,23.779,24.84775,16.400002,95.57708,75.691734,17.31746,1015.22485,86.416664,1,11,17.900003,26.900002,2.9499999999999993
2015-11-04,26.328999,23.979,24.649832,19.7,95.87261,84.362305,14.386494,1013.3958,94.083336,1,11,16.400002,17.900003,2.3499990000000004
2015-11-05,24.828999,23.379,24.26442,61.3,97.02207,91.38839,21.175835,1012.304,99.791664,1,11,19.7,16.400002,1.4499989999999983
2015-11-06,28.129,23.879,25.220667,5.5000005,97.32624,79.890625,12.758432,1012.37067,91.541664,1,11,61.3,19.7,4.25
2015-11-07,28.729,23.879,25.654,2.0,97.036354,74.19811,11.252519,1013.5874,63.666668,1,11,5.5000005,61.3,4.849999999999998
2015-11-08,29.078999,24.379,26.316496,1.1,95.88319,73.368385,9.504273,1014.1416,30.833334,1,11,2.0,5.5000005,4.699998999999998
2015-11-09,28.279,24.529,26.351913,1.5000001,94.45735,77.085464,11.246759,1013.44586,24.25,1,11,1.1,2.0,3.75
2015-11-10,28.178999,24.279,25.91025,2.1000001,94.45534,73.66055,10.464797,1012.88763,87.041664,0,11,1.5000001,1.1,3.899999000000001
2015-11-11,28.529,23.828999,26.049835,0.2,97.03196,76.79377,10.1376915,1013.1958,55.541668,0,11,2.1000001,1.5000001,4.700001
2015-11-12,28.779,24.178999,26.1915,0.3,97.33218,73.31772,10.948973,1013.33746,67.875,0,11,0.2,2.1000001,4.600000999999999
2015-11-13,29.229,23.979,26.464415,0.3,97.03526,73.334625,14.84318,1012.58746,59.875,1,11,0.3,0.2,5.25
2015-11-14,28.229,23.629,25.891497,2.1000001,97.32524,77.54281,13.493999,1011.81244,35.916668,0,11,0.3,0.3,4.599999999999998
2015-11-15,29.078999,24.029,26.54358,0.1,97.05918,74.00815,15.509274,1011.69183,20.125,0,11,2.1000001,0.3,5.049999
2015-11-16,29.479,24.279,26.681078,0.0,97.340034,69.35503,14.986553,1011.3958,15.75,0,11,0.1,2.1000001,5.199999999999999
2015-11-17,29.729,23.779,26.541498,0.0,96.738266,71.30727,15.463246,1012.0542,18.125,1,11,0.0,0.1,5.949999999999999
2015-11-18,29.129,23.779,26.364416,1.5000001,96.753845,72.9197,13.661038,1013.9749,26.916666,1,11,0.0,0.0,5.350000000000001
2015-11-19,28.879,24.279,26.24983,2.1000001,97.04182,72.429726,8.287822,1013.88763,34.666668,1,11,1.5000001,0.0,4.600000000000001
2015-11-20,27.828999,23.828999,25.493582,4.0,96.16096,77.20625,9.227524,1013.179,65.833336,1,11,2.1000001,1.5000001,4.0
2015-11-21,27.078999,23.678999,24.962334,3.4999995,94.42696,83.16754,13.684735,1013.0876,66.166664,1,11,4.0,2.1000001,3.3999999999999986
2015-11-22,27.029,23.879,24.887331,4.5,97.03305,81.14967,14.039999,1013.3249,67.041664,1,11,3.4999995,4.0,3.1499999999999986
2015-11-23,26.078999,23.328999,24.614418,6.899999,95.85891,84.08104,13.207634,1013.56256,64.5,1,11,4.5,3.4999995,2.75
2015-11-24,26.729,23.279,24.776918,9.900001,94.137085,80.67323,11.720751,1013.45416,74.416664,1,11,6.899999,4.5,3.4499999999999993
2015-11-25,26.178999,23.029,24.701918,10.0,93.82059,84.40388,18.171976,1014.4959,66.958336,1,11,9.900001,6.899999,3.149999000000001
2015-11-26,23.979,22.529,23.451914,23.3,92.41057,85.36643,19.969458,1015.7334,80.625,1,11,10.0,9.900001,1.4499999999999993
2015-11-27,24.629,22.729,23.456078,26.100002,97.00991,85.21258,23.358423,1016.3083,81.333336,1,11,23.3,10.0,1.9000000000000021
2015-11-28,25.828999,23.129,24.256086,15.199999,95.28494,85.59294,12.904882,1017.7459,76.541664,1,11,26.100002,23.3,2.6999989999999983
2015-11-29,26.928999,23.578999,24.981085,7.000001,94.41679,82.09996,15.7908325,1017.26245,59.916668,1,11,15.199999,26.100002,3.3500000000000014
2015-11-30,26.529,23.328999,24.756086,3.1999998,95.857414,76.58872,13.18308,1015.67084,64.791664,1,11,7.000001,15.199999,3.2000010000000003
2015-12-01,27.129,22.779,25.201914,1.4000001,96.7262,75.29563,15.175612,1014.4209,38.958332,0,12,3.1999998,7.000001,4.350000000000001
2015-12-02,27.928999,23.129,25.35192,0.0,95.56897,70.123146,13.1041975,1014.8167,33.875,1,12,1.4000001,3.1999998,4.799999
2015-12-03,27.578999,23.779,25.285254,3.2,94.711426,71.136246,12.287555,1015.4917,40.791668,1,12,0.0,1.4000001,3.7999989999999997
2015-12-04,27.029,22.828999,25.07067,1.4000001,95.2537,74.58709,15.94601,1015.13324,35.291668,1,12,3.2,0.0,4.200001
2015-12-05,26.428999,23.178999,24.520668,3.6000001,94.408646,76.10767,21.068459,1015.64575,51.458332,1,12,1.4000001,3.2,3.25
2015-12-06,23.678999,21.479,22.553999,48.600002,92.88585,89.88566,22.530937,1018.0125,99.458336,1,12,3.6000001,1.4000001,2.199999000000002
2015-12-07,22.629,21.678999,22.189415,17.099998,90.65908,87.1296,19.373219,1018.6916,98.833336,1,12,48.600002,3.6000001,0.9500010000000003
2015-12-08,23.529,22.229,22.899828,37.500004,93.78435,87.20192,20.61766,1016.55426,99.458336,0,12,17.099998,48.600002,1.3000000000000007
2015-12-09,25.029,21.879,23.258165,0.4,93.78665,77.06676,18.218275,1014.41656,60.875,0,12,37.500004,17.099998,3.1499999999999986
2015-12-10,25.529,22.078999,23.908165,0.3,92.380295,76.42746,13.138765,1014.03754,58.458332,1,12,0.4,37.500004,3.4500010000000003
2015-12-11,25.328999,22.979,23.966497,1.5000001,94.971115,82.6248,11.013882,1013.2249,58.5,0,12,0.3,0.4,2.3499990000000004
2015-12-12,27.729,23.178999,24.999832,0.0,96.43066,71.8079,15.042659,1012.2251,27.625,0,12,1.5000001,0.3,4.550000999999998
2015-12-13,27.578999,22.678999,24.731085,0.0,97.5989,74.21652,14.408997,1013.1165,39.541668,0,12,0.0,1.5000001,4.899999999999999
2015-12-14,27.078999,22.979,24.647749,0.6,97.31332,72.80545,10.041354,1013.71674,25.708334,1,12,0.0,0.0,4.099999
2015-12-15,25.078999,22.229,23.456085,15.299998,95.826775,83.19037,23.269482,1015.2791,72.166664,1,12,0.6,0.0,2.8499990000000004
2015-12-16,22.629,19.678999,21.06233,33.399998,90.13346,87.169044,29.59235,1018.65424,99.875,1,12,15.299998,0.6,2.9500010000000003
2015-12-17,20.578999,19.529,20.041498,8.4,87.42133,78.58334,20.966715,1021.07495,98.333336,1,12,33.399998,15.299998,1.0499989999999997
2015-12-18,22.529,19.828999,21.364412,3.1000001,86.16601,72.231125,16.800856,1020.2834,97.625,1,12,8.4,33.399998,2.7000010000000003
2015-12-19,22.479,20.979,21.839415,15.599999,91.48256,81.118195,21.178896,1019.53754,99.708336,1,12,3.1000001,8.4,1.5
2015-12-20,22.529,21.629,22.033165,51.199997,94.91908,88.753006,20.780453,1017.60004,99.541664,1,12,15.599999,3.1000001,0.8999999999999986
2015-12-21,22.328999,21.678999,21.960249,25.0,93.76388,92.07764,13.584932,1016.25433,95.916664,0,12,51.199997,15.599999,0.6499999999999986
2015-12-22,26.678999,22.328999,23.98525,0.70000005,96.414764,77.07925,11.013882,1016.6167,68.458336,0,12,25.0,51.199997,4.350000000000001
2015-12-23,26.879,22.178999,24.03733,0.0,99.09222,76.394135,11.212135,1015.1541,42.541668,0,12,0.70000005,25.0,4.700001
2015-12-24,28.078999,22.029,24.39566,0.0,99.69568,74.76603,13.237039,1014.8208,25.208334,0,12,0.0,0.70000005,6.049999
2015-12-25,26.979,21.678999,23.912333,0.8000001,99.093285,74.125465,11.304229,1017.0916,45.041668,1,12,0.0,0.0,5.300000999999998
2015-12-26,24.979,22.279,23.433167,2.1999998,93.21294,77.774,10.587917,1017.74585,87.458336,1,12,0.8000001,0.0,2.6999999999999993
2015-12-27,25.879,21.779,23.322752,3.2,96.68958,74.86486,11.620809,1019.82904,88.333336,1,12,2.1999998,0.8000001,4.100000000000001
2015-12-28,23.729,21.229,22.283165,12.500001,96.68094,86.17099,13.783817,1021.02075,67.333336,1,12,3.2,2.1999998,2.5
2015-12-29,23.479,21.479,22.34775,10.3,96.69079,84.0417,12.979984,1019.55414,80.416664,1,12,12.500001,3.2,2.0
2015-12-30,23.879,20.428999,21.62066,13.200001,94.00682,83.52489,15.379206,1020.17505,82.666664,1,12,10.3,12.500001,3.4500010000000003
2015-12-31,23.779,20.678999,21.941498,13.399999,94.01784,80.48869,23.584808,1021.9458,52.166668,1,12,13.200001,10.3,3.100000999999999
2016-01-01,23.479,20.828999,22.133165,6.2999997,91.9908,78.48642,20.12461,1021.49164,67.0,1,1,13.399999,13.200001,2.6500009999999996
2016-01-02,22.578999,21.779,22.103996,5.8,94.34477,86.59298,14.587776,1018.99164,98.375,0,1,6.2999997,13.399999,0.7999989999999997
2016-01-03,24.928999,21.678999,22.904,0.5,96.98425,77.512825,10.00256,1017.22925,92.958336,0,1,5.8,6.2999997,3.25
2016-01-04,26.479,21.678999,23.74775,0.0,99.69503,76.5428,9.686609,1015.7458,41.458332,0,1,0.5,5.8,4.800000999999998
2016-01-05,27.078999,21.428999,23.853996,0.1,99.695595,77.139145,9.422101,1014.9668,48.916668,0,1,0.0,0.5,5.649999999999999
2016-01-06,26.779,21.279,23.681082,0.90000004,99.39355,75.01065,8.209263,1016.8623,57.75,1,1,0.1,0.0,5.5
2016-01-07,25.629,21.629,23.308167,5.0,97.87969,78.58015,14.512064,1017.5,81.458336,1,1,0.90000004,0.1,4.0
2016-01-08,25.178999,22.178999,23.401917,2.1,93.20798,81.14274,12.496719,1016.3418,66.166664,1,1,5.0,0.90000004,3.0
2016-01-09,25.229,22.428999,23.53733,3.3000002,94.658875,77.33422,18.388212,1015.20013,70.666664,0,1,2.1,5.0,2.800000999999998
2016-01-10,27.229,22.029,24.03942,0.3,100.0,72.557304,14.332341,1013.06665,72.333336,1,1,3.3000002,2.1,5.199999999999999
2016-01-11,27.379,22.428999,24.447752,4.6,99.69649,80.25267,9.227524,1013.9915,86.458336,1,1,0.3,3.3000002,4.950001
2016-01-12,25.129,22.178999,23.26858,30.9,97.88841,84.48965,16.73516,1014.9375,84.958336,1,1,4.6,0.3,2.9500010000000003
2016-01-13,23.578999,22.229,22.82483,24.800001,97.59084,91.30148,12.324414,1014.55,88.166664,0,1,30.9,4.6,1.3499990000000004
2016-01-14,25.928999,22.479,23.91025,0.70000005,98.197105,81.54236,14.578888,1013.34576,51.583332,0,1,24.800001,30.9,3.449999000000002
2016-01-15,27.529,22.578999,24.676916,0.2,98.20582,75.13123,11.165805,1010.7708,88.125,0,1,0.70000005,24.800001,4.950001
2016-01-16,25.979,23.078999,24.395666,0.5,99.69828,84.319374,10.24578,1010.08344,93.666664,1,1,0.2,0.70000005,2.9000009999999996
2016-01-17,28.229,23.129,25.049833,25.5,98.200455,79.16161,13.281023,1010.51666,93.041664,1,1,0.5,0.2,5.099999999999998
2016-01-18,23.779,22.678999,23.187334,27.099998,97.302376,89.12403,11.435313,1013.19574,99.791664,1,1,25.5,0.5,1.100000999999999
2016-01-19,25.279,22.729,23.708166,15.2,95.26241,87.90139,14.458382,1014.44165,92.833336,0,1,27.099998,25.5,2.5500000000000007
2016-01-20,25.979,22.779,23.960253,0.0,92.96062,78.34729,13.679999,1015.1541,86.375,0,1,15.2,27.099998,3.1999999999999993
2016-01-21,26.479,23.029,24.31025,0.0,97.60695,78.946915,10.182337,1014.075,65.458336,1,1,0.0,15.2,3.4499999999999993
2016-01-22,27.529,23.229,24.96025,2.8,99.097305,77.674126,11.183201,1015.32916,59.833332,1,1,0.0,0.0,4.300000000000001
2016-01-23,23.578999,18.479,20.364412,85.10002,95.27976,86.54574,24.490587,1021.9041,99.416664,1,1,2.8,0.0,5.099999
2016-01-24,18.479,16.078999,17.091501,21.899998,87.64906,81.682045,25.14852,1027.6875,99.916664,1,1,85.10002,2.8,2.4000009999999996
2016-01-25,18.129,16.828999,17.501915,8.900001,87.78231,78.39698,18.11841,1025.3458,99.958336,1,1,21.899998,85.10002,1.3000010000000017
2016-01-26,19.779,18.229,19.0915,4.3999996,87.59996,82.29067,16.418526,1021.60004,100.0,0,1,8.900001,21.899998,1.5500000000000007
2016-01-27,21.629,18.479,20.11233,0.6,94.224495,74.1516,9.726664,1018.19165,94.833336,0,1,4.3999996,8.900001,3.150000000000002
2016-01-28,24.828999,19.729,21.924835,0.0,96.35566,75.31726,8.4963045,1014.9124,55.166668,0,1,0.6,4.3999996,5.099999
2016-01-29,24.979,20.428999,22.881086,0.2,96.35704,78.73613,11.269782,1015.2666,93.833336,1,1,0.0,0.6,4.550000999999998
2016-01-30,25.428999,22.078999,23.339417,1.8000001,96.40679,79.52624,12.0694,1015.25415,85.875,0,1,0.2,0.0,3.3500000000000014
2016-01-31,26.229,22.379,23.89775,1.0,98.19373,78.63688,13.849477,1014.3625,52.5,1,1,1.8000001,0.2,3.849999999999998
2016-02-01,24.129,19.529,21.447752,1.6999999,96.41079,78.18859,25.476198,1017.62085,85.083336,1,2,1.0,1.8000001,4.600000000000001
2016-02-02,20.479,18.629,19.49983,8.099999,87.11404,78.02631,19.33639,1019.8166,100.0,1,2,1.6999999,1.0,1.8499999999999979
2016-02-03,21.129,18.828999,20.397749,7.9999995,94.86242,76.45914,10.931203,1018.54987,99.75,1,2,8.099999,1.6999999,2.3000010000000017
2016-02-04,23.029,20.279,21.181082,14.999999,93.69478,80.686104,14.982228,1017.8289,99.75,1,2,7.9999995,8.099999,2.75
2016-02-05,20.928999,18.629,19.879,16.300001,91.62934,85.44425,24.144167,1018.8,99.708336,1,2,14.999999,7.9999995,2.2999989999999997
2016-02-06,19.379,16.779,18.026915,12.5,87.312874,69.673874,24.387177,1022.6792,97.625,0,2,16.300001,14.999999,2.6000000000000014
2016-02-07,19.428999,17.529,18.293581,0.0,69.493576,57.69222,22.027763,1023.37085,77.708336,1,2,12.5,16.300001,1.899999000000001
2016-02-08,19.029,17.479,18.172749,2.8999999,91.21763,71.21442,15.905319,1020.26245,98.291664,0,2,0.0,12.5,1.5500000000000007
2016-02-09,22.178999,17.928999,19.968584,0.4,95.379295,72.39751,7.628263,1017.3001,82.875,0,2,2.8999999,0.0,4.25
2016-02-10,24.279,18.029,20.883165,0.0,98.13009,70.72364,12.371645,1014.13745,32.041668,0,2,0.4,2.8999999,6.25
2016-02-11,26.779,18.428999,23.058167,0.0,99.08471,71.20922,12.496719,1012.4001,39.458332,0,2,0.0,0.4,8.350000999999999
2016-02-12,28.328999,20.729,23.720665,0.0,100.0,69.34817,12.0694,1011.2417,59.625,0,2,0.0,0.0,7.599999
2016-02-13,29.129,21.078999,24.379,0.0,98.77894,67.628395,11.631956,1011.1167,97.416664,0,2,0.0,0.0,8.050001000000002
2016-02-14,29.479,20.979,25.178999,0.0,99.69978,71.030334,12.0694,1012.8791,67.416664,1,2,0.0,0.0,8.5
2016-02-15,22.879,19.529,21.058165,7.9000006,94.38817,79.025566,24.464113,1019.92914,97.625,1,2,0.0,0.0,3.3500000000000014
2016-02-16,20.928999,19.529,20.276913,6.599999,92.203316,83.50542,14.372974,1021.2126,99.875,1,2,7.9000006,0.0,1.399999000000001
2016-02-17,22.229,19.828999,20.860247,5.5999994,93.400986,81.339584,13.009903,1020.0208,94.125,1,2,6.599999,7.9000006,2.4000009999999996
2016-02-18,23.178999,19.279,21.353998,1.9000001,96.93539,79.46207,9.449572,1018.0374,79.0,0,2,5.5999994,6.599999,3.899999000000001
2016-02-19,25.078999,19.629,22.239416,0.0,98.16437,70.45934,13.009903,1017.72076,89.875,1,2,1.9000001,5.5999994,5.449998999999998
2016-02-20,22.078999,19.379,20.508163,18.500002,94.88518,87.34993,13.979872,1019.97925,97.916664,0,2,0.0,1.9000001,2.6999989999999983
2016-02-21,24.029,19.078999,21.16025,0.2,97.543495,74.098366,10.636766,1017.70844,49.541668,0,2,18.500002,0.0,4.950001
2016-02-22,26.578999,19.879,22.845667,0.0,99.38667,73.57313,14.759999,1016.9207,29.958334,1,2,0.2,18.500002,6.699998999999998
2016-02-23,25.328999,20.729,22.581083,3.1,99.6928,79.02726,14.693999,1018.875,46.708332,1,2,0.0,0.2,4.599999
2016-02-24,22.428999,19.379,20.695665,20.500002,92.2261,86.57883,23.78453,1022.875,96.958336,1,2,3.1,0.0,3.0499989999999997
2016-02-25,20.428999,19.479,19.816498,32.7,93.66449,87.96106,24.269983,1023.72906,99.833336,1,2,20.500002,3.1,0.9499990000000018
2016-02-26,20.029,18.729,19.337332,7.4999995,91.63545,84.65506,20.5484,1023.7207,100.0,1,2,32.7,20.500002,1.3000000000000007
2016-02-27,20.379,18.678999,19.61025,6.7999983,93.352165,84.22989,11.609651,1022.3376,99.458336,1,2,7.4999995,32.7,1.7000010000000003
2016-02-28,21.379,19.379,20.187332,3.8,91.90848,81.74274,13.527572,1022.2625,99.208336,0,2,6.7999983,7.4999995,2.0
2016-02-29,22.279,17.779,19.993582,0.6,92.10233,70.07871,16.1198,1022.3208,82.291664,1,2,3.8,6.7999983,4.5
2016-03-01,21.379,18.928999,20.21858,4.6,96.634766,79.71187,11.503113,1020.19165,88.625,1,3,0.6,3.8,2.4500010000000003
2016-03-02,22.479,19.379,20.945665,4.7999997,97.23496,84.990005,10.144082,1019.6499,88.416664,1,3,4.6,0.6,3.099999999999998
2016-03-03,23.229,18.229,21.004,1.1,96.296486,77.49965,12.783802,1017.6333,53.791668,0,3,4.7999997,4.6,5.0
2016-03-04,24.479,18.979,21.462332,0.0,99.071815,71.88356,13.849476,1014.9959,55.083332,0,3,1.1,4.7999997,5.5
2016-03-05,24.979,19.879,22.083162,0.0,98.767365,74.68507,13.708391,1014.4709,56.0,0,3,0.0,1.1,5.099999999999998
2016-03-06,24.828999,19.379,21.887335,0.0,97.26591,76.09159,12.959999,1014.43335,43.041668,0,3,0.0,0.0,5.449998999999998
2016-03-07,26.428999,20.729,22.974833,0.0,98.1692,75.18357,16.79314,1011.53754,46.875,0,3,0.0,0.0,5.699999000000002
2016-03-08,28.178999,21.379,24.701914,0.0,98.48542,79.16161,16.1198,1009.01654,55.333332,0,3,0.0,0.0,6.799999
2016-03-09,30.828999,23.129,26.601915,0.0,99.40348,75.65217,13.37825,1008.9709,61.625,1,3,0.0,0.0,7.699998999999998
2016-03-10,29.529,21.379,24.601915,3.8,96.75862,79.08998,24.442913,1014.0583,72.708336,1,3,0.0,0.0,8.149999999999999
2016-03-11,22.029,20.979,21.456083,8.500001,94.3177,85.73863,16.904673,1017.6792,100.0,0,3,3.8,0.0,1.0500000000000007
2016-03-12,24.578999,20.629,22.233164,0.5,98.776634,79.89962,7.9526596,1013.4666,56.291668,0,3,8.500001,3.8,3.9499989999999983
2016-03-13,28.328999,21.379,24.822748,0.5,99.3965,77.70336,17.782686,1012.6667,33.5,0,3,0.5,8.500001,6.949998999999998
2016-03-14,23.129,20.879,21.768583,0.1,90.67587,77.741745,18.671474,1015.51245,93.291664,0,3,0.5,0.5,2.25
2016-03-15,24.479,21.129,22.528997,0.0,98.174675,78.87992,9.0645685,1012.55023,70.583336,0,3,0.1,0.5,3.349999999999998
2016-03-16,28.029,21.678999,24.72483,0.0,98.79712,78.66657,13.276144,1010.61255,27.958334,0,3,0.0,0.1,6.350000999999999
2016-03-17,29.729,23.479,26.143583,0.0,97.61402,74.807465,16.981165,1009.9624,22.458334,0,3,0.0,0.0,6.25
2016-03-18,31.629,23.828999,27.208162,0.0,98.51451,69.96407,15.546833,1008.5957,22.458334,0,3,0.0,0.0,7.800001000000002
2016-03-19,30.578999,23.379,26.422752,0.0,98.803825,73.61134,14.578888,1009.5584,57.041668,0,3,0.0,0.0,7.199998999999998
2016-03-20,29.428999,23.279,25.793585,0.0,97.3282,74.31291,17.595861,1009.1917,21.125,0,3,0.0,0.0,6.149999000000001
2016-03-21,30.529,23.328999,26.18525,0.0,96.73343,71.02416,18.03237,1008.1208,6.7083335,0,3,0.0,0.0,7.200001
2016-03-22,29.928999,23.529,26.195665,0.0,97.61402,71.34299,18.709612,1007.81256,9.791667,0,3,0.0,0.0,6.399999000000001
2016-03-23,31.129,24.229,27.083166,0.0,98.2184,70.49928,13.556282,1009.8667,44.708332,1,3,0.0,0.0,6.900000000000002
2016-03-24,26.479,21.529,23.618582,3.6,95.32446,80.36938,23.933908,1015.99994,79.583336,1,3,0.0,0.0,4.949999999999999
2016-03-25,22.229,20.178999,21.120667,18.399996,91.958595,84.9007,19.09358,1021.06665,99.25,1,3,3.6,0.0,2.050000999999998
2016-03-26,22.529,20.379,21.4415,6.6,91.107605,77.65254,16.548256,1020.3625,99.458336,1,3,18.399996,3.6,2.1499999999999986
2016-03-27,22.529,20.529,21.472748,1.6000001,87.23275,75.09793,17.377226,1021.28326,98.625,0,3,6.6,18.399996,2.0
2016-03-28,23.578999,20.729,22.154,0.6,88.372696,71.73958,11.304229,1019.5959,93.416664,0,3,1.6000001,6.6,2.8499990000000004
2016-03-29,24.828999,18.678999,21.908163,0.0,93.32513,69.32278,13.698934,1017.5959,48.583332,0,3,0.6,1.6000001,6.149999999999999
2016-03-30,25.779,19.979,22.47275,0.0,99.38364,70.5429,12.682018,1015.43335,35.666668,0,3,0.0,0.6,5.800000000000001
2016-03-31,26.578999,21.479,23.529,0.0,99.69534,73.84102,13.722565,1013.52515,73.5,0,3,0.0,0.0,5.099999
2016-04-01,27.678999,22.129,24.2415,0.0,98.78808,74.24951,16.45007,1011.8042,51.875,0,4,0.0,0.0,5.549999
2016-04-02,28.578999,22.729,25.262335,0.0,94.97667,71.10073,17.727943,1012.00415,81.0,0,4,0.0,0.0,5.849999
2016-04-03,29.828999,23.879,26.506083,0.6,98.217094,71.539505,15.315873,1011.03754,90.25,0,4,0.0,0.0,5.949998999999998
2016-04-04,31.029,25.078999,27.48525,0.0,96.78233,71.751396,15.315873,1008.8999,92.25,0,4,0.6,0.0,5.950001
2016-04-05,30.828999,24.529,27.258165,0.3,97.63251,72.35951,16.992609,1009.2166,58.916668,0,4,0.0,0.6,6.299999
2016-04-06,30.328999,24.178999,26.814417,0.3,96.456856,73.77266,19.969458,1009.45,18.0,0,4,0.3,0.0,6.149999999999999
2016-04-07,31.629,24.428999,27.426916,0.0,98.512856,68.11534,18.193361,1009.47504,13.0,0,4,0.3,0.3,7.200001
2016-04-08,30.428999,23.779,26.556084,0.1,98.50731,72.290306,17.25373,1010.24585,31.333334,0,4,0.0,0.3,6.649999000000001
2016-04-09,30.479,24.428999,27.031088,0.0,96.17927,68.301865,15.807239,1009.25415,30.625,0,4,0.1,0.0,6.050000999999998
2016-04-10,32.929,25.678999,28.97275,0.0,94.53123,65.39564,14.8257065,1006.33325,19.541666,0,4,0.0,0.1,7.250001000000001
2016-04-11,35.179,25.379,29.1915,0.3,97.355675,49.944412,11.631956,1006.1667,28.083334,0,4,0.0,0.0,9.8
2016-04-12,32.628998,26.578999,29.387335,0.0,94.55094,69.52927,18.947083,1004.5418,31.083334,0,4,0.3,0.0,6.049999000000003
2016-04-13,36.229,25.479,30.537336,0.0,92.32172,44.37202,14.84318,1003.5041,20.5,0,4,0.0,0.3,10.75
2016-04-14,35.779,26.029,30.06025,0.0,96.2182,44.79634,13.779114,1005.93744,25.166666,0,4,0.0,0.0,9.750000000000004
2016-04-15,34.729,26.279,29.672752,0.0,95.38864,48.794136,13.779114,1007.1125,18.583334,0,4,0.0,0.0,8.45
2016-04-16,34.979,26.479,29.6915,0.0,97.377914,48.858578,14.689589,1007.15424,46.708332,0,4,0.0,0.0,8.5
2016-04-17,33.429,27.078999,29.587332,0.0,93.72149,63.39689,16.766108,1007.85004,81.916664,1,4,0.0,0.0,6.3500010000000024
2016-04-18,30.529,25.379,27.229002,1.3,91.69737,74.83157,17.76081,1012.11255,71.25,0,4,0.0,0.0,5.149999999999999
2016-04-19,30.328999,24.428999,26.724836,0.0,95.884705,68.27295,14.264361,1012.76666,68.0,0,4,1.3,0.0,5.899999999999999
2016-04-20,31.129,24.879,27.262335,0.0,95.32446,62.514843,17.388409,1011.0625,63.541668,0,4,0.0,1.3,6.25
2016-04-21,32.079,25.379,27.874834,0.6,96.201584,62.731495,15.542662,1009.6292,30.25,0,4,0.0,0.0,6.699999999999999
2016-04-22,32.628998,25.779,28.65191,0.3,95.926605,61.178802,16.73516,1007.8125,50.75,0,4,0.6,0.0,6.849998000000003
2016-04-23,33.579,25.678999,28.98525,0.0,96.209885,58.699066,13.324863,1006.57086,26.666666,0,4,0.3,0.6,7.900001
2016-04-24,34.529,26.578999,29.697748,0.2,96.23332,51.622322,13.75558,1006.7708,30.833334,0,4,0.0,0.3,7.950001000000004
2016-04-25,33.929,26.879,29.618586,0.4,94.83111,59.12016,13.358861,1008.0542,24.541666,0,4,0.2,0.0,7.050000000000001
2016-04-26,34.279,27.279,30.1415,0.0,94.5666,58.16186,17.399586,1006.91656,22.583334,1,4,0.4,0.2,7.0000000000000036
2016-04-27,34.929,26.979,30.362333,6.8,96.81391,53.61183,10.703569,1006.6291,59.916668,1,4,0.0,0.4,7.950000000000003
2016-04-28,31.578999,25.879,27.985254,1.1,97.08819,72.70337,11.246759,1009.25836,85.708336,1,4,6.8,0.0,5.699998999999998
2016-04-29,30.678999,25.529,27.36025,2.8999999,96.505875,76.303406,10.440001,1010.5876,91.333336,0,4,1.1,6.8,5.149999000000001
2016-04-30,31.029,25.729,27.728998,0.3,96.4982,70.06206,13.708391,1009.071,73.125,0,4,2.8999999,1.1,5.300000000000001
2016-05-01,32.479,26.729,28.94358,0.3,96.80811,66.866,15.192682,1007.6917,38.5,0,5,0.3,2.8999999,5.75
2016-05-02,33.929,27.479,29.868584,1.0,97.97178,60.502644,13.363711,1008.1416,57.625,1,5,0.3,0.3,6.450000000000003
2016-05-03,33.729,27.029,29.726915,1.5,95.67914,63.272655,11.525623,1008.8333,68.041664,0,5,1.0,0.3,6.699999999999999
2016-05-04,32.929,26.879,29.1915,0.8,95.391975,65.57986,15.315873,1008.8125,83.791664,0,5,1.5,1.0,6.050000000000001
2016-05-05,33.378998,26.779,29.660248,0.0,95.1067,64.14339,18.057508,1007.9709,58.916668,0,5,0.8,1.5,6.599998000000003
2016-05-06,33.979,26.979,29.981081,0.0,93.74397,61.476364,17.414474,1007.41254,40.958332,0,5,0.0,0.8,7.0
2016-05-07,33.679,26.678999,29.597754,0.0,90.42407,60.322475,18.455048,1007.94165,11.25,0,5,0.0,0.0,7.000001000000001
2016-05-08,33.829,26.979,29.881086,0.0,94.552864,59.251347,17.873554,1008.65845,30.0,0,5,0.0,0.0,6.850000000000001
2016-05-09,34.479,27.678999,30.449835,0.1,92.65188,56.496273,16.854767,1007.59155,58.083332,1,5,0.0,0.0,6.800000999999998
2016-05-10,34.729,27.779,30.685251,1.6,90.49141,58.55581,10.829958,1007.2458,73.416664,1,5,0.1,0.0,6.949999999999999
2016-05-11,32.229,26.828999,28.593584,2.5,96.81278,69.65156,12.475961,1006.85004,87.208336,1,5,1.6,0.1,5.400001
2016-05-12,34.079,27.379,29.88317,1.3,94.01428,60.411938,16.171976,1005.92914,92.958336,1,5,2.5,1.6,6.699999999999999
2016-05-13,32.929,25.328999,27.718582,6.3,97.06784,66.37252,16.203999,1010.0459,91.916664,0,5,1.3,2.5,7.6000010000000024
2016-05-14,31.229,25.928999,27.976921,0.0,96.79291,66.81735,15.484185,1010.9709,66.458336,0,5,6.3,1.3,5.300000999999998
2016-05-15,31.479,25.428999,27.870665,0.4,95.62856,66.478035,10.594036,1010.4834,92.958336,1,5,0.0,6.3,6.050000999999998
2016-05-16,29.629,24.129,26.270666,2.5,88.80061,75.46454,20.523157,1010.7834,35.916668,0,5,0.4,0.0,5.5
2016-05-17,29.879,25.129,26.743584,0.0,91.40992,64.70298,11.753876,1009.7793,47.708332,0,5,2.5,0.4,4.75
2016-05-18,30.879,26.029,27.995668,0.0,97.079636,70.03445,12.371645,1008.89166,64.083336,1,5,0.0,2.5,4.850000000000001
2016-05-19,33.029,27.078999,29.320663,1.1,93.168175,63.311935,13.039754,1006.12506,84.041664,1,5,0.0,0.0,5.950001000000004
2016-05-20,33.579,27.379,30.201914,2.1999998,92.641426,61.32246,9.107359,1004.5417,98.958336,1,5,1.1,0.0,6.199999999999999
2016-05-21,32.029,26.078999,28.429,17.599998,97.377914,69.41771,9.6932955,1007.0,99.625,1,5,2.1999998,1.1,5.950001000000004
2016-05-22,30.729,25.879,27.724836,6.8999996,97.95007,78.135155,13.1041975,1007.9375,99.291664,1,5,17.599998,2.1999998,4.849999999999998
2016-05-23,30.629,26.229,27.747751,7.4999995,96.22371,76.975815,12.144331,1007.32513,98.5,1,5,6.8999996,17.599998,4.400000000000002
2016-05-24,31.029,26.529,28.3165,2.7,97.955345,74.78559,12.6462,1004.9749,96.833336,1,5,7.4999995,6.8999996,4.5
2016-05-25,31.578999,26.578999,28.195665,29.099998,95.957634,74.88139,8.209263,1004.79584,95.625,1,5,2.7,7.4999995,5.0
2016-05-26,31.029,26.828999,28.668587,2.7,94.28177,74.99927,9.007196,1004.7959,99.791664,1,5,29.099998,2.7,4.200001
2016-05-27,32.378998,27.729,29.283163,4.8999996,93.47492,70.30904,7.5170207,1005.479,99.916664,1,5,2.7,29.099998,4.649998000000004
2016-05-28,31.828999,26.879,28.87692,12.0,97.10831,72.960945,8.714677,1005.82086,96.5,1,5,4.8999996,2.7,4.949998999999998
2016-05-29,32.878998,26.729,29.508165,1.2,96.23744,65.4576,10.1376915,1006.07086,68.833336,0,5,12.0,4.8999996,6.149998000000004
2016-05-30,33.079,26.928999,29.724836,0.0,97.677345,65.53915,11.212135,1007.40405,16.291666,1,5,1.2,12.0,6.150001
2016-05-31,32.829,26.078999,29.008165,1.8,95.09429,68.14393,11.726277,1008.60016,37.125,0,5,0.0,1.2,6.750001000000001
2016-06-01,33.628998,26.729,29.824835,0.2,96.5224,64.195595,13.039754,1007.6458,48.708332,0,6,1.8,0.0,6.899998000000004
2016-06-02,34.128998,27.428999,30.44567,0.0,93.209595,62.79801,10.948973,1006.41675,14.708333,0,6,0.2,1.8,6.699999000000002
2016-06-03,34.628998,28.178999,30.685251,0.70000005,91.321915,60.714043,9.686609,1006.94586,36.291668,1,6,0.0,0.2,6.449999000000002
2016-06-04,33.829,27.029,29.393585,9.2,94.55878,63.48161,11.435313,1007.5251,58.291668,1,6,0.70000005,0.0,6.800000000000001
2016-06-05,33.029,26.629,29.422754,11.3,93.71472,67.894585,10.703569,1007.5166,28.416666,1,6,9.2,0.70000005,6.400000000000002
2016-06-06,32.979,27.078999,29.651917,2.1,94.845985,65.9903,8.209263,1007.71655,78.291664,1,6,11.3,9.2,5.900001
2016-06-07,32.779,27.578999,29.583168,9.0,94.31047,67.90424,8.557102,1007.1917,97.833336,0,6,2.1,11.3,5.200001000000004
2016-06-08,33.029,28.178999,30.187334,0.3,88.95995,64.45216,8.350138,1005.96246,99.416664,0,6,9.0,2.1,4.8500010000000024
2016-06-09,33.279,27.078999,29.8415,0.2,88.069336,60.957333,8.913181,1005.5916,99.958336,0,6,0.3,9.0,6.200001000000004
2016-06-10,34.779,27.529,30.779001,0.3,94.025,58.615604,11.043261,1005.31244,99.958336,0,6,0.2,0.3,7.2500000000000036
2016-06-11,34.779,27.578999,31.062334,0.1,90.74629,59.14916,12.738099,1005.6335,99.958336,0,6,0.3,0.2,7.200001000000004
2016-06-12,35.229,28.729,31.447748,0.4,86.2497,58.8105,10.739832,1005.6084,99.791664,0,6,0.1,0.3,6.5
2016-06-13,34.679,28.629,31.291506,0.0,85.94488,57.222527,9.931042,1005.02924,61.166668,0,6,0.4,0.1,6.050000000000001
2016-06-14,35.628998,28.328999,31.504,0.0,83.326355,55.43492,12.984975,1003.9709,40.916668,1,6,0.0,0.4,7.299999000000003
2016-06-15,35.179,27.828999,30.833162,1.8000001,92.120735,55.776577,13.104198,1004.76666,61.5,1,6,0.0,0.0,7.3500010000000024
2016-06-16,33.579,26.979,29.79983,6.2,92.10954,63.311935,13.891522,1006.1042,90.125,1,6,1.8000001,0.0,6.600000000000001
2016-06-17,31.328999,26.529,28.701914,5.4,90.67734,72.41126,11.200571,1008.04987,60.291668,1,6,6.2,1.8000001,4.799999
2016-06-18,32.079,25.979,28.970665,2.2,91.73289,66.39977,13.1041975,1008.9458,31.666666,0,6,5.4,6.2,6.100000000000001
2016-06-19,32.729,26.828999,29.2665,0.0,91.78281,60.83503,16.946787,1007.95,52.75,0,6,2.2,5.4,5.900001
2016-06-20,32.179,26.578999,28.999832,0.2,89.87598,67.39577,19.161337,1006.4375,97.875,1,6,0.0,2.2,5.6000010000000024
2016-06-21,31.178999,26.578999,28.633163,2.3999999,90.96107,69.67311,16.516901,1006.98334,84.375,1,6,0.2,0.0,4.600000000000001
2016-06-22,31.078999,25.678999,27.833166,6.7999997,93.378174,70.02524,12.261158,1006.9292,80.416664,1,6,2.3999999,0.2,5.399999999999999
2016-06-23,31.428999,26.078999,28.191498,6.2,94.799194,70.13552,10.464797,1006.08746,85.791664,1,6,6.7999997,2.3999999,5.350000000000001
2016-06-24,31.279,26.229,28.149832,8.2,93.40433,69.27747,12.819235,1006.5334,85.916664,1,6,6.2,6.7999997,5.050000000000001
2016-06-25,29.678999,25.879,27.66233,5.8,95.64287,75.6354,13.37825,1007.37085,94.5,1,6,8.2,6.2,3.7999989999999997
2016-06-26,29.078999,25.229,27.003996,33.199997,95.62856,79.03497,14.345898,1005.80835,68.125,1,6,5.8,8.2,3.8499990000000004
2016-06-27,29.129,25.279,26.539412,7.6999993,96.19879,80.63085,10.691453,1004.3875,83.0,1,6,33.199997,5.8,3.8500000000000014
2016-06-28,30.078999,25.828999,27.443579,12.4,95.07289,73.97642,9.931042,1004.8127,92.583336,1,6,7.6999993,33.199997,4.25
2016-06-29,30.479,26.779,28.518583,1.5000001,95.10847,71.006195,12.303366,1006.82086,96.416664,0,6,12.4,7.6999993,3.6999999999999993
2016-06-30,32.779,26.828999,29.503998,0.0,92.10954,63.827164,13.849477,1006.5959,86.25,0,6,1.5000001,12.4,5.950001000000004
2016-07-01,33.229,27.178999,29.820671,1.0,94.57835,60.368362,11.177405,1006.4668,80.75,1,7,0.0,1.5000001,6.050000999999998
2016-07-02,33.029,27.879,29.983168,1.4,91.072174,63.123627,8.4963045,1007.4333,95.916664,0,7,1.0,0.0,5.150000000000002
2016-07-03,33.429,27.629,30.056084,0.0,94.32272,58.664555,11.090103,1006.98755,99.791664,0,7,1.4,1.0,5.800000000000001
2016-07-04,32.929,27.678999,29.754,1.0,89.16957,61.982185,14.241629,1004.6082,99.791664,1,7,0.0,1.4,5.250001000000001
2016-07-05,29.078999,26.479,27.576914,10.400001,92.887535,74.47889,12.074766,1004.54596,99.708336,1,7,1.0,0.0,2.5999990000000004
2016-07-06,31.078999,25.729,28.179003,1.5,95.074646,67.39104,8.14587,1005.09155,64.416664,1,7,10.400001,1.0,5.349999
2016-07-07,30.629,26.078999,27.895662,6.0,93.9558,75.357994,10.883676,1005.56244,65.791664,1,7,1.5,10.400001,4.550001000000002
2016-07-08,31.529,26.279,28.889418,2.2,93.70115,69.94565,10.883676,1004.12915,60.458332,0,7,6.0,1.5,5.25
2016-07-09,33.529,27.428999,30.14567,0.4,87.29875,61.928276,11.090103,1002.3708,57.375,0,7,2.2,6.0,6.1000010000000024
2016-07-10,33.729,27.578999,30.604002,0.4,85.00657,60.831066,11.592894,1001.7,89.083336,1,7,0.4,2.2,6.150001
2016-07-11,34.128998,27.529,30.331085,1.8,84.742836,58.220074,10.383987,1002.65826,77.875,1,7,0.4,0.4,6.599998000000003
2016-07-12,32.929,27.428999,30.026917,2.0,83.22451,62.167656,10.30883,1003.3374,92.0,0,7,1.8,0.4,5.500001000000001
2016-07-13,32.929,27.678999,30.062334,0.3,87.942,63.290634,8.587338,1003.83746,54.458332,0,7,2.0,1.8,5.250001000000001
2016-07-14,33.779,27.029,30.187332,0.0,95.98538,60.46914,13.1041975,1005.4292,37.583332,0,7,0.3,2.0,6.7500000000000036
2016-07-15,34.079,27.328999,30.374838,0.6,92.41142,61.681015,9.885262,1006.5957,6.75,0,7,0.0,0.3,6.750001000000001
2016-07-16,33.679,27.178999,30.406084,0.3,92.13193,61.045933,11.304229,1007.9126,11.25,0,7,0.6,0.0,6.500001000000001
2016-07-17,33.979,27.229,30.543585,0.4,94.84226,58.79092,15.683776,1006.8584,52.041668,0,7,0.3,0.6,6.75
2016-07-18,34.229,27.379,30.537333,0.5,84.93903,59.37645,14.417988,1005.3625,71.958336,0,7,0.4,0.3,6.849999999999998
2016-07-19,33.979,27.479,30.089417,0.6,90.203476,58.394615,13.627795,1006.16656,56.958332,0,7,0.5,0.4,6.5
2016-07-20,34.079,27.629,30.35192,0.2,90.21382,56.37769,16.311613,1007.55,32.125,1,7,0.6,0.5,6.449999999999999
2016-07-21,33.229,26.428999,29.281084,1.5999999,89.600716,58.891098,10.538843,1009.6333,20.333334,0,7,0.2,0.6,6.800000999999998
2016-07-22,32.529,26.629,29.29984,0.0,93.97975,61.5027,18.998314,1009.0999,50.291668,0,7,1.5999999,0.2,5.900000000000002
2016-07-23,32.179,26.578999,29.083166,1.0,88.03603,66.81645,10.990322,1008.69995,45.875,1,7,0.0,1.5999999,5.6000010000000024
2016-07-24,32.779,26.529,29.685251,1.2,90.67734,60.06382,10.948973,1007.9084,54.5,1,7,1.0,0.0,6.2500000000000036
2016-07-25,32.929,26.428999,29.331083,2.2,91.213646,62.683872,14.529915,1007.3833,43.5,1,7,1.2,1.0,6.500001000000001
2016-07-26,33.128998,26.729,29.106085,5.3999996,91.23232,60.730927,14.973577,1005.51245,88.916664,1,7,2.2,1.2,6.399998000000004
2016-07-27,32.679,26.428999,28.876917,3.9,90.13065,59.200603,8.39657,1006.1541,100.0,0,7,5.3999996,2.2,6.250001000000001
2016-07-28,32.429,26.279,28.883163,0.90000004,93.68754,58.046413,14.154915,1006.9292,87.5,0,7,3.9,5.3999996,6.150000000000002
2016-07-29,32.429,26.078999,28.985247,0.70000005,90.9193,61.86196,12.397806,1007.72095,67.333336,1,7,0.90000004,3.9,6.3500010000000024
2016-07-30,32.229,26.479,28.839417,3.8,91.76229,64.99607,12.88981,1007.1167,32.708332,0,7,0.70000005,0.90000004,5.75
2016-07-31,32.979,26.129,29.266504,1.0,92.01626,60.515835,15.034041,1004.95825,58.208332,0,7,3.8,0.70000005,6.849999999999998
2016-08-01,33.429,26.979,29.839417,0.5,91.80614,59.171474,12.287555,1002.0959,99.583336,1,8,1.0,3.8,6.450000000000003
2016-08-02,34.128998,27.629,30.29567,2.6000001,81.764656,57.78079,11.113451,1000.28754,100.0,1,8,0.5,1.0,6.4999980000000015
2016-08-03,33.529,26.729,29.214415,15.0,92.05035,60.10909,11.592894,1002.70416,93.583336,1,8,2.6000001,0.5,6.800000000000004
2016-08-04,31.828999,26.629,28.570663,6.2,92.63617,69.38039,11.525623,1005.4915,81.208336,1,8,15.0,2.6000001,5.199998999999998
2016-08-05,31.529,26.629,28.856081,4.6000004,93.97975,68.436386,12.397806,1006.65424,37.083332,1,8,6.2,15.0,4.899999999999999
2016-08-06,31.929,26.229,28.826918,1.3000001,93.12639,68.551056,12.88981,1005.32916,24.958334,0,8,4.6000004,6.2,5.699999999999999
2016-08-07,33.179,27.229,29.889418,0.3,84.63193,60.030243,10.514218,1004.44995,33.666668,1,8,1.3000001,4.6000004,5.950000000000003
2016-08-08,33.729,27.578999,30.31025,1.6,84.17003,59.26273,9.178235,1004.48334,37.583332,1,8,0.3,1.3000001,6.150001
2016-08-09,34.679,27.379,30.61442,1.2,90.268684,54.804523,10.495713,1003.0041,74.875,1,8,1.6,0.3,7.300000000000001
2016-08-10,34.128998,27.779,30.395668,2.2,86.91168,57.093475,10.182337,1002.38336,91.875,1,8,1.2,1.6,6.349998000000003
2016-08-11,33.829,27.178999,29.781088,3.3,94.84043,59.56116,8.699793,1002.7542,78.041664,1,8,2.2,1.2,6.650001
2016-08-12,33.378998,27.828999,29.833166,11.900001,87.68341,63.38632,10.594036,1002.12085,97.25,0,8,3.3,2.2,5.549999000000003
2016-08-13,34.179,28.328999,30.864416,0.2,81.60621,54.23936,9.107359,999.9458,99.916664,0,8,11.900001,3.3,5.8500010000000024
2016-08-14,33.878998,28.729,30.837336,0.2,81.30803,55.680363,10.948973,999.3,100.0,0,8,0.2,11.900001,5.149998000000004
2016-08-15,34.179,28.428999,30.989418,0.0,78.97973,52.56368,12.88981,999.24164,98.708336,0,8,0.2,0.2,5.750001000000001
2016-08-16,34.279,29.328999,31.366503,0.0,73.24962,52.358284,14.205182,999.39166,99.833336,0,8,0.0,0.2,4.950001000000004
2016-08-17,33.628998,29.928999,31.312334,0.0,70.72168,54.38454,16.485485,997.98334,100.0,0,8,0.0,0.0,3.699999000000002
2016-08-18,32.829,29.979,30.953997,0.1,66.26679,53.23031,19.228851,995.9875,100.0,0,8,0.0,0.0,2.8500000000000014
2016-08-19,34.079,27.129,30.753998,0.0,85.978264,48.774918,17.555307,999.8459,98.083336,0,8,0.1,0.0,6.949999999999999
2016-08-20,35.128998,27.129,30.966501,0.0,90.44771,53.51249,10.009036,1004.0125,54.25,1,8,0.0,0.1,7.9999980000000015
2016-08-21,33.729,27.479,30.012337,8.5,92.103935,60.44676,13.37825,1003.5,79.791664,1,8,0.0,0.0,6.25
2016-08-22,31.878998,25.879,27.974833,36.800003,96.214066,66.1619,13.661038,1003.4626,95.083336,1,8,8.5,0.0,5.999997999999998
2016-08-23,29.729,25.779,27.414413,17.6,95.63969,76.61326,12.074766,1003.6375,93.708336,1,8,36.800003,8.5,3.9499999999999993
2016-08-24,28.828999,25.578999,26.649836,16.7,95.06751,80.46158,14.973576,1003.7583,94.25,1,8,17.6,36.800003,3.25
2016-08-25,30.328999,26.029,27.547752,9.799999,94.23412,75.574234,15.683776,1005.2375,99.333336,1,8,16.7,17.6,4.299999
2016-08-26,31.279,26.529,28.276917,10.600001,93.42329,71.795265,10.195057,1006.4333,96.083336,1,8,9.799999,16.7,4.75
2016-08-27,31.929,26.229,28.331083,26.0,96.52115,72.08689,12.229406,1007.37085,81.958336,1,8,10.600001,9.799999,5.699999999999999
2016-08-28,31.479,26.178999,28.608168,6.5999994,94.53911,67.68115,13.722565,1006.86237,89.333336,1,8,26.0,10.600001,5.300000999999998
2016-08-29,31.529,25.979,28.174835,6.2,96.22787,69.94565,10.182337,1007.22504,89.708336,1,8,6.5999994,26.0,5.550000000000001
2016-08-30,31.328999,26.678999,28.137335,4.5,94.54302,71.379036,8.287822,1007.8833,72.875,0,8,6.2,6.5999994,4.649999999999999
2016-08-31,32.979,27.779,30.401917,0.0,88.89816,64.03866,10.990322,1006.72906,80.791664,0,8,4.5,6.2,5.199999999999999
2016-09-01,33.529,27.428999,30.387335,0.0,81.2505,56.598595,11.480557,1004.21674,98.208336,0,9,0.0,4.5,6.1000010000000024
2016-09-02,34.628998,27.428999,30.40817,0.7,89.66634,55.62111,9.021574,1003.5584,100.0,0,9,0.0,0.0,7.199999000000002
2016-09-03,33.628998,27.428999,29.845667,0.8,92.65976,59.19431,6.9153743,1004.7502,99.875,1,9,0.7,0.0,6.199999000000002
2016-09-04,33.079,26.779,29.093584,8.700001,95.393654,62.34278,10.514218,1005.4749,98.791664,1,9,0.8,0.7,6.300000000000001
2016-09-05,29.828999,26.428999,27.764418,16.900002,96.22922,78.93787,7.386582,1005.97504,99.25,1,9,8.700001,0.8,3.3999999999999986
2016-09-06,31.678999,26.178999,28.168581,19.900002,95.93995,69.76578,13.797912,1006.17505,98.791664,1,9,16.900002,8.700001,5.5
2016-09-07,32.128998,26.078999,28.39775,8.900001,95.08537,67.40557,11.090103,1007.0749,98.208336,1,9,19.900002,16.900002,6.049999000000003
2016-09-08,32.229,26.928999,28.626917,9.500001,92.89515,69.04474,13.202726,1007.97504,98.791664,1,9,8.900001,19.900002,5.300000999999998
2016-09-09,32.779,27.279,29.464415,1.3000001,92.095505,64.0933,10.086427,1007.3833,89.541664,1,9,9.500001,8.900001,5.5000000000000036
2016-09-10,32.779,26.928999,29.366503,2.6,91.51637,63.038094,12.397806,1005.73334,98.708336,1,9,1.3000001,9.500001,5.8500010000000024
2016-09-11,30.379,25.578999,27.451918,20.699999,92.26107,73.09842,12.979984,1006.2834,82.666664,1,9,2.6,1.3000001,4.800001000000002
2016-09-12,27.029,25.479,25.866499,91.8,95.06212,87.472275,26.420174,1003.89996,99.958336,1,9,20.699999,2.6,1.5500000000000007
2016-09-13,29.879,25.828999,27.639414,2.2,95.07289,75.72904,22.322903,1004.7126,91.125,1,9,91.8,20.699999,4.050001000000002
2016-09-14,31.229,26.029,27.964417,3.3,94.797325,68.398026,14.759999,1006.43335,92.958336,1,9,2.2,91.8,5.199999999999999
2016-09-15,31.479,26.279,28.449837,3.8000002,93.42329,72.25718,11.659777,1006.13336,60.291668,0,9,3.3,2.2,5.199999999999999
2016-09-16,31.729,25.529,28.5915,0.0,93.118996,64.65636,15.596767,1005.8667,17.833334,0,9,3.8000002,3.3,6.199999999999999
2016-09-17,31.078999,25.629,28.258165,0.8,94.51734,67.88287,13.363711,1006.73334,57.333332,1,9,0.0,3.8000002,5.449998999999998
2016-09-18,30.279,25.379,27.679,2.4,94.48946,71.369736,14.618837,1007.30426,71.125,1,9,0.8,0.0,4.899999999999999
2016-09-19,29.379,25.178999,27.091497,9.1,93.93178,79.32565,11.177405,1007.40424,54.0,1,9,2.4,0.8,4.200001
2016-09-20,28.529,25.178999,26.389418,20.0,94.48547,82.84324,13.910169,1008.8791,95.75,1,9,9.1,2.4,3.350000999999999
2016-09-21,27.629,25.029,25.89358,13.099999,95.61738,84.97574,11.440978,1009.9084,99.916664,1,9,20.0,9.1,2.6000000000000014
2016-09-22,27.879,24.578999,25.926918,10.700002,96.17785,86.52182,9.9571085,1009.44586,99.791664,1,9,13.099999,20.0,3.3000010000000017
2016-09-23,28.428999,24.879,26.191498,12.099999,95.04593,76.86156,13.75558,1008.01245,93.583336,1,9,10.700002,13.099999,3.5499989999999997
2016-09-24,29.129,25.078999,26.453997,14.699999,95.04772,79.07625,12.313893,1007.53326,94.791664,1,9,12.099999,10.700002,4.050001000000002
2016-09-25,29.078999,25.129,26.731081,8.299999,95.62218,77.86307,12.738099,1008.3459,98.541664,1,9,14.699999,12.099999,3.9499989999999983
2016-09-26,29.078999,24.779,26.981081,1.2,95.60774,82.42823,9.793059,1008.01245,79.125,0,9,8.299999,14.699999,4.299999
2016-09-27,30.678999,24.979,27.499834,0.0,95.35164,71.47636,13.104198,1006.3501,62.833332,1,9,1.2,8.299999,5.699999000000002
2016-09-28,31.878998,26.629,28.837334,1.5000001,93.45621,69.75651,11.609651,1005.0833,84.375,1,9,0.0,1.2,5.249997999999998
2016-09-29,30.328999,25.629,27.426918,1.8000002,92.818344,71.84247,18.875126,1005.72076,98.083336,1,9,1.5000001,0.0,4.699998999999998
2016-09-30,29.178999,25.428999,26.71858,8.7,91.98479,76.073715,13.202726,1006.9541,99.0,1,9,1.8000002,1.5000001,3.75
2016-10-01,27.678999,25.328999,26.501915,1.4000001,89.54186,74.02458,14.982228,1008.59576,95.083336,0,10,8.7,1.8000002,2.3500000000000014
2016-10-02,28.979,25.279,26.864418,0.2,90.321754,69.63475,19.33639,1007.6042,83.541664,1,10,1.4000001,8.7,3.6999999999999993
2016-10-03,29.879,25.129,26.872755,4.6,95.620575,72.14242,12.879752,1007.0918,64.791664,1,10,0.2,1.4000001,4.75
2016-10-04,29.178999,24.879,26.639418,17.4,96.77406,81.58776,10.703569,1007.24585,97.708336,1,10,4.6,0.2,4.299999
2016-10-05,28.379,24.979,26.160248,13.499999,95.32785,80.64374,11.901798,1007.32916,97.625,1,10,17.4,4.6,3.400000000000002
2016-10-06,27.578999,25.078999,25.81025,17.399998,95.61738,86.27835,14.587776,1008.1001,100.0,1,10,13.499999,17.4,2.5
2016-10-07,28.529,24.979,26.216497,5.6,95.33468,80.90402,12.6462,1008.67084,92.416664,0,10,17.399998,13.499999,3.5500000000000007
2016-10-08,29.479,25.078999,26.96025,1.0,93.63034,75.66666,15.226764,1008.825,34.333332,0,10,5.6,17.399998,4.400001
2016-10-09,29.879,24.629,27.337334,0.8,95.02964,70.23406,14.830076,1008.3249,21.416666,1,10,1.0,5.6,5.25
2016-10-10,29.178999,24.879,26.583168,4.2,95.03868,76.98884,16.42247,1008.5583,70.083336,1,10,0.8,1.0,4.299999
2016-10-11,27.078999,24.529,25.39775,32.7,97.048355,84.44231,14.773164,1008.9292,82.708336,1,10,4.2,0.8,2.5499989999999997
2016-10-12,28.328999,24.928999,26.201918,11.3,95.040504,77.79068,17.884428,1008.13324,65.375,1,10,32.7,4.2,3.3999999999999986
2016-10-13,26.678999,25.328999,26.097754,25.800003,92.24718,83.13894,22.322903,1004.58734,99.916664,1,10,11.3,32.7,1.3500000000000014
2016-10-14,29.328999,25.029,26.489416,16.3,95.61738,78.14627,19.453327,1006.61664,99.875,1,10,25.800003,11.3,4.299999
2016-10-15,27.328999,24.779,25.58316,38.5,95.329605,84.21637,13.049689,1008.66254,99.666664,1,10,16.3,25.800003,2.5499989999999997
2016-10-16,26.678999,24.529,25.343582,13.9,95.32785,85.16418,16.80857,1008.96246,86.541664,1,10,38.5,16.3,2.149999000000001
2016-10-17,29.078999,25.078999,26.974836,2.7,91.95602,69.911575,24.514387,1005.18335,100.0,0,10,13.9,38.5,4.0
2016-10-18,29.178999,24.828999,26.781082,0.0,92.21931,63.057602,22.545315,1004.2041,99.583336,0,10,2.7,13.9,4.350000000000001
2016-10-19,30.229,24.529,27.395666,0.0,95.3125,66.82891,9.114471,1005.5083,60.75,0,10,0.0,2.7,5.699999999999999
2016-10-20,30.629,25.178999,27.620668,0.2,95.05312,71.042114,9.107359,1004.6916,100.0,0,10,0.0,0.0,5.450001
2016-10-21,31.479,25.428999,28.068586,0.7,96.50843,68.45553,9.585739,1005.87915,99.375,0,10,0.2,0.0,6.050000999999998
2016-10-22,31.379,25.529,28.326918,0.1,96.77999,68.27063,8.905908,1007.28754,85.625,1,10,0.7,0.2,5.850000000000001
2016-10-23,30.629,24.979,27.349833,4.8,95.33977,71.25453,15.2947035,1007.92914,87.625,1,10,0.1,0.7,5.650000000000002
2016-10-24,29.129,25.428999,26.999832,3.5,93.08678,74.71082,12.181624,1008.6541,71.666664,1,10,4.8,0.1,3.7000010000000003
2016-10-25,28.279,25.029,26.414413,6.5999994,95.34485,79.43352,15.484185,1011.0208,75.5,1,10,3.5,4.8,3.25
2016-10-26,28.578999,25.229,26.374834,3.1000004,96.19601,77.586754,11.874544,1013.3542,72.25,0,10,6.5999994,3.5,3.3499990000000004
2016-10-27,28.979,24.828999,26.822752,0.4,93.91195,70.53032,10.182337,1013.73334,35.166668,1,10,3.1000004,6.5999994,4.150001
2016-10-28,28.078999,23.928999,26.128998,2.0000002,95.86959,74.76603,10.44,1012.87085,69.583336,1,10,0.4,3.1000004,4.149999999999999
2016-10-29,27.279,24.479,25.658165,7.200001,95.88771,82.68619,14.003028,1013.375,65.916664,1,10,2.0000002,0.4,2.8000000000000007
2016-10-30,25.879,24.479,24.978998,20.7,96.46727,88.17166,17.782688,1013.81256,99.541664,1,10,7.200001,2.0000002,1.4000000000000021
2016-10-31,26.178999,24.129,24.97275,30.300001,95.588425,86.66052,24.569832,1013.9417,98.208336,1,10,20.7,7.200001,2.0499989999999997
2016-11-01,25.178999,23.629,24.37483,52.2,96.73584,90.58755,28.712116,1014.35834,94.916664,1,11,30.300001,20.7,1.5499989999999997
2016-11-02,25.578999,23.629,24.366499,44.8,94.429,86.34804,30.096085,1015.26245,76.75,1,11,52.2,30.300001,1.9499989999999983
2016-11-03,25.229,23.578999,24.179,18.400002,91.31709,80.72424,29.949316,1014.70416,71.125,1,11,44.8,52.2,1.6500009999999996
2016-11-04,25.879,23.779,24.71025,1.9000002,91.323326,76.723625,19.406637,1012.3958,81.041664,1,11,18.400002,44.8,2.1000000000000014
2016-11-05,26.828999,24.029,25.262331,3.4999998,95.01877,73.88289,6.9527545,1010.5374,94.25,1,11,1.9000002,18.400002,2.7999989999999997
2016-11-06,26.928999,24.629,25.53108,6.6999993,96.468544,84.17325,13.084402,1011.3542,83.125,1,11,3.4999998,1.9000002,2.2999989999999997
2016-11-07,27.879,24.779,25.793581,11.799999,96.18627,83.26421,11.269782,1012.31665,74.458336,1,11,6.6999993,3.4999998,3.1000000000000014
2016-11-08,27.129,24.428999,25.460249,10.299999,95.884705,83.94273,16.42247,1014.0791,69.625,1,11,11.799999,6.6999993,2.7000010000000003
2016-11-09,27.779,23.178999,25.283165,4.9,94.18801,74.49142,14.05845,1015.55414,55.083332,1,11,10.299999,11.799999,4.600000999999999
2016-11-10,26.328999,23.229,24.29775,20.7,94.4209,78.92598,21.603,1016.0415,84.208336,1,11,4.9,10.299999,3.0999990000000004
2016-11-11,25.328999,23.229,24.029,41.1,97.608696,90.32518,16.62249,1015.2209,93.541664,1,11,20.7,4.9,2.0999990000000004
2016-11-12,27.229,23.928999,25.283167,2.3,96.45426,80.213196,10.086427,1014.825,57.958332,0,11,41.1,20.7,3.300000999999998
2016-11-13,28.428999,23.578999,25.754,0.2,97.9134,72.55361,8.557102,1013.9583,30.625,0,11,2.3,41.1,4.850000000000001
2016-11-14,28.328999,24.328999,25.981081,0.0,95.88166,73.65217,10.483357,1013.5,22.958334,1,11,0.2,2.3,4.0
2016-11-15,27.729,23.578999,25.41025,3.3,95.005974,72.44928,11.090103,1014.1292,40.333332,1,11,0.0,0.2,4.150001
2016-11-16,27.578999,23.879,25.379,5.1,96.15956,71.32663,12.984975,1014.0332,48.75,1,11,3.3,0.0,3.6999989999999983
2016-11-17,26.578999,24.078999,24.804,15.200001,97.04071,82.58625,14.291592,1012.179,82.75,1,11,5.1,3.3,2.5
2016-11-18,27.578999,24.129,25.310247,3.4000006,97.04182,85.001434,9.793058,1010.5999,73.166664,1,11,15.200001,5.1,3.4499989999999983
2016-11-19,28.328999,24.129,25.762331,3.7,97.331184,74.581116,10.086427,1010.3916,53.916668,1,11,3.4000006,15.200001,4.199998999999998
2016-11-20,28.529,24.428999,25.879,5.7000003,96.46337,76.1788,11.384198,1010.0208,96.875,1,11,3.7,3.4000006,4.100000999999999
2016-11-21,27.678999,24.229,25.57067,2.8,96.74903,80.78912,9.449572,1009.07935,81.333336,1,11,5.7000003,3.7,3.449999000000002
2016-11-22,28.178999,24.229,25.949831,5.0,97.62986,81.34435,9.904906,1009.8667,72.375,1,11,2.8,5.7000003,3.949999000000002
2016-11-23,28.428999,24.129,25.92275,7.9000006,95.878624,81.61852,10.041354,1011.4043,74.166664,1,11,5.0,2.8,4.299999
2016-11-24,26.678999,23.629,24.922752,12.300001,96.16379,82.63929,11.753876,1011.675,87.75,1,11,7.9000006,5.0,3.0499989999999997
2016-11-25,25.129,23.678999,24.197748,4.7000003,92.71665,86.30528,12.229406,1011.1999,91.625,1,11,12.300001,7.9000006,1.4500010000000003
2016-11-26,25.428999,21.928999,23.576918,53.7,93.611885,86.33383,28.357855,1012.90826,96.666664,1,11,4.7000003,12.300001,3.5
2016-11-27,22.828999,21.879,22.239412,3.5,90.93246,75.886475,24.633049,1015.2708,92.958336,1,11,53.7,4.7000003,0.9499989999999983
2016-11-28,24.379,21.928999,23.178999,12.8,91.251236,76.7305,18.089775,1016.64996,98.916664,1,11,3.5,53.7,2.4500010000000003
2016-11-29,24.029,22.578999,23.37275,45.9,95.272865,88.57748,26.009842,1016.9958,97.083336,1,11,12.8,3.5,1.4500010000000003
2016-11-30,23.578999,21.879,22.739416,86.49999,93.537224,88.7008,26.368616,1017.77924,99.958336,1,11,45.9,12.8,1.6999989999999983
2016-12-01,22.328999,21.678999,21.91025,20.8,90.35915,82.63005,22.19773,1018.37506,99.958336,1,12,86.49999,45.9,0.6499999999999986
2016-12-02,23.428999,22.129,23.103998,54.099995,95.2694,89.91453,19.93048,1016.98334,95.458336,1,12,20.8,86.49999,1.2999989999999997
2016-12-03,24.979,22.928999,23.704002,21.199999,96.7177,88.401695,18.472595,1016.2166,90.958336,1,12,54.099995,20.8,2.050000999999998
2016-12-04,25.078999,22.879,23.541502,25.699995,96.43066,87.0893,19.134262,1015.375,78.375,1,12,21.199999,54.099995,2.1999989999999983
2016-12-05,24.479,22.928999,23.387331,12.9000025,92.12336,87.56645,19.137648,1015.8543,95.5,1,12,25.699995,21.199999,1.5500009999999982
2016-12-06,23.678999,22.529,22.956085,30.699999,92.09195,84.593376,23.269482,1016.06256,97.041664,1,12,12.9000025,25.699995,1.149999000000001
2016-12-07,22.879,22.078999,22.556082,44.199993,94.07682,89.87482,23.4,1014.72504,98.416664,0,12,30.699999,12.9000025,0.8000010000000017
2016-12-08,24.578999,20.828999,22.610247,0.6,94.89277,74.412704,19.930477,1013.8125,65.208336,0,12,44.199993,30.699999,3.75
2016-12-09,24.529,19.178999,22.387331,1.0,92.18326,69.11078,13.746156,1013.12085,51.0,0,12,0.6,44.199993,5.350000999999999
2016-12-10,24.529,20.629,23.31858,0.3,89.155,67.76186,15.856354,1012.854,87.0,1,12,1.0,0.6,3.8999999999999986
2016-12-11,23.779,22.578999,22.91025,22.499994,98.4939,81.143936,15.273505,1011.23755,99.5,1,12,0.3,1.0,1.2000010000000003
2016-12-12,25.529,23.178999,24.001915,13.4,97.02427,86.60478,12.904882,1010.59174,98.125,1,12,22.499994,0.3,2.350000999999999
2016-12-13,24.928999,23.529,24.053995,32.299995,97.619316,92.224884,16.375053,1010.53326,99.916664,1,12,13.4,22.499994,1.399999000000001
2016-12-14,24.328999,23.279,23.751915,82.29999,97.32129,91.91258,30.070238,1011.92914,99.875,1,12,32.299995,13.4,1.0499989999999997
2016-12-15,23.279,21.479,22.316498,138.70001,93.81608,89.49825,33.425762,1015.45844,100.0,1,12,82.29999,32.299995,1.8000000000000007
2016-12-16,21.678999,20.379,20.797747,31.600002,89.50578,85.324036,28.551426,1019.7417,98.833336,1,12,138.70001,82.29999,1.2999989999999997
2016-12-17,22.629,20.779,22.089415,6.3999996,93.48276,79.88291,20.08916,1017.90826,89.833336,1,12,31.600002,138.70001,1.8500000000000014
2016-12-18,23.729,21.178999,22.529001,9.100001,97.57732,86.700745,16.418526,1016.17505,96.625,1,12,6.3999996,31.600002,2.550000999999998
2016-12-19,24.479,21.979,23.287336,5.499999,97.88917,88.10073,9.021574,1014.29584,72.541664,1,12,9.100001,6.3999996,2.5
2016-12-20,25.828999,22.078999,23.672747,1.9000002,97.29129,81.51744,8.64,1013.4875,43.0,1,12,5.499999,9.100001,3.75
2016-12-21,26.678999,22.328999,24.166502,1.5999999,97.89389,78.252075,10.383987,1014.22504,40.375,1,12,1.9000002,5.499999,4.350000000000001
2016-12-22,25.078999,22.129,23.381083,9.599999,96.42801,84.48428,13.237039,1014.8499,75.208336,1,12,1.5999999,1.9000002,2.9499989999999983
2016-12-23,24.078999,22.529,23.210253,18.899998,94.96558,86.97129,18.626305,1014.4875,83.791664,1,12,9.599999,1.5999999,1.5499989999999997
2016-12-24,24.479,21.578999,23.133163,20.300001,97.883644,89.97546,17.309975,1013.72504,69.375,0,12,18.899998,9.599999,2.9000009999999996
2016-12-25,26.129,20.229,23.39775,0.0,99.38575,76.51214,8.427383,1014.1248,50.125,1,12,20.300001,18.899998,5.900000000000002
2016-12-26,25.879,21.078999,23.274832,4.9000006,98.172646,76.95878,14.182355,1014.81256,78.041664,1,12,0.0,20.300001,4.800001000000002
2016-12-27,23.529,20.129,21.428999,16.9,92.34428,77.57539,25.264202,1016.7791,95.541664,1,12,4.9000006,0.0,3.3999999999999986
2016-12-28,21.578999,20.328999,20.84358,2.1000001,82.64945,71.77699,20.532627,1018.64575,97.958336,1,12,16.9,4.9000006,1.25
2016-12-29,20.729,19.879,20.241499,2.7999997,84.47956,80.62925,20.188908,1019.8125,100.0,1,12,2.1000001,16.9,0.8499999999999979
2016-12-30,21.178999,20.078999,20.806078,22.4,92.85459,80.67555,18.430452,1018.675,100.0,1,12,2.7999997,2.1000001,1.1000000000000014
2016-12-31,22.879,21.129,22.38733,102.1,96.11542,92.29397,18.888851,1017.1167,95.041664,1,12,22.4,2.7999997,1.75
2017-01-01,24.45,23.4,23.895834,4.399999,90.793564,83.10626,20.380579,1016.52515,89.5,1,1,102.1,22.4,1.0500000000000007
2017-01-02,25.8,22.8,24.058332,4.0,92.41174,80.06342,22.608458,1016.32495,67.083336,1,1,4.399999,102.1,3.0
2017-01-03,24.95,22.6,23.5625,3.1000004,89.858215,80.101654,21.479664,1016.0041,68.666664,1,1,4.0,4.399999,2.349999999999998
2017-01-04,24.8,22.1,23.352083,6.6999993,94.36635,78.703705,18.089775,1014.56244,79.666664,1,1,3.1000004,4.0,2.6999999999999993
2017-01-05,24.8,21.55,23.10417,2.5999994,96.683945,79.189316,14.773164,1013.7791,66.041664,1,1,6.6999993,3.1000004,3.25
2017-01-06,24.75,21.15,23.168753,1.6000001,97.872086,79.91595,12.245293,1012.3791,70.375,0,1,2.5999994,6.6999993,3.6000000000000014
2017-01-07,24.8,22.1,23.485415,0.4,97.588524,82.41035,13.797913,1011.0332,58.791668,0,1,1.6000001,2.5999994,2.6999999999999993
2017-01-08,25.3,21.8,23.891665,0.4,95.21761,83.995865,11.304229,1011.5791,45.916668,1,1,0.4,1.6000001,3.5
2017-01-09,24.95,22.65,23.779167,4.2,94.667564,78.725,13.039754,1012.57916,62.916668,1,1,0.4,0.4,2.3000000000000007
2017-01-10,25.35,21.95,23.816666,4.4,95.532,80.73994,14.48972,1012.9417,68.541664,1,1,4.2,0.4,3.400000000000002
2017-01-11,25.45,22.75,23.908335,2.1999998,97.30374,79.772545,16.071491,1011.97095,84.166664,1,1,4.4,4.2,2.6999999999999993
2017-01-12,26.05,21.3,23.939583,1.3000001,95.86715,79.36894,19.201874,1010.92084,73.916664,0,1,2.1999998,4.4,4.75
2017-01-13,24.25,20.85,22.241667,0.0,85.12647,74.324715,29.598919,1012.5374,83.041664,1,1,1.3000001,2.1999998,3.3999999999999986
2017-01-14,23.4,21.7,22.572916,8.499999,88.45697,78.99341,16.58346,1013.96674,99.875,1,1,0.0,1.3000001,1.6999999999999993
2017-01-15,23.6,21.95,22.593752,17.800003,90.6605,83.29294,22.66857,1014.47076,99.083336,1,1,8.499999,0.0,1.6500000000000021
2017-01-16,24.3,21.3,22.972916,3.7999997,98.1777,83.373055,10.086427,1014.77924,81.125,1,1,17.800003,8.499999,3.0
2017-01-17,25.65,20.7,23.147919,1.9000003,99.692986,74.139946,17.643673,1016.69165,70.708336,1,1,3.7999997,17.800003,4.949999999999999
2017-01-18,25.0,19.05,22.339582,1.2,100.0,77.53078,9.511088,1017.8501,33.541668,1,1,1.9000003,3.7999997,5.949999999999999
2017-01-19,24.75,20.6,22.577082,5.2,99.38537,80.381874,15.778518,1017.5332,62.375,1,1,1.2,1.9000003,4.149999999999999
2017-01-20,24.6,22.4,23.335419,4.899999,91.517685,75.58647,20.037485,1018.44995,71.625,1,1,5.2,1.2,2.200000000000003
2017-01-21,23.8,22.15,22.977083,4.3999996,85.77068,75.00373,25.1614,1020.95,82.041664,1,1,4.899999,5.2,1.6500000000000021
2017-01-22,23.8,21.35,22.56875,2.1000004,81.48272,66.95797,26.649727,1021.3833,68.375,1,1,4.3999996,4.899999,2.4499999999999993
2017-01-23,22.95,21.7,22.143751,6.7,87.32042,74.8504,22.771244,1020.4126,96.166664,1,1,2.1000004,4.3999996,1.25
2017-01-24,23.8,21.1,22.15625,30.199999,92.60047,83.315895,19.386593,1019.3791,97.708336,1,1,6.7,2.1000004,2.6999999999999993
2017-01-25,23.95,22.0,22.872917,8.700001,90.37102,83.56126,30.61482,1020.1416,92.958336,1,1,30.199999,6.7,1.9499999999999993
2017-01-26,23.95,18.85,21.908333,3.6999998,96.92549,74.000854,21.599998,1020.0042,52.75,0,1,8.700001,30.199999,5.099999999999998
2017-01-27,23.75,19.35,21.668749,0.4,100.0,58.955753,22.73707,1018.36664,25.833334,0,1,3.6999998,8.700001,4.399999999999999
2017-01-28,23.3,17.1,20.85,0.0,98.121124,64.535095,15.0038395,1015.2917,61.791668,0,1,0.4,3.6999998,6.199999999999999
2017-01-29,24.55,17.5,21.183332,0.2,98.454544,69.47671,14.408997,1014.6333,56.875,0,1,0.0,0.4,7.050000000000001
2017-01-30,23.1,18.8,21.258333,0.8,97.23226,81.91352,16.203999,1015.89594,84.833336,1,1,0.2,0.0,4.300000000000001
2017-01-31,23.65,20.05,22.152082,4.5,91.452934,76.3803,17.654686,1015.81665,89.583336,1,1,0.8,0.2,3.599999999999998
2017-02-01,24.25,21.5,23.037498,5.7999988,91.52687,83.62331,25.862436,1016.9334,99.166664,1,2,4.5,0.8,2.75
2017-02-02,23.85,22.5,23.095835,3.1999998,88.75067,80.79326,25.72174,1016.99567,97.416664,1,2,5.7999988,4.5,1.3500000000000014
2017-02-03,23.55,21.95,22.766668,5.7999997,96.40071,85.101494,21.142147,1014.97906,98.208336,0,2,3.1999998,5.7999988,1.6000000000000014
2017-02-04,24.45,20.1,22.522917,0.5,98.76941,82.10994,13.237039,1012.8252,44.541668,0,2,5.7999997,3.1999998,4.349999999999998
2017-02-05,24.0,17.95,21.475,0.0,96.89873,80.31564,26.042212,1012.8625,78.125,0,2,0.5,5.7999997,6.050000000000001
2017-02-06,24.15,15.5,20.520832,0.0,98.44279,61.265877,15.94601,1012.8542,10.208333,0,2,0.0,0.5,8.649999999999999
2017-02-07,24.7,18.45,21.456251,0.0,98.760056,67.47336,9.085988,1012.47925,17.583334,1,2,0.0,0.0,6.25
2017-02-08,26.45,20.25,22.695833,1.3000002,98.46792,67.28347,17.25373,1013.696,68.416664,1,2,0.0,0.0,6.199999999999999
2017-02-09,22.4,20.35,21.270834,43.0,90.626785,82.064125,32.688713,1016.2251,99.458336,1,2,1.3000002,0.0,2.049999999999997
2017-02-10,22.35,20.15,20.997915,19.199999,89.69294,76.41659,24.967497,1018.6667,99.041664,1,2,43.0,1.3000002,2.200000000000003
2017-02-11,21.45,19.65,20.63125,5.5,83.91083,75.46515,25.1614,1022.18756,73.458336,1,2,19.199999,43.0,1.8000000000000007
2017-02-12,21.85,19.2,20.574999,3.0000005,87.09293,73.02219,20.447239,1022.66675,71.458336,1,2,5.5,19.199999,2.650000000000002
2017-02-13,22.55,18.95,20.8375,2.2,88.50665,70.20597,23.78453,1023.1208,50.291668,1,2,3.0000005,5.5,3.6000000000000014
2017-02-14,22.6,20.45,21.637503,3.0999997,87.00354,77.66313,18.335276,1023.175,81.333336,1,2,2.2,3.0000005,2.150000000000002
2017-02-15,23.15,17.0,20.952084,1.3000001,99.690414,74.18249,16.394829,1021.2417,52.916668,0,2,3.0999997,2.2,6.149999999999999
2017-02-16,23.3,17.1,20.997915,0.2,100.0,74.97913,15.349684,1018.54584,69.083336,0,2,1.3000001,3.0999997,6.199999999999999
2017-02-17,23.6,19.65,21.837503,0.70000005,97.54389,74.4903,16.610792,1018.8333,63.083332,1,2,0.2,1.3000001,3.950000000000003
2017-02-18,23.55,18.5,21.14375,2.4999995,99.68887,75.89017,16.199999,1018.7874,52.416668,0,2,0.70000005,0.2,5.050000000000001
2017-02-19,24.0,19.45,21.612497,0.1,97.54663,74.05986,17.917007,1013.68335,54.625,0,2,2.4999995,0.70000005,4.550000000000001
2017-02-20,25.3,19.5,22.797918,0.0,98.17974,78.95321,19.562946,1011.61664,47.0,0,2,0.1,2.4999995,5.800000000000001
2017-02-21,26.25,21.45,23.97917,0.0,99.09171,85.05359,18.228943,1012.6416,67.75,0,2,0.0,0.1,4.800000000000001
2017-02-22,26.4,22.75,24.364584,0.0,100.0,87.72396,18.792551,1012.0584,50.708332,0,2,0.0,0.0,3.6499999999999986
2017-02-23,26.35,22.85,24.418749,0.4,100.0,85.83431,19.734436,1013.9543,93.25,1,2,0.0,0.0,3.5
2017-02-24,24.3,21.2,22.647919,12.1,94.70647,84.07293,24.962307,1016.57086,99.708336,1,2,0.4,0.0,3.1000000000000014
2017-02-25,22.9,20.65,21.791666,1.9000003,88.98146,80.53737,22.881956,1016.57916,99.5,1,2,12.1,0.4,2.25
2017-02-26,22.1,20.45,20.979168,9.6,90.83823,77.20078,20.073025,1017.8333,99.791664,1,2,1.9000003,12.1,1.6500000000000021
2017-02-27,22.15,20.6,21.610413,9.500001,90.88459,81.46363,17.057314,1018.36255,100.0,1,2,9.6,1.9000003,1.5499999999999972
2017-02-28,23.7,19.95,21.9375,5.6,100.0,77.34416,17.447933,1016.7751,66.583336,1,2,9.500001,9.6,3.75
2017-03-01,23.65,19.55,21.608332,3.5999994,94.54827,75.65388,18.0,1018.0208,52.166668,1,3,5.6,9.500001,4.099999999999998
2017-03-02,22.5,19.65,21.206247,3.5,97.849556,77.64822,18.089775,1016.4375,78.458336,0,3,3.5999994,5.6,2.8500000000000014
2017-03-03,23.7,17.35,21.041666,0.2,100.0,72.43934,15.856356,1012.81256,26.625,0,3,3.5,3.5999994,6.349999999999998
2017-03-04,24.4,18.4,21.297918,0.0,98.13535,73.65842,18.204042,1010.85406,31.958334,0,3,0.2,3.5,6.0
2017-03-05,25.25,19.15,22.099998,0.0,100.0,77.98017,18.681883,1009.7708,39.583332,0,3,0.0,0.2,6.100000000000001
2017-03-06,24.4,20.45,22.518747,0.0,99.69334,81.61343,13.004921,1011.7708,70.708336,1,3,0.0,0.0,3.9499999999999993
2017-03-07,25.55,21.35,23.193748,1.5,97.5975,72.0569,17.106628,1012.64984,43.333332,1,3,0.0,0.0,4.199999999999999
2017-03-08,25.45,21.25,23.38333,1.3000001,100.0,76.18854,16.299694,1013.0251,68.75,0,3,1.5,0.0,4.199999999999999
2017-03-09,25.0,21.45,23.37292,0.70000005,98.78187,82.89262,16.595179,1011.57935,34.375,0,3,1.3000001,1.5,3.5500000000000007
2017-03-10,26.15,21.45,23.743752,0.0,100.0,79.799576,19.995398,1010.1458,28.375,0,3,0.70000005,1.3000001,4.699999999999999
2017-03-11,26.1,22.15,23.889585,0.0,99.09066,83.25008,18.919704,1011.2624,34.958332,0,3,0.0,0.70000005,3.950000000000003
2017-03-12,26.55,22.15,24.112501,0.1,99.39295,78.161575,21.758419,1010.40424,33.416668,0,3,0.0,0.0,4.400000000000002
2017-03-13,26.75,22.85,24.547915,0.0,99.697426,81.848366,21.178896,1009.29987,43.083332,0,3,0.1,0.0,3.8999999999999986
2017-03-14,26.75,23.35,24.9125,0.4,98.500854,85.61986,20.478907,1011.24164,69.583336,0,3,0.0,0.1,3.3999999999999986
2017-03-15,26.25,24.05,24.912498,0.4,97.04118,85.8783,19.813087,1011.9624,71.25,0,3,0.4,0.0,2.1999999999999993
2017-03-16,26.1,23.55,24.88125,0.5,98.50309,84.33773,19.969458,1011.62494,76.666664,0,3,0.4,0.4,2.5500000000000007
2017-03-17,26.35,23.7,24.918753,0.8000001,98.208046,85.85388,22.127556,1012.19165,81.333336,0,3,0.5,0.4,2.650000000000002
2017-03-18,27.15,23.7,25.337503,0.2,98.208046,83.92314,24.20314,1012.70844,60.416668,0,3,0.8000001,0.5,3.4499999999999993
2017-03-19,27.3,23.4,25.3125,0.0,98.799576,83.164215,21.129885,1013.14575,60.791668,0,3,0.2,0.8000001,3.900000000000002
2017-03-20,27.8,23.75,25.383337,0.0,94.719955,78.655495,21.2522,1011.95,64.375,0,3,0.0,0.2,4.050000000000001
2017-03-21,26.9,22.75,24.9,0.2,99.698,76.16529,19.721298,1011.55005,71.916664,0,3,0.0,0.0,4.149999999999999
2017-03-22,27.85,23.7,25.460419,0.0,97.91291,76.55802,23.132626,1009.9915,46.875,0,3,0.2,0.0,4.150000000000002
2017-03-23,28.05,24.15,25.789583,0.0,94.73151,77.69181,21.188072,1011.4416,78.333336,0,3,0.0,0.2,3.900000000000002
2017-03-24,27.15,23.35,25.541664,0.2,98.500854,76.63011,20.172853,1012.06683,45.416668,0,3,0.0,0.0,3.799999999999997
2017-03-25,28.05,24.25,25.79583,0.9000001,96.1686,80.55603,20.037485,1013.42084,64.0,1,3,0.2,0.0,3.8000000000000007
2017-03-26,25.6,21.3,23.314583,9.8,93.04024,77.33734,33.857227,1016.8626,98.5,1,3,0.9000001,0.2,4.300000000000001
2017-03-27,23.0,22.05,22.48958,24.300001,90.653786,82.93133,28.112288,1017.2666,99.333336,0,3,9.8,0.9000001,0.9499999999999993
2017-03-28,25.15,21.5,23.379166,0.0,98.18316,80.701035,18.430452,1014.9499,62.083332,1,3,24.300001,9.8,3.6499999999999986
2017-03-29,26.25,23.2,24.57292,8.1,96.456085,82.31529,14.05845,1014.59174,90.625,0,3,0.0,24.300001,3.0500000000000007
2017-03-30,27.1,22.75,24.997917,0.0,100.0,85.43747,18.440998,1013.64166,83.708336,1,3,8.1,0.0,4.350000000000001
2017-03-31,28.05,22.05,24.879168,2.2,98.50643,82.036804,24.766848,1013.6084,72.541664,0,3,0.0,8.1,6.0
2017-04-01,23.65,21.65,22.495834,0.8,81.919716,73.57314,31.079075,1016.7332,91.416664,1,4,2.2,0.0,2.0
2017-04-02,23.95,22.15,23.204168,9.200002,93.78079,76.16636,19.652176,1017.06256,99.625,1,4,0.8,2.2,1.8000000000000007
2017-04-03,25.35,21.7,23.775002,4.4,97.287674,74.96072,17.208603,1016.0999,85.208336,0,4,9.200002,0.8,3.650000000000002
2017-04-04,25.95,22.15,24.250002,0.3,96.11888,71.04027,14.205182,1014.05005,55.416668,0,4,4.4,9.200002,3.8000000000000007
2017-04-05,26.75,23.55,24.9125,0.5,97.90987,78.507195,17.462784,1011.27094,76.458336,0,4,0.3,4.4,3.1999999999999993
2017-04-06,27.25,24.1,25.35,0.4,97.91836,86.397285,15.141414,1009.93756,79.25,0,4,0.5,0.3,3.1499999999999986
2017-04-07,28.25,23.9,25.641668,0.0,98.80404,82.08497,22.238562,1009.80414,63.791668,0,4,0.4,0.5,4.350000000000001
2017-04-08,28.25,23.85,25.689583,0.0,99.10186,83.94504,23.210928,1009.0291,46.166668,0,4,0.0,0.4,4.399999999999999
2017-04-09,29.2,24.45,26.408333,0.0,99.70171,78.34007,22.127556,1007.0251,53.041668,0,4,0.0,0.0,4.75
2017-04-10,31.4,25.2,27.185417,0.0,99.70303,77.08985,18.775301,1005.3042,38.25,0,4,0.0,0.0,6.199999999999999
2017-04-11,35.05,25.05,28.533339,0.0,100.0,55.960217,21.746504,1006.05005,52.125,1,4,0.0,0.0,9.999999999999996
2017-04-12,28.75,24.5,26.289581,5.4999995,99.70625,86.80462,21.313093,1009.90405,80.625,1,4,0.0,0.0,4.25
2017-04-13,26.45,24.55,25.214584,1.7000002,94.17412,79.15533,21.194187,1013.9167,96.791664,0,4,5.4999995,0.0,1.8999999999999986
2017-04-14,26.9,23.6,25.25833,0.1,98.804474,81.183914,12.475961,1012.0208,68.041664,0,4,1.7000002,5.4999995,3.299999999999997
2017-04-15,28.4,22.75,25.424997,0.0,100.0,80.16596,22.657131,1010.5957,39.083332,0,4,0.1,1.7000002,5.649999999999999
2017-04-16,27.6,23.25,25.447916,0.0,100.0,79.95396,23.042812,1011.0293,44.333332,0,4,0.0,0.1,4.350000000000001
2017-04-17,27.8,23.85,25.729166,0.0,97.62583,77.46508,18.331741,1010.0999,86.583336,0,4,0.0,0.0,3.9499999999999993
2017-04-18,28.55,24.8,26.383331,0.0,100.0,83.52688,16.418526,1008.68317,56.458332,0,4,0.0,0.0,3.75
2017-04-19,30.65,25.6,27.502083,0.0,100.0,79.94086,22.38378,1007.62085,47.166668,0,4,0.0,0.0,5.049999999999997
2017-04-20,33.2,25.75,28.116669,0.0,98.53112,59.216866,14.917212,1007.72095,52.458332,0,4,0.0,0.0,7.450000000000003
2017-04-21,33.0,26.6,28.606253,0.0,98.82899,62.555344,15.4800005,1007.2375,25.5,0,4,0.0,0.0,6.399999999999999
2017-04-22,29.35,24.55,26.21667,0.3,95.14089,77.08114,27.811018,1010.90405,40.083332,0,4,0.0,0.0,4.800000000000001
2017-04-23,27.55,23.7,25.797918,0.0,95.28568,76.74406,15.84409,1011.62494,68.0,0,4,0.3,0.0,3.8500000000000014
2017-04-24,27.9,24.75,26.302084,0.1,98.81331,78.16186,15.379206,1010.29584,54.166668,1,4,0.0,0.3,3.1499999999999986
2017-04-25,29.55,24.4,26.391668,3.4,97.92297,78.142136,14.345898,1009.1165,40.125,0,4,0.1,0.0,5.150000000000002
2017-04-26,30.0,25.15,27.168749,0.0,98.520775,77.764206,12.287555,1008.8542,67.958336,1,4,3.4,0.1,4.850000000000001
2017-04-27,28.95,25.55,26.977087,2.6000001,93.952385,81.18591,20.674158,1011.0042,83.583336,1,4,0.0,3.4,3.3999999999999986
2017-04-28,26.35,24.6,25.352083,40.999996,92.242744,83.26153,20.771093,1012.5374,97.5,1,4,2.6000001,0.0,1.75
2017-04-29,25.95,23.4,24.727083,37.2,96.1446,82.04186,16.870138,1012.74585,85.208336,0,4,40.999996,2.6000001,2.5500000000000007
2017-04-30,28.4,24.4,26.477087,0.0,97.64332,77.33537,20.008356,1010.65826,71.25,0,4,37.2,40.999996,4.0
2017-05-01,29.15,25.55,27.225,0.0,99.70428,82.18674,17.518356,1009.61237,54.75,0,5,0.0,37.2,3.599999999999998
2017-05-02,29.7,26.25,27.722916,0.0,99.120636,85.913216,17.673029,1008.8877,52.458332,0,5,0.0,0.0,3.4499999999999993
2017-05-03,32.35,26.0,28.283339,0.0,98.53222,68.60266,20.929596,1008.30005,22.125,0,5,0.0,0.0,6.350000000000001
2017-05-04,30.0,25.9,27.897913,0.6,98.244804,86.24232,17.81909,1009.4167,60.916668,0,5,0.0,0.0,4.100000000000001
2017-05-05,28.95,25.1,27.135416,0.90000004,96.480736,81.68239,19.09358,1012.425,86.125,0,5,0.6,0.0,3.849999999999998
2017-05-06,28.75,23.75,26.862501,0.90000004,97.32366,81.608765,16.595179,1012.95416,27.625,0,5,0.90000004,0.6,5.0
2017-05-07,29.75,25.05,26.949999,0.9,95.330315,75.428505,20.275383,1011.50836,74.583336,0,5,0.90000004,0.90000004,4.699999999999999
2017-05-08,29.95,25.85,27.618752,0.1,92.592415,77.46773,20.073025,1009.01666,73.041664,1,5,0.9,0.90000004,4.099999999999998
2017-05-09,29.5,25.05,26.952087,9.2,95.9034,78.774445,18.58451,1010.4668,98.833336,1,5,0.1,0.9,4.449999999999999
2017-05-10,29.05,25.65,27.179167,2.1,92.81942,79.06539,15.94601,1011.83325,90.0,0,5,9.2,0.1,3.400000000000002
2017-05-11,28.8,24.95,27.152086,0.5,97.93447,79.26724,16.65754,1011.3416,77.125,1,5,2.1,9.2,3.8500000000000014
2017-05-12,30.05,25.5,27.566668,1.1,96.49103,73.9221,21.188072,1009.6292,86.083336,1,5,0.5,2.1,4.550000000000001
2017-05-13,29.5,25.1,27.293749,1.2,96.480736,78.87167,12.904882,1009.02094,89.666664,1,5,1.1,0.5,4.399999999999999
2017-05-14,29.35,26.1,27.6625,1.5000001,94.81131,77.24438,18.0,1007.89575,94.416664,1,5,1.2,1.1,3.25
2017-05-15,29.9,26.15,27.6875,56.499996,94.23916,76.61645,13.783817,1006.52496,98.5,1,5,1.5000001,1.2,3.75
2017-05-16,28.9,25.5,26.904167,16.5,86.10383,77.40902,19.64558,1007.42505,98.375,0,5,56.499996,1.5000001,3.3999999999999986
2017-05-17,29.15,24.95,27.052086,0.4,96.47687,72.28477,24.336637,1008.22095,90.208336,1,5,16.5,56.499996,4.199999999999999
2017-05-18,28.85,26.0,27.293747,1.3000001,92.56054,75.11572,13.32,1008.73755,83.958336,1,5,0.4,16.5,2.8500000000000014
2017-05-19,28.85,25.5,27.095835,5.7,96.20355,84.51869,8.78872,1007.325,90.041664,1,5,1.3000001,0.4,3.3500000000000014
2017-05-20,29.25,25.55,27.516668,1.4000001,96.49488,82.69272,12.015589,1005.1084,87.916664,0,5,5.7,1.3000001,3.6999999999999993
2017-05-21,30.1,26.25,28.356249,0.0,94.81131,77.35471,13.084402,1004.3875,42.25,0,5,1.4000001,5.7,3.8500000000000014
2017-05-22,31.25,26.75,28.981247,0.0,93.706604,75.27207,12.768586,1004.89575,60.375,0,5,0.0,1.4000001,4.5
2017-05-23,31.45,26.5,28.766665,0.0,96.51659,74.32312,15.629971,1005.17084,44.125,1,5,0.0,0.0,4.949999999999999
2017-05-24,31.85,26.6,28.783333,16.9,95.10388,74.04775,15.03835,1005.87506,57.791668,1,5,0.0,0.0,5.25
2017-05-25,28.4,25.9,27.252083,60.1,92.006,81.34073,20.858265,1007.31665,98.625,1,5,16.9,0.0,2.5
2017-05-26,27.35,25.05,26.202085,10.500001,85.82451,77.31709,27.558228,1007.9167,96.708336,1,5,60.1,16.9,2.3000000000000007
2017-05-27,28.3,25.5,26.606249,3.0,92.82459,73.487236,19.373219,1007.56683,98.25,1,5,10.500001,60.1,2.8000000000000007
2017-05-28,28.7,25.4,26.893753,11.8,91.183624,77.148094,21.746504,1007.51685,90.5,1,5,3.0,10.500001,3.3000000000000007
2017-05-29,27.2,25.7,26.402084,7.6,94.79624,79.76627,14.512064,1007.875,99.833336,0,5,11.8,3.0,1.5
2017-05-30,29.6,25.4,27.35417,0.1,96.48848,74.118774,14.408997,1008.1541,95.666664,1,5,7.6,11.8,4.200000000000003
2017-05-31,30.5,26.45,28.258333,1.2,95.9494,77.93817,12.594856,1006.4834,94.625,0,5,0.1,7.6,4.050000000000001
2017-06-01,34.75,27.3,29.983332,0.0,94.043015,59.142563,15.379206,1004.22504,77.125,0,6,1.2,0.1,7.449999999999999
2017-06-02,35.95,27.8,30.527082,0.0,90.2667,51.83496,19.386593,1004.12085,81.916664,0,6,0.0,1.2,8.150000000000002
2017-06-03,36.9,28.0,31.043755,0.0,85.24189,47.179447,19.966211,1003.3833,23.291666,0,6,0.0,0.0,8.899999999999999
2017-06-04,35.65,27.6,30.94792,0.0,87.23178,50.835995,20.371038,1003.03345,19.125,0,6,0.0,0.0,8.049999999999997
2017-06-05,35.2,27.75,30.595833,0.0,89.18627,52.115547,14.799459,1004.35834,30.625,1,6,0.0,0.0,7.450000000000003
2017-06-06,31.9,27.85,29.585413,2.6,93.20572,70.22171,17.373497,1006.10425,77.75,1,6,0.0,0.0,4.049999999999997
2017-06-07,30.45,26.35,28.174995,4.8,91.22121,71.213646,16.454008,1007.11664,94.875,1,6,2.6,0.0,4.099999999999998
2017-06-08,30.25,25.65,27.429169,6.899999,94.2204,71.614075,12.245293,1006.75415,81.416664,0,6,4.8,2.6,4.600000000000001
2017-06-09,30.25,26.65,28.212502,0.90000004,92.903824,74.004585,11.681987,1006.5042,84.583336,1,6,6.899999,4.8,3.6000000000000014
2017-06-10,31.7,26.5,28.320831,10.7,94.25371,66.92081,11.119281,1006.40826,82.208336,0,6,0.90000004,6.899999,5.199999999999999
2017-06-11,30.8,26.6,28.952082,0.5,91.592476,71.47121,14.77755,1005.91254,91.5,0,6,10.7,0.90000004,4.199999999999999
2017-06-12,31.9,26.8,29.239584,0.6,95.690735,66.10562,9.693296,1005.05005,85.416664,1,6,0.5,10.7,5.099999999999998
2017-06-13,33.2,26.65,29.022919,8.700001,93.14717,54.352783,19.171478,1006.38336,91.833336,1,6,0.6,0.5,6.550000000000004
2017-06-14,32.55,26.4,28.84375,3.0,95.11804,63.747154,12.904882,1007.2375,64.416664,0,6,8.700001,0.6,6.149999999999999
2017-06-15,33.65,26.45,29.483332,0.2,93.1912,58.7154,14.113653,1006.9541,57.083332,0,6,3.0,8.700001,7.199999999999999
2017-06-16,35.25,27.35,30.235415,0.0,93.23962,50.88812,22.881956,1005.39154,83.083336,0,6,0.2,3.0,7.899999999999999
2017-06-17,33.45,27.8,30.468744,0.0,94.61413,56.631893,11.792404,1003.9043,98.375,0,6,0.0,0.2,5.650000000000002
2017-06-18,33.25,26.75,29.479166,0.0,90.42208,59.866737,16.595179,1004.17505,99.916664,0,6,0.0,0.0,6.5
2017-06-19,32.85,26.55,29.466665,0.0,96.25985,60.45333,15.463246,1004.8542,91.708336,0,6,0.0,0.0,6.300000000000001
2017-06-20,33.35,26.65,29.81458,0.0,94.043015,56.567986,16.394829,1004.49994,95.083336,0,6,0.0,0.0,6.700000000000003
2017-06-21,32.65,27.05,29.677078,0.0,93.72242,56.389412,15.856356,1004.72076,83.833336,0,6,0.0,0.0,5.599999999999998
2017-06-22,33.6,26.85,29.639578,0.70000005,96.81091,53.633003,16.199999,1005.33765,57.458332,0,6,0.0,0.0,6.75
2017-06-23,31.3,26.4,28.820833,0.90000004,91.75771,70.28427,15.328561,1004.5667,36.041668,1,6,0.70000005,0.0,4.900000000000002
2017-06-24,30.85,26.3,28.258331,4.1,91.48137,73.800964,15.111424,1004.27924,47.125,0,6,0.90000004,0.70000005,4.550000000000001
2017-06-25,32.6,26.25,28.952085,0.3,91.74885,60.079872,12.984975,1005.2917,25.75,0,6,4.1,0.90000004,6.350000000000001
2017-06-26,31.8,26.75,29.170832,0.1,95.97435,65.69066,16.854767,1006.6292,58.791668,0,6,0.3,4.1,5.050000000000001
2017-06-27,31.75,27.05,29.277082,0.5,93.443115,67.85848,21.767351,1007.3459,53.458332,1,6,0.1,0.3,4.699999999999999
2017-06-28,31.6,26.4,28.666666,1.9000001,91.4844,67.897285,22.38378,1007.67914,78.416664,0,6,0.5,0.1,5.200000000000003
2017-06-29,30.95,26.6,28.710413,0.4,95.119804,68.39246,13.779114,1007.34576,92.958336,1,6,1.9000001,0.5,4.349999999999998
2017-06-30,32.25,26.3,28.754166,3.8000002,93.702095,61.463196,10.948973,1006.24164,81.625,0,6,0.4,1.9000001,5.949999999999999
2017-07-01,33.5,27.35,29.85417,0.1,90.74767,55.421803,15.629972,1005.6208,95.916664,0,7,3.8000002,0.4,6.149999999999999
2017-07-02,35.1,27.05,30.266663,0.0,91.31704,49.485817,17.208603,1005.10834,97.541664,0,7,0.1,3.8000002,8.05
2017-07-03,33.6,27.4,30.272917,0.0,92.088264,52.528893,17.114204,1005.06256,96.791664,0,7,0.0,0.1,6.200000000000003
2017-07-04,33.85,27.2,29.85208,0.0,92.624115,50.67455,19.346441,1006.0334,69.333336,1,7,0.0,0.0,6.650000000000002
2017-07-05,32.6,26.7,28.9375,5.0,89.881,54.47558,16.434305,1007.0999,95.625,0,7,0.0,0.0,5.900000000000002
2017-07-06,30.3,26.85,28.341665,0.3,92.33108,65.05021,17.610588,1006.42487,96.458336,0,7,5.0,0.0,3.4499999999999993
2017-07-07,32.45,27.45,29.752085,0.0,84.75545,57.387684,21.142147,1006.67084,91.083336,0,7,0.3,5.0,5.0000000000000036
2017-07-08,34.45,26.65,29.635416,0.0,93.424286,47.11304,22.476227,1007.73334,88.625,1,7,0.0,0.3,7.800000000000004
2017-07-09,32.9,26.6,29.30625,3.7,93.4219,57.147476,14.587776,1007.64166,69.375,1,7,0.0,0.0,6.299999999999997
2017-07-10,33.65,26.75,29.579163,2.9,91.77818,52.284775,17.462784,1006.22095,66.333336,1,7,3.7,0.0,6.899999999999999
2017-07-11,31.05,25.9,27.793753,10.900002,89.888176,69.16857,17.238699,1007.0208,88.833336,1,7,2.9,3.7,5.150000000000002
2017-07-12,30.2,25.8,27.493753,9.900002,92.27882,71.355644,12.88981,1007.58746,84.0,1,7,10.900002,2.9,4.399999999999999
2017-07-13,29.5,26.05,27.61458,17.300001,94.799995,73.659676,9.826088,1006.19586,98.291664,1,7,9.900002,10.900002,3.4499999999999993
2017-07-14,28.85,26.35,27.506248,7.299999,93.693016,78.80227,9.779817,1004.62915,95.375,1,7,17.300001,9.900002,2.5
2017-07-15,29.35,25.95,27.879171,10.3,90.95602,75.19532,13.779114,1001.9041,99.916664,1,7,7.299999,17.300001,3.400000000000002
2017-07-16,27.1,25.2,26.554169,38.199993,89.77317,79.18989,16.862455,1000.4709,100.0,1,7,10.3,7.299999,1.9000000000000021
2017-07-17,31.9,25.75,27.91667,11.3,96.214645,62.12976,15.778518,1005.18335,96.0,1,7,38.199993,10.3,6.149999999999999
2017-07-18,29.75,25.3,27.339582,10.200001,93.37915,72.80706,13.0447235,1008.02905,98.583336,1,7,11.3,38.199993,4.449999999999999
2017-07-19,30.25,25.2,27.322916,1.3,94.19943,70.3389,12.768586,1006.1792,90.25,1,7,10.200001,11.3,5.050000000000001
2017-07-20,29.75,25.25,27.414581,2.2,95.33709,76.84481,16.215992,1005.82086,86.75,1,7,1.3,10.200001,4.5
2017-07-21,29.9,24.9,27.268751,5.8999996,94.47029,76.63908,12.768586,1007.28754,69.875,0,7,2.2,1.3,5.0
2017-07-22,30.2,25.7,27.887499,1.0,93.117584,74.15983,18.079027,1007.0749,67.041664,1,7,5.8999996,2.2,4.5
2017-07-23,29.8,26.25,27.875002,5.0999994,96.22844,73.709694,22.7057,1004.6418,100.0,1,7,1.0,5.8999996,3.5500000000000007
2017-07-24,28.5,26.1,27.366667,23.1,94.83003,79.1851,6.489992,1001.6667,100.0,1,7,5.0999994,1.0,2.3999999999999986
2017-07-25,26.85,25.9,26.250002,53.999992,95.65304,86.18534,23.42491,1000.3499,100.0,1,7,23.1,5.0999994,0.9500000000000028
2017-07-26,28.45,26.0,27.218748,10.500001,95.94203,75.4736,7.9932966,1002.8665,98.458336,1,7,53.999992,23.1,2.4499999999999993
2017-07-27,29.6,25.55,27.502085,10.3,94.77922,77.66997,17.313717,1003.8499,79.708336,1,7,10.500001,53.999992,4.050000000000001
2017-07-28,29.8,25.85,27.424997,4.1000004,95.66566,73.93037,10.495713,1004.92084,86.291664,1,7,10.3,10.500001,3.9499999999999993
2017-07-29,29.85,25.75,27.893751,1.6000001,97.38598,78.206184,9.0,1003.2,83.5,0,7,4.1000004,10.3,4.100000000000001
2017-07-30,32.05,26.8,29.206247,0.1,91.61622,66.19633,19.443333,1001.54584,65.583336,0,7,1.6000001,4.1000004,5.2499999999999964
2017-07-31,33.8,28.0,30.616667,0.1,84.03755,60.349556,13.1041975,1001.85004,65.875,0,7,0.1,1.6000001,5.799999999999997
2017-08-01,34.7,27.35,30.23958,0.0,87.985374,52.939346,20.037485,1003.2126,39.958332,0,8,0.1,0.1,7.350000000000001
2017-08-02,34.95,27.6,30.487497,0.0,88.840065,51.58479,16.92383,1002.06244,52.833332,0,8,0.0,0.1,7.350000000000001
2017-08-03,34.6,27.95,30.668753,0.0,81.584175,53.55559,18.947083,1000.77075,92.958336,0,8,0.0,0.0,6.650000000000002
2017-08-04,34.05,27.6,30.364586,0.8,90.819084,54.724716,14.8257065,1001.7,97.958336,0,8,0.0,0.0,6.449999999999996
2017-08-05,34.15,26.75,29.747917,0.4,93.15453,53.432495,14.904173,1004.91656,89.583336,1,8,0.8,0.0,7.399999999999999
2017-08-06,32.4,26.65,29.114586,1.9,93.42898,62.612896,14.408997,1006.78754,64.125,0,8,0.4,0.8,5.75
2017-08-07,31.15,26.95,28.983335,0.2,95.119804,69.84799,13.039754,1007.32074,81.208336,0,8,1.9,0.4,4.199999999999999
2017-08-08,32.45,26.75,29.483332,0.0,94.28058,63.324455,17.072504,1006.79584,17.083334,0,8,0.2,1.9,5.700000000000003
2017-08-09,33.85,27.05,30.17708,0.0,92.9618,56.84513,22.545315,1006.21265,36.541668,0,8,0.0,0.2,6.800000000000001
2017-08-10,34.7,27.1,30.304167,0.0,94.87087,54.5541,16.055355,1005.88336,65.458336,0,8,0.0,0.0,7.600000000000001
2017-08-11,33.3,27.95,30.231249,0.0,90.77047,60.74672,14.512064,1006.425,82.375,0,8,0.0,0.0,5.349999999999998
2017-08-12,33.2,27.35,30.254166,0.1,97.107704,64.21302,12.224107,1006.9583,68.041664,1,8,0.0,0.0,5.850000000000001
2017-08-13,32.45,26.3,29.222916,1.6,92.03171,68.273094,19.9954,1007.5415,30.541666,0,8,0.1,0.0,6.150000000000002
2017-08-14,32.3,26.8,29.381248,0.0,88.841415,69.67397,17.518356,1007.07086,55.333332,1,8,1.6,0.1,5.4999999999999964
2017-08-15,32.3,26.6,28.904165,8.1,90.952805,67.72419,14.404499,1006.49585,93.75,1,8,0.0,1.6,5.699999999999996
2017-08-16,30.7,26.5,28.34375,3.5,89.638794,67.12426,12.413476,1006.29584,97.833336,1,8,8.1,0.0,4.199999999999999
2017-08-17,30.1,26.0,27.904165,12.200003,91.18679,72.649254,19.406637,1006.99176,84.5,1,8,3.5,8.1,4.100000000000001
2017-08-18,29.0,25.4,26.760416,8.0,92.26222,77.41638,17.114204,1008.29175,91.791664,1,8,12.200003,3.5,3.6000000000000014
2017-08-19,29.95,25.95,27.847918,2.5,92.006,74.17622,16.311613,1007.6709,95.25,0,8,8.0,12.200003,4.0
2017-08-20,30.25,25.3,28.183332,0.6,95.0539,72.0349,14.830076,1006.3667,23.791666,0,8,2.5,8.0,4.949999999999999
2017-08-21,30.5,25.15,28.085417,0.7,95.33372,71.23149,15.546833,1004.5959,48.541668,0,8,0.6,2.5,5.350000000000001
2017-08-22,31.15,26.65,29.03125,0.0,91.28941,71.02795,14.168641,1002.60004,99.458336,0,8,0.7,0.6,4.5
2017-08-23,32.25,27.15,29.652084,0.0,85.946884,64.868355,15.683776,1001.7876,99.916664,0,8,0.0,0.7,5.100000000000001
2017-08-24,33.85,26.65,29.38542,0.3,92.88351,56.177956,12.245294,1004.3875,99.5,1,8,0.0,0.0,7.200000000000003
2017-08-25,31.55,26.3,28.449997,3.5,91.47835,68.48825,19.130875,1004.99994,95.208336,1,8,0.3,0.0,5.25
2017-08-26,26.65,25.45,26.058334,26.9,97.07044,85.40235,25.582806,1003.69165,99.708336,1,8,3.5,0.3,1.1999999999999993
2017-08-27,28.75,24.95,26.710417,7.0,93.90625,76.14348,12.429127,1004.9666,97.458336,0,8,26.9,3.5,3.8000000000000007
2017-08-28,30.15,26.05,28.0375,0.1,94.25785,73.48956,11.159999,1005.85004,99.916664,1,8,7.0,26.9,4.099999999999998
2017-08-29,29.2,25.85,27.43125,1.8000002,95.36582,74.698074,10.041354,1007.5085,87.291664,1,8,0.1,7.0,3.349999999999998
2017-08-30,30.15,26.15,27.949999,4.9,93.984985,75.01856,11.252519,1008.3709,45.333332,0,8,1.8000002,0.1,4.0
2017-08-31,31.15,25.85,28.191666,0.1,92.55523,70.86109,16.56,1007.9333,46.875,0,8,4.9,1.8000002,5.299999999999997
2017-09-01,31.6,26.75,29.081247,0.0,92.61884,67.85848,9.449572,1006.4084,33.166668,0,9,0.1,4.9,4.850000000000001
2017-09-02,33.5,27.25,29.974998,0.9,95.14793,58.33011,10.009036,1005.23334,83.333336,0,9,0.0,0.1,6.25
2017-09-03,32.55,27.15,29.629168,0.1,92.10232,62.271347,13.237039,1005.925,94.208336,0,9,0.9,0.0,5.399999999999999
2017-09-04,32.25,26.95,29.527084,0.0,94.55174,68.64067,10.594036,1006.31665,53.958332,1,9,0.1,0.9,5.300000000000001
2017-09-05,31.1,26.25,28.558334,1.3,96.510216,72.19157,13.479583,1007.1543,70.208336,0,9,0.0,0.1,4.850000000000001
2017-09-06,31.65,26.45,28.956247,0.0,95.37759,69.34695,10.948973,1007.29584,88.5,1,9,1.3,0.0,5.199999999999999
2017-09-07,31.75,26.2,28.762503,1.2,95.93761,72.139496,10.315115,1008.38336,92.375,0,9,0.0,1.3,5.550000000000001
2017-09-08,32.0,26.9,29.377085,0.0,94.83186,69.206696,12.57426,1008.14594,18.291666,1,9,1.2,0.0,5.100000000000001
2017-09-09,31.75,26.7,29.091667,6.6,95.126854,71.87765,19.228851,1007.49176,34.208332,0,9,0.0,1.2,5.050000000000001
2017-09-10,32.1,27.1,29.435415,0.3,96.53687,65.616585,13.556282,1008.51263,20.208334,0,9,6.6,0.0,5.0
2017-09-11,31.8,25.05,28.733335,0.0,97.94661,69.80169,15.39184,1008.90424,12.5,0,9,0.3,6.6,6.75
2017-09-12,31.65,27.15,29.112501,0.0,94.301094,67.91668,21.791153,1009.41656,37.541668,0,9,0.0,0.3,4.5
2017-09-13,31.05,26.6,28.749998,0.4,87.22542,70.69526,22.768398,1007.10834,99.333336,1,9,0.0,0.0,4.449999999999999
2017-09-14,27.65,25.6,26.449999,99.0,88.548996,73.585144,31.65135,999.12494,100.0,1,9,0.4,0.0,2.049999999999997
2017-09-15,30.35,24.65,27.085417,6.2,95.06825,74.68462,28.820242,1002.5833,99.625,0,9,99.0,0.4,5.700000000000003
2017-09-16,31.6,25.7,28.362505,0.1,95.94499,65.12304,15.141414,1008.8625,88.833336,0,9,6.2,99.0,5.900000000000002
2017-09-17,30.9,25.85,28.035416,0.0,95.64671,74.994675,19.559633,1010.28766,33.375,0,9,0.1,6.2,5.049999999999997
2017-09-18,30.25,25.1,28.085413,0.4,93.07031,75.09818,11.304229,1009.10846,19.541666,0,9,0.0,0.1,5.149999999999999
2017-09-19,31.0,25.5,28.452085,0.6,97.06828,71.47121,14.471821,1008.0459,17.916666,0,9,0.4,0.0,5.5
2017-09-20,30.15,25.25,28.01458,0.4,98.521866,75.074326,14.764389,1007.49585,19.583334,1,9,0.6,0.4,4.899999999999999
2017-09-21,29.8,25.75,27.691664,2.1,92.827156,73.93037,15.03835,1007.30853,36.583332,1,9,0.4,0.6,4.050000000000001
2017-09-22,29.3,25.3,27.1,6.8000007,92.80133,76.70204,14.408997,1008.17084,78.583336,1,9,2.1,0.4,4.0
2017-09-23,29.1,26.25,27.589584,1.3000001,91.49953,77.90217,15.856354,1008.02075,73.375,0,9,6.8000007,2.1,2.8500000000000014
2017-09-24,29.7,26.15,27.737503,0.8,95.37595,75.25081,15.137133,1006.0376,99.875,1,9,1.3000001,6.8000007,3.5500000000000007
2017-09-25,30.45,25.5,27.80208,1.7,93.13731,73.354225,11.885453,1006.75836,54.708332,0,9,0.8,1.3000001,4.949999999999999
2017-09-26,30.45,25.55,27.808332,0.9,95.91832,74.25798,16.263872,1008.6624,48.625,1,9,1.7,0.8,4.899999999999999
2017-09-27,29.65,25.5,27.739584,1.2,94.80375,77.09604,15.03835,1008.82916,47.0,1,9,0.9,1.7,4.149999999999999
2017-09-28,29.35,24.95,27.420832,1.6000001,94.75636,75.71709,16.09969,1008.2834,92.291664,1,9,1.2,0.9,4.400000000000002
2017-09-29,29.7,25.65,27.714586,2.3999999,92.84515,72.965996,13.708391,1009.77496,75.583336,1,9,1.6000001,1.2,4.050000000000001
2017-09-30,29.45,25.05,27.339584,6.2999997,94.47632,76.76231,16.87398,1010.73755,76.875,1,9,2.3999999,1.6000001,4.399999999999999
2017-10-01,29.45,25.4,27.466667,3.0,92.52847,76.98451,15.629971,1008.7541,58.166668,1,10,6.2999997,2.3999999,4.050000000000001
2017-10-02,27.0,25.25,26.229162,11.3,94.21831,84.687546,14.689588,1008.17914,98.166664,1,10,3.0,6.2999997,1.75
2017-10-03,28.0,25.1,26.104166,9.199999,93.07286,78.447426,15.111424,1009.05,94.541664,1,10,11.3,3.0,2.8999999999999986
2017-10-04,29.2,25.35,27.077085,2.8999999,93.3768,72.076126,11.631956,1010.69995,80.166664,1,10,9.199999,11.3,3.849999999999998
2017-10-05,29.05,25.4,27.191668,3.3999999,95.62764,75.325775,15.509274,1010.09576,65.416664,1,10,2.8999999,9.199999,3.650000000000002
2017-10-06,28.3,25.05,26.691668,5.7999997,94.76022,78.72558,18.775301,1009.4541,90.0,1,10,3.3999999,2.8999999,3.25
2017-10-07,29.05,25.25,26.806252,8.4,94.216225,79.21938,15.509274,1009.63354,77.458336,1,10,5.7999997,3.3999999,3.8000000000000007
2017-10-08,28.05,25.7,26.583334,15.400001,92.84774,81.32825,17.782688,1008.7249,84.541664,1,10,8.4,5.7999997,2.3500000000000014
2017-10-09,28.2,25.3,26.595833,14.5,96.198,80.379845,22.915916,1003.73334,99.791664,1,10,15.400001,8.4,2.8999999999999986
2017-10-10,30.0,26.05,27.839582,4.9,92.865654,73.96338,17.727943,1006.14594,95.291664,1,10,14.5,15.400001,3.9499999999999993
2017-10-11,29.1,25.75,27.027082,8.600001,93.94365,80.2577,12.979984,1008.74585,81.375,1,10,4.9,14.5,3.3500000000000014
2017-10-12,28.9,25.55,26.979164,5.6,91.71048,76.909744,19.083395,1008.4417,78.708336,1,10,8.600001,4.9,3.349999999999998
2017-10-13,28.05,24.95,26.493752,3.4999998,95.90035,81.7733,18.416384,1007.2,78.25,0,10,5.6,8.600001,3.1000000000000014
2017-10-14,28.95,24.85,26.718748,0.0,88.24366,70.64743,30.432245,1005.95,99.75,0,10,3.4999998,5.6,4.099999999999998
2017-10-15,28.0,24.8,26.17083,0.5,85.829384,72.302704,28.58545,1005.7874,99.625,0,10,0.0,3.4999998,3.1999999999999993
2017-10-16,27.95,23.7,25.55208,1.0,83.8188,64.35946,28.075384,1008.39996,87.208336,0,10,0.5,0.0,4.25
2017-10-17,27.35,24.05,25.379166,1.0,88.8738,69.16213,22.159746,1010.1707,72.958336,1,10,1.0,0.5,3.3000000000000007
2017-10-18,28.45,24.85,26.022917,11.1,93.0878,72.16248,20.633371,1010.8709,82.916664,1,10,1.0,1.0,3.599999999999998
2017-10-19,27.35,24.35,25.812498,17.800003,93.888596,78.34086,21.986542,1011.2542,59.541668,0,10,11.1,1.0,3.0
2017-10-20,27.4,24.05,25.795835,1.0,92.75187,75.55192,25.764534,1011.76245,41.416668,0,10,17.800003,11.1,3.349999999999998
2017-10-21,28.45,23.7,26.014585,0.4,93.85069,68.95013,22.553936,1011.42084,41.625,1,10,1.0,17.800003,4.75
2017-10-22,28.2,23.6,25.6875,1.4000001,93.84622,68.44436,23.441502,1011.61664,59.333332,1,10,0.4,1.0,4.599999999999998
2017-10-23,27.15,23.85,25.572916,1.5000002,94.44403,74.834305,19.734436,1013.8542,66.458336,1,10,1.4000001,0.4,3.299999999999997
2017-10-24,27.75,25.15,26.204168,9.2,88.959984,69.00776,23.166218,1015.43756,74.5,1,10,1.5000002,1.4000001,2.6000000000000014
2017-10-25,27.75,25.35,26.374998,1.9000003,85.545135,71.811615,19.734436,1015.6375,50.333332,1,10,9.2,1.5000002,2.3999999999999986
2017-10-26,27.6,24.5,25.860415,3.3999994,84.42767,71.99532,21.933426,1014.52924,45.791668,1,10,1.9000003,9.2,3.1000000000000014
2017-10-27,27.6,22.95,25.560417,4.0999994,93.81701,65.26403,22.476227,1013.23755,57.375,1,10,3.3999994,1.9000003,4.650000000000002
2017-10-28,27.65,22.8,25.449999,1.9000001,94.962685,65.870735,17.10284,1014.64185,53.75,1,10,4.0999994,3.3999994,4.849999999999998
2017-10-29,27.45,23.15,25.445831,4.8999996,90.17376,66.472206,24.522314,1016.1541,59.916668,1,10,1.9000001,4.0999994,4.300000000000001
2017-10-30,26.75,23.8,25.197916,15.4,84.379196,67.612335,37.35683,1015.90845,86.208336,1,10,4.8999996,1.9000001,2.9499999999999993
2017-10-31,25.45,23.5,24.660418,69.40001,91.64796,81.72526,35.230373,1014.3625,98.0,1,10,15.4,4.8999996,1.9499999999999993
2017-11-01,26.3,24.1,25.387499,5.2999997,88.68753,77.19023,28.79325,1013.33746,86.541664,1,11,69.40001,15.4,2.1999999999999993
2017-11-02,26.8,23.45,25.047918,1.5,86.67473,68.5731,24.627787,1012.1956,77.583336,1,11,5.2999997,69.40001,3.3500000000000014
2017-11-03,27.25,23.55,24.677088,39.899998,90.81329,58.66421,46.193764,1011.375,99.291664,1,11,1.5,5.2999997,3.6999999999999993
2017-11-04,25.55,24.5,24.941666,47.59999,91.92544,79.78608,48.299065,1011.73315,99.875,1,11,39.899998,1.5,1.0500000000000007
2017-11-05,25.65,24.3,24.972914,38.1,90.28183,80.46092,38.59227,1012.6416,99.791664,1,11,47.59999,39.899998,1.3499999999999979
2017-11-06,24.75,23.8,24.233332,47.80001,92.45001,86.48483,31.012281,1011.27515,99.208336,1,11,38.1,47.59999,0.9499999999999993
2017-11-07,26.25,23.3,24.522919,8.400002,96.14173,81.34781,20.240198,1011.74994,94.625,1,11,47.80001,38.1,2.9499999999999993
2017-11-08,25.75,24.05,25.158333,13.8,93.89521,86.094185,17.555307,1011.9126,83.375,1,11,8.400002,47.80001,1.6999999999999993
2017-11-09,26.75,24.25,25.318748,8.399999,94.45213,83.64916,19.486609,1011.97504,79.916664,1,11,13.8,8.400002,2.5
2017-11-10,26.75,24.4,25.34375,3.9999993,93.326385,84.40726,14.05845,1012.29156,84.583336,1,11,8.399999,13.8,2.3500000000000014
2017-11-11,27.2,22.35,24.977081,2.5999997,96.99926,79.04717,16.171976,1011.42487,40.083332,0,11,3.9999993,8.399999,4.849999999999998
2017-11-12,27.5,21.45,24.679167,0.1,98.1886,75.35474,15.281989,1010.03754,15.666667,0,11,2.5999997,3.9999993,6.050000000000001
2017-11-13,28.95,22.65,25.574997,0.0,97.30875,68.608505,31.1374,1009.35004,15.666667,0,11,0.1,2.5999997,6.300000000000001
2017-11-14,27.45,24.45,25.839584,1.0,97.6346,79.98063,11.252519,1011.1624,57.416668,1,11,0.0,0.1,3.0
2017-11-15,26.55,24.4,25.516668,7.3999987,95.030396,85.13056,14.113653,1012.6167,88.666664,0,11,1.0,0.0,2.150000000000002
2017-11-16,27.45,23.2,25.689589,0.4,100.0,81.2343,14.764389,1011.9167,49.625,0,11,7.3999987,1.0,4.25
2017-11-17,29.65,23.15,25.925003,0.2,99.698555,70.65283,20.883104,1009.38745,74.833336,1,11,0.4,7.3999987,6.5
2017-11-18,27.55,24.1,25.935417,2.1000001,99.103165,84.9367,14.404499,1010.1375,95.958336,1,11,0.2,0.4,3.4499999999999993
2017-11-19,26.15,24.55,25.325003,13.8,94.74496,87.974976,18.947083,1011.7791,99.958336,1,11,2.1000001,0.2,1.5999999999999979
2017-11-20,25.7,24.6,25.112501,31.499998,94.47828,85.580086,23.828083,1012.5291,99.791664,1,11,13.8,2.1000001,1.0999999999999979
2017-11-21,25.95,24.75,25.204168,20.900002,94.46825,87.42597,20.730501,1012.48737,96.666664,1,11,31.499998,13.8,1.1999999999999993
2017-11-22,25.85,24.3,24.793749,33.100002,93.06532,81.889,35.815926,1012.92914,96.5,1,11,20.900002,31.499998,1.5500000000000007
2017-11-23,25.4,23.05,24.0875,11.1,84.819115,77.247475,33.772907,1015.52924,92.333336,1,11,33.100002,20.900002,2.349999999999998
2017-11-24,23.25,22.3,22.837502,16.600002,87.37416,79.7123,32.136932,1017.425,100.0,1,11,11.1,33.100002,0.9499999999999993
2017-11-25,23.4,22.1,22.804167,10.0,89.869095,78.26731,27.666182,1017.4917,94.291664,1,11,16.600002,11.1,1.2999999999999972
2017-11-26,23.35,22.4,22.877083,13.100001,89.032455,81.47543,23.233252,1016.25006,98.333336,1,11,10.0,16.600002,0.9500000000000028
2017-11-27,24.75,22.7,24.164587,6.4,90.73402,80.90972,21.915693,1013.70416,92.541664,1,11,13.100001,10.0,2.0500000000000007
2017-11-28,25.35,23.55,24.55208,7.7999997,93.30945,83.74643,16.831684,1013.44147,96.0,1,11,6.4,13.100001,1.8000000000000007
2017-11-29,26.75,23.95,25.133333,4.2999997,92.466354,82.64758,16.323528,1013.31665,81.458336,1,11,7.7999997,6.4,2.8000000000000007
2017-11-30,26.55,23.8,25.02083,4.5,92.74141,80.63064,18.218275,1013.3748,81.541664,1,11,4.2999997,7.7999997,2.75
2017-12-01,26.4,24.1,25.010414,5.6999993,87.26659,77.974304,32.854805,1014.2376,88.916664,1,12,4.5,4.2999997,2.299999999999997
2017-12-02,24.6,23.85,24.15625,51.0,90.2332,82.39236,34.275703,1014.21246,99.125,1,12,5.6999993,4.5,0.75
2017-12-03,25.8,24.1,24.941666,24.200005,88.8856,80.98682,26.826641,1013.84174,98.583336,1,12,51.0,5.6999993,1.6999999999999993
2017-12-04,24.7,23.45,24.181252,9.9,86.499,77.921684,28.963785,1014.7209,98.583336,1,12,24.200005,51.0,1.25
2017-12-05,24.2,21.85,23.093748,4.6999993,89.80356,78.1264,30.563978,1015.54175,98.166664,1,12,9.9,24.200005,2.349999999999998
2017-12-06,24.25,21.7,23.0625,1.4000001,97.282616,77.659035,12.783802,1014.59155,83.458336,1,12,4.6999993,9.9,2.5500000000000007
2017-12-07,25.9,22.6,23.985418,4.9,92.093155,71.91443,24.26998,1015.2542,95.666664,1,12,1.4000001,4.6999993,3.299999999999997
2017-12-08,24.0,22.0,22.87292,2.3999999,82.69215,69.32041,21.479664,1017.6833,79.666664,1,12,4.9,1.4000001,2.0
2017-12-09,23.95,19.5,22.020834,1.9000001,97.845505,63.262405,26.260265,1016.2251,97.375,0,12,2.3999999,4.9,4.449999999999999
2017-12-10,23.8,20.9,22.845833,0.3,89.54118,68.907234,9.826088,1016.2791,94.208336,1,12,1.9000001,2.3999999,2.900000000000002
2017-12-11,24.35,21.6,22.829165,1.1,94.62623,74.83013,9.9571085,1015.46674,90.833336,1,12,0.3,1.9000001,2.75
2017-12-12,24.65,22.0,23.266665,3.8,95.517136,79.17542,14.77755,1014.3667,76.083336,0,12,1.1,0.3,2.6499999999999986
2017-12-13,25.2,21.0,23.220833,0.3,97.28056,77.806465,12.538134,1013.50836,35.291668,1,12,3.8,1.1,4.199999999999999
2017-12-14,25.2,21.45,23.397919,1.4000001,98.17909,80.72048,12.57426,1014.12506,61.041668,1,12,0.3,3.8,3.75
2017-12-15,24.7,21.75,23.337502,4.2000003,98.181816,79.64348,15.580141,1015.99585,92.541664,1,12,1.4000001,0.3,2.9499999999999993
2017-12-16,23.8,20.25,22.377085,7.499999,90.41932,76.76515,33.864883,1019.50433,94.458336,1,12,4.2000003,1.4000001,3.5500000000000007
2017-12-17,19.6,17.6,18.920832,20.100002,84.11016,67.09121,32.90014,1022.4834,85.0,1,12,7.499999,4.2000003,2.0
2017-12-18,20.65,18.35,19.191668,4.3999996,79.324036,58.59543,35.428463,1022.6667,84.666664,0,12,20.100002,7.499999,2.299999999999997
2017-12-19,19.65,18.3,18.870834,0.0,71.460754,51.804886,37.10795,1023.3,95.208336,1,12,4.3999996,20.100002,1.3499999999999979
2017-12-20,19.45,18.6,19.145834,2.1999998,80.41833,59.07394,34.22841,1023.52905,99.958336,1,12,0.0,4.3999996,0.8499999999999979
2017-12-21,19.95,19.05,19.654167,4.5,85.21726,72.443954,26.700743,1020.0625,100.0,1,12,2.1999998,0.0,0.8999999999999986
2017-12-22,22.05,20.15,21.50208,4.1999993,89.77422,78.24292,23.565569,1015.76263,99.791664,1,12,4.5,2.1999998,1.9000000000000021
2017-12-23,23.7,21.45,22.775,3.6999998,92.91545,82.79279,14.4,1014.4749,95.666664,1,12,4.1999993,4.5,2.25
2017-12-24,24.5,21.35,22.735418,3.3000002,87.31141,73.822815,25.812277,1016.3833,99.166664,1,12,3.6999998,4.1999993,3.1499999999999986
2017-12-25,23.1,21.1,21.983332,6.6,87.81267,66.835335,21.370783,1016.08325,94.875,1,12,3.3000002,3.6999998,2.0
2017-12-26,23.2,20.35,21.356249,26.299997,96.06085,84.82875,24.735432,1015.6458,99.708336,1,12,6.6,3.3000002,2.849999999999998
2017-12-27,24.15,21.8,22.952082,13.499999,92.65145,83.807655,29.644857,1015.55426,98.5,0,12,26.299997,6.6,2.349999999999998
2017-12-28,22.5,20.4,21.747917,0.4,90.318886,81.62799,21.407139,1016.3708,97.166664,1,12,13.499999,26.299997,2.1000000000000014
2017-12-29,23.55,22.05,23.008333,4.7999988,91.25573,84.033005,22.493519,1017.39154,95.083336,1,12,0.4,13.499999,1.5
2017-12-30,24.3,22.0,22.862501,2.3000002,86.84436,74.83392,24.912935,1017.9915,64.5,1,12,4.7999988,0.4,2.3000000000000007
2017-12-31,23.5,21.1,22.25625,4.0,85.39308,73.77806,29.131096,1017.55835,69.25,1,12,2.3000002,4.7999988,2.3999999999999986
2018-01-01,23.45,20.45,22.029167,3.2999997,90.02084,74.23281,23.966375,1015.8418,59.333332,1,1,4.0,2.3000002,3.0
2018-01-02,23.6,21.25,22.583334,3.8999999,94.02976,78.296295,18.1041,1014.62494,95.0,1,1,3.2999997,4.0,2.3500000000000014
2018-01-03,24.05,22.3,23.014585,3.7999997,93.22386,85.864944,15.937878,1013.3208,96.875,1,1,3.8999999,3.2999997,1.75
2018-01-04,24.45,22.25,23.243746,3.3999999,96.114555,83.62331,15.2947035,1012.425,91.291664,0,1,3.7999997,3.8999999,2.1999999999999993
2018-01-05,24.8,21.65,23.1875,0.0,97.58043,83.940834,12.57426,1011.32916,86.375,0,1,3.3999999,3.7999997,3.150000000000002
2018-01-06,25.5,21.75,23.566668,0.0,100.0,86.82304,14.404499,1010.8123,53.791668,0,1,0.0,3.3999999,3.75
2018-01-07,26.1,22.4,24.266668,0.0,99.6971,81.576065,19.809813,1011.10834,70.291664,1,1,0.0,0.0,3.700000000000003
2018-01-08,27.35,20.95,24.158335,1.8000002,99.6971,81.4318,36.367126,1012.9084,64.708336,0,1,0.0,0.0,6.400000000000002
2018-01-09,20.9,19.25,20.058332,0.2,81.25207,75.91478,36.48809,1019.5166,99.916664,1,1,1.8000002,0.0,1.6499999999999986
2018-01-10,21.45,18.4,19.514584,1.1,82.26865,75.554214,23.78453,1020.77075,99.625,1,1,0.2,1.8000002,3.0500000000000007
2018-01-11,20.45,17.8,19.249998,1.7,84.59232,73.72327,18.204042,1021.10834,99.541664,1,1,1.1,0.2,2.6499999999999986
2018-01-12,20.45,18.85,19.768751,13.600001,86.533165,70.483055,24.408424,1020.4998,99.5,1,1,1.7,1.1,1.5999999999999979
2018-01-13,21.7,19.65,20.979166,3.9999995,84.24874,73.88613,23.419376,1018.81256,83.875,1,1,13.600001,1.7,2.0500000000000007
2018-01-14,22.1,19.6,20.989584,4.999999,91.92743,77.832664,18.668005,1017.20416,90.666664,1,1,3.9999995,13.600001,2.5
2018-01-15,23.4,20.4,21.625,3.7,96.6554,71.482185,17.114204,1014.6167,94.666664,0,1,4.999999,3.9999995,3.0
2018-01-16,23.55,20.6,22.089584,0.4,93.72352,75.63786,16.311613,1013.4958,61.833332,0,1,3.7,4.999999,2.9499999999999993
2018-01-17,23.15,17.65,20.922916,0.0,95.72388,74.858604,10.44,1013.94977,21.791666,0,1,0.4,3.7,5.5
2018-01-18,23.1,18.9,20.954166,0.0,93.95443,70.47584,8.913181,1014.6084,57.916668,0,1,0.0,0.4,4.200000000000003
2018-01-19,22.9,20.55,21.806252,0.7,94.023155,81.17229,18.847641,1014.5166,99.583336,1,1,0.0,0.0,2.349999999999998
2018-01-20,23.2,21.2,22.114584,2.7999997,96.092926,85.06516,12.074766,1013.27496,98.958336,1,1,0.7,0.0,2.0
2018-01-21,24.35,20.9,22.539581,1.2000002,98.47309,84.14826,11.440979,1012.42505,59.708332,1,1,2.7999997,0.7,3.450000000000003
2018-01-22,23.8,21.45,22.639582,5.0999994,96.68144,84.85596,13.783817,1012.0791,69.791664,1,1,1.2000002,2.7999997,2.3500000000000014
2018-01-23,24.1,21.8,22.814583,2.6000001,96.98808,83.0657,16.923828,1011.5542,76.958336,1,1,5.0999994,1.2000002,2.3000000000000007
2018-01-24,24.45,21.3,23.029165,1.6000001,97.57409,83.39016,13.556282,1010.79584,77.083336,1,1,2.6000001,5.0999994,3.1499999999999986
2018-01-25,24.45,21.75,23.062502,2.3,99.08725,87.288895,16.645864,1011.02905,73.25,1,1,1.6000001,2.6000001,2.6999999999999993
2018-01-26,24.55,22.45,23.3125,7.8,94.9497,83.14095,16.93531,1012.0208,81.041664,1,1,2.3,1.6000001,2.1000000000000014
2018-01-27,24.3,22.6,23.287498,6.2,97.5975,84.90833,20.532627,1011.5334,93.0,0,1,7.8,2.3,1.6999999999999993
2018-01-28,25.2,22.6,23.654167,0.5,99.093056,84.72811,18.03237,1011.52905,85.458336,1,1,6.2,7.8,2.599999999999998
2018-01-29,23.75,19.6,21.039583,15.400001,92.135925,77.60865,34.025234,1016.17084,97.875,0,1,0.5,6.2,4.149999999999999
2018-01-30,22.55,19.8,20.597916,0.1,82.59775,72.92255,16.548256,1015.75,99.958336,1,1,15.400001,0.5,2.75
2018-01-31,20.2,16.95,18.77917,5.099999,84.93709,78.85104,30.319181,1019.0417,97.541664,0,1,0.1,15.400001,3.25
2018-02-01,19.8,16.45,18.635416,0.6,82.70407,72.16559,22.38378,1018.73334,76.083336,1,2,5.099999,0.1,3.3500000000000014
2018-02-02,20.9,18.5,19.514582,2.3000002,82.243996,75.81239,29.68636,1020.8625,99.541664,0,2,0.6,5.099999,2.3999999999999986
2018-02-03,19.65,17.0,18.241665,0.0,83.86194,66.1181,28.664682,1021.6584,91.833336,1,2,2.3000002,0.6,2.6499999999999986
2018-02-04,19.8,17.05,18.718754,1.4000001,84.79275,69.00551,18.751125,1021.35004,89.958336,1,2,0.0,2.3000002,2.75
2018-02-05,18.9,15.95,17.477085,6.2,85.585655,71.0985,30.312773,1022.72076,91.416664,0,2,1.4000001,0.0,2.9499999999999993
2018-02-06,18.45,15.35,16.68125,0.0,86.45795,66.51744,25.600533,1019.98346,85.208336,0,2,6.2,1.4000001,3.0999999999999996
2018-02-07,20.0,15.4,18.208334,0.0,85.89046,66.407524,22.81957,1018.17505,55.666668,0,2,0.0,6.2,4.6
2018-02-08,20.75,16.5,18.59375,0.0,95.95006,70.75721,23.73271,1015.7835,42.958332,0,2,0.0,0.0,4.25
2018-02-09,22.7,16.8,19.814583,0.0,97.49033,73.179085,17.873554,1013.79584,13.083333,0,2,0.0,0.0,5.899999999999999
2018-02-10,23.95,18.2,20.925,0.0,96.59969,77.2689,16.65754,1015.87933,55.958332,1,2,0.0,0.0,5.75
2018-02-11,22.35,20.1,21.485415,2.1000001,94.86132,80.64526,23.617756,1019.946,65.666664,1,2,0.0,0.0,2.25
2018-02-12,22.05,19.85,20.837498,3.6000001,84.176895,76.6106,23.740902,1022.37494,65.541664,0,2,2.1000001,0.0,2.1999999999999993
2018-02-13,21.95,14.8,19.420832,1.0,97.77051,67.87021,21.868332,1020.26666,58.583332,0,2,3.6000001,2.1000001,7.149999999999999
2018-02-14,23.0,16.45,19.514584,0.0,99.052666,69.35906,18.486622,1016.14996,35.791668,0,2,1.0,3.6000001,6.550000000000001
2018-02-15,23.55,16.95,19.866669,0.0,100.0,78.72691,14.934577,1013.97504,60.458332,0,2,0.0,1.0,6.600000000000001
2018-02-16,24.1,17.85,21.064583,0.0,99.381645,83.67287,14.759999,1013.625,58.0,0,2,0.0,0.0,6.25
2018-02-17,24.15,20.3,22.152082,0.1,95.80265,79.10568,16.946787,1013.6539,83.083336,0,2,0.0,0.0,3.849999999999998
2018-02-18,24.35,21.9,22.841667,0.1,99.6953,88.329575,18.0036,1013.97076,87.541664,0,2,0.1,0.0,2.450000000000003
2018-02-19,24.75,22.05,23.033333,0.2,99.39251,90.25411,17.654688,1013.2708,54.458332,0,2,0.1,0.1,2.6999999999999993
2018-02-20,25.25,21.1,23.085413,0.0,100.0,81.47003,19.134262,1011.675,56.458332,1,2,0.2,0.1,4.149999999999999
2018-02-21,25.45,21.95,23.493752,1.5000001,98.49301,77.13017,18.532133,1011.2249,84.958336,1,2,0.0,0.2,3.5
2018-02-22,24.75,22.25,23.397917,1.5,97.01369,88.391136,15.905319,1013.22906,82.583336,1,2,1.5000001,0.0,2.5
2018-02-23,24.35,19.45,21.820831,1.2,96.02986,81.2744,15.192682,1015.58746,76.583336,0,2,1.5,1.5000001,4.900000000000002
2018-02-24,24.05,21.4,22.324999,0.0,94.91988,81.02374,14.458382,1015.9377,46.125,0,2,1.2,1.5,2.650000000000002
2018-02-25,24.45,20.7,22.679167,0.5,98.47309,82.86335,15.188415,1015.76263,59.333332,1,2,0.0,1.2,3.75
2018-02-26,24.2,21.5,22.620832,4.2,96.683945,83.0599,14.372974,1015.17487,73.458336,0,2,0.5,0.0,2.6999999999999993
2018-02-27,25.05,20.75,22.764582,0.5,99.69307,78.96726,17.339897,1012.8542,38.0,0,2,4.2,0.5,4.300000000000001
2018-02-28,25.6,21.55,23.647913,0.1,98.495804,78.58314,17.114204,1011.6458,49.916668,0,2,0.5,4.2,4.050000000000001
2018-03-01,25.7,22.4,24.095835,0.4,100.0,84.55043,19.09358,1009.9751,42.333332,0,3,0.1,0.5,3.3000000000000007
2018-03-02,26.8,23.15,24.704168,0.0,100.0,83.1528,19.255793,1008.7041,53.958332,0,3,0.4,0.1,3.650000000000002
2018-03-03,27.6,23.15,25.114588,0.0,99.09681,78.8646,21.659916,1008.3291,50.208332,0,3,0.0,0.4,4.450000000000003
2018-03-04,27.5,23.35,25.025,0.0,100.0,81.994484,17.551615,1008.93756,41.041668,0,3,0.0,0.0,4.149999999999999
2018-03-05,27.7,22.95,25.054169,0.0,100.0,76.66817,21.41319,1010.0708,50.583332,0,3,0.0,0.0,4.75
2018-03-06,27.15,22.3,24.889585,0.1,99.69623,77.38389,20.948164,1011.9543,53.333332,0,3,0.0,0.0,4.849999999999998
2018-03-07,26.95,23.4,24.979166,0.5,99.09948,82.17484,20.345573,1012.4001,38.375,1,3,0.1,0.0,3.5500000000000007
2018-03-08,25.95,20.8,22.93125,13.300001,97.626724,79.25619,32.47591,1016.0584,73.25,1,3,0.5,0.1,5.149999999999999
2018-03-09,21.55,20.25,20.747917,6.1,81.67621,72.62257,31.559086,1018.53326,99.958336,1,3,13.300001,0.5,1.3000000000000007
2018-03-10,23.45,20.55,21.783333,1.2,95.76516,65.02268,18.64369,1017.6667,99.291664,0,3,6.1,13.300001,2.8999999999999986
2018-03-11,25.05,21.4,22.975,1.0,92.910255,68.078064,19.06301,1016.9666,85.25,0,3,1.2,6.1,3.650000000000002
2018-03-12,25.15,21.45,23.183336,0.0,96.38461,64.86673,14.799459,1015.45013,67.916664,0,3,1.0,1.2,3.6999999999999993
2018-03-13,25.65,21.55,23.272919,0.0,95.50222,66.9338,19.959719,1013.13324,23.083334,1,3,0.0,1.0,4.099999999999998
2018-03-14,25.65,21.9,23.829168,1.1,95.25442,76.157364,19.45333,1012.05,73.416664,1,3,0.0,0.0,3.75
2018-03-15,24.6,20.75,22.745834,2.3,100.0,85.183945,21.385939,1012.1624,65.958336,0,3,1.1,0.0,3.8500000000000014
2018-03-16,25.4,21.6,23.995832,0.1,98.49806,83.74643,16.954432,1012.4793,41.416668,0,3,2.3,1.1,3.799999999999997
2018-03-17,26.15,23.35,24.445831,0.0,98.500854,84.59811,22.728518,1012.55835,50.75,0,3,0.1,2.3,2.799999999999997
2018-03-18,26.4,22.8,24.393747,0.0,99.09474,81.322716,22.930048,1012.1042,37.875,0,3,0.0,0.1,3.599999999999998
2018-03-19,27.0,23.3,24.910421,0.0,100.0,79.25877,18.792551,1009.3708,48.75,0,3,0.0,0.0,3.6999999999999993
2018-03-20,25.9,21.6,23.4,0.7,99.40178,73.28028,27.666182,1012.45416,92.666664,0,3,0.0,0.0,4.299999999999997
2018-03-21,24.95,21.35,22.662498,0.70000005,84.66522,71.09613,21.611998,1014.47076,96.791664,1,3,0.7,0.0,3.599999999999998
2018-03-22,22.95,20.1,21.783335,1.2,93.73504,76.48674,19.171478,1014.3833,93.833336,0,3,0.70000005,0.7,2.849999999999998
2018-03-23,24.6,20.35,22.483335,0.8,100.0,63.438,14.799459,1015.70404,81.291664,0,3,1.2,0.70000005,4.25
2018-03-24,25.4,21.45,23.529167,0.0,93.769394,69.64825,12.413476,1015.36676,82.5,0,3,0.8,1.2,3.9499999999999993
2018-03-25,25.7,20.65,23.460411,0.1,100.0,69.059204,12.074766,1016.42505,42.416668,1,3,0.0,0.8,5.050000000000001
2018-03-26,25.25,20.0,22.952085,1.4000002,100.0,75.89966,9.19939,1016.0415,26.875,0,3,0.1,0.0,5.25
2018-03-27,25.65,21.45,23.266668,0.9000001,98.1777,71.66578,13.570615,1014.2583,39.25,0,3,1.4000002,0.1,4.199999999999999
2018-03-28,25.5,22.2,23.641668,0.70000005,92.084564,71.63883,19.386591,1012.1916,66.0,0,3,0.9000001,1.4000002,3.3000000000000007
2018-03-29,26.4,22.75,24.370834,0.0,93.848495,71.33259,23.42491,1011.7708,76.375,0,3,0.70000005,0.9000001,3.6499999999999986
2018-03-30,26.25,22.35,24.13125,0.6,100.0,75.8476,15.158522,1013.00836,73.875,0,3,0.0,0.70000005,3.8999999999999986
2018-03-31,26.15,21.05,23.508331,0.5,100.0,72.42115,12.879752,1013.37915,79.125,0,3,0.6,0.0,5.099999999999998
2018-04-01,26.05,21.15,23.539583,0.1,100.0,68.89338,14.986553,1012.9666,72.583336,0,4,0.5,0.6,4.900000000000002
2018-04-02,26.05,19.7,23.22083,0.0,99.38118,71.66578,15.7908325,1012.4126,47.666668,0,4,0.1,0.5,6.350000000000001
2018-04-03,26.55,19.3,23.287498,0.0,97.862495,64.02845,18.03237,1011.60846,1.125,0,4,0.0,0.1,7.25
2018-04-04,26.65,21.85,24.07917,0.0,96.1289,65.67433,18.888851,1010.2708,15.916667,0,4,0.0,0.0,4.799999999999997
2018-04-05,27.1,23.25,25.172915,0.3,96.73632,74.095726,21.841648,1009.325,52.708332,1,4,0.0,0.0,3.8500000000000014
2018-04-06,27.35,22.9,25.047918,3.5,92.20369,78.118774,28.673721,1013.4834,66.958336,1,4,0.3,0.0,4.450000000000003
2018-04-07,23.4,21.5,22.616667,18.200003,84.88706,74.348625,37.06427,1018.7334,99.583336,1,4,3.5,0.3,1.8999999999999986
2018-04-08,23.85,20.65,22.714584,2.8,95.7683,69.551346,23.584808,1017.7,86.666664,0,4,18.200003,3.5,3.200000000000003
2018-04-09,25.3,21.55,23.468748,0.3,94.3332,69.41293,15.517629,1014.2209,62.791668,0,4,2.8,18.200003,3.75
2018-04-10,27.45,22.6,24.789581,0.0,97.905174,69.39353,22.007162,1011.6543,28.458334,0,4,0.3,2.8,4.849999999999998
2018-04-11,27.95,23.3,25.387499,0.0,100.0,79.34102,21.829777,1009.30005,33.333332,0,4,0.0,0.3,4.649999999999999
2018-04-12,28.75,24.05,26.0375,0.0,99.700195,81.3781,19.809813,1008.34155,26.083334,0,4,0.0,0.0,4.699999999999999
2018-04-13,29.05,24.35,26.270838,0.0,100.0,77.62633,21.53089,1008.92505,51.208332,0,4,0.0,0.0,4.699999999999999
2018-04-14,29.4,23.85,26.366667,0.0,100.0,76.0461,21.659916,1008.20416,50.583332,0,4,0.0,0.0,5.549999999999997
2018-04-15,27.85,24.3,25.702082,0.6,98.22069,82.972145,18.36353,1011.7708,74.708336,0,4,0.0,0.0,3.5500000000000007
2018-04-16,27.05,23.95,25.195833,0.8000001,92.1699,80.22914,21.96,1013.4458,61.25,0,4,0.6,0.0,3.1000000000000014
2018-04-17,26.55,23.15,24.5,0.3,90.45021,75.203,26.67889,1014.47906,68.291664,0,4,0.8000001,0.6,3.400000000000002
2018-04-18,26.9,22.4,24.431252,0.0,97.000374,74.12065,25.567604,1012.49994,54.875,0,4,0.3,0.8000001,4.5
2018-04-19,26.85,23.7,25.335419,0.3,97.91217,80.637115,13.849476,1010.94586,37.666668,0,4,0.0,0.3,3.150000000000002
2018-04-20,28.5,24.25,26.077082,0.0,95.90185,72.389915,22.545315,1010.13763,17.666666,0,4,0.3,0.0,4.25
2018-04-21,29.05,24.05,26.362501,0.0,96.45351,70.99596,22.206486,1009.3293,31.541666,0,4,0.0,0.3,5.0
2018-04-22,29.3,24.5,26.56875,0.0,99.40308,67.86752,22.73707,1007.86255,16.25,0,4,0.0,0.0,4.800000000000001
2018-04-23,30.15,25.3,27.443754,0.0,100.0,72.649254,21.194187,1006.46674,24.625,0,4,0.0,0.0,4.849999999999998
2018-04-24,30.3,25.7,27.8375,0.0,97.65458,75.4914,20.721119,1007.37067,25.0,1,4,0.0,0.0,4.600000000000001
2018-04-25,28.3,25.5,26.764582,1.0000001,97.06828,77.509224,20.730501,1009.3918,75.958336,0,4,0.0,0.0,2.8000000000000007
2018-04-26,29.3,25.55,26.918753,0.5,93.93708,76.77734,17.551615,1010.93756,91.208336,1,4,1.0000001,0.0,3.75
2018-04-27,28.5,24.95,26.608332,1.9,95.04668,77.118385,13.1041975,1012.94586,80.666664,1,4,0.5,1.0000001,3.5500000000000007
2018-04-28,28.3,25.4,26.752085,1.5000001,93.097755,76.39623,13.276144,1011.96246,50.375,0,4,1.9,0.5,2.900000000000002
2018-04-29,28.85,25.35,26.827085,0.70000005,93.0828,76.93223,13.441071,1010.48334,80.708336,1,4,1.5000001,1.9,3.5
2018-04-30,29.25,25.35,27.083334,3.9,94.49231,75.40484,16.563911,1010.82916,94.208336,0,4,0.70000005,1.5000001,3.8999999999999986
2018-05-01,29.7,25.5,27.454168,0.0,98.524605,74.754555,15.137133,1010.8582,77.333336,0,5,3.9,0.70000005,4.199999999999999
2018-05-02,30.15,25.0,27.710417,0.1,97.93447,72.458176,17.227419,1011.27905,76.458336,1,5,0.0,3.9,5.149999999999999
2018-05-03,30.1,25.1,27.508337,1.8000002,96.20355,67.410866,18.03237,1012.09576,78.208336,0,5,0.1,0.0,5.0
2018-05-04,29.65,25.35,27.452082,0.6,97.06504,68.9508,17.076298,1012.19165,53.208332,0,5,1.8000002,0.1,4.299999999999997
2018-05-05,30.3,25.2,27.69792,0.8,94.19943,65.97996,22.180206,1011.6707,68.5,1,5,0.6,1.8000002,5.100000000000001
2018-05-06,31.25,26.1,28.237495,1.1,92.017456,65.05076,18.723461,1009.3416,87.375,0,5,0.8,0.6,5.149999999999999
2018-05-07,34.45,26.4,29.735415,0.0,90.744415,48.81912,20.972897,1006.304,60.666668,0,5,1.1,0.8,8.050000000000004
2018-05-08,35.5,27.35,30.424997,0.0,90.21526,43.506687,17.782688,1006.61255,46.958332,0,5,0.0,1.1,8.149999999999999
2018-05-09,34.2,26.95,30.010414,0.0,95.95971,48.657482,16.23596,1008.90845,42.041668,0,5,0.0,0.0,7.2500000000000036
2018-05-10,31.75,26.45,28.714584,0.1,93.695274,65.34931,13.684735,1010.2917,96.083336,0,5,0.0,0.0,5.300000000000001
2018-05-11,30.6,25.7,28.008331,0.0,92.5445,66.50129,24.86868,1010.2334,52.083332,0,5,0.1,0.0,4.900000000000002
2018-05-12,31.15,25.85,28.258333,0.1,96.222885,61.59146,22.530937,1009.8708,10.125,0,5,0.0,0.1,5.299999999999997
2018-05-13,31.45,25.15,28.229166,0.0,97.93447,63.908005,21.188072,1009.95416,14.458333,0,5,0.1,0.0,6.300000000000001
2018-05-14,31.45,24.9,28.066668,0.0,99.70229,61.635643,20.957443,1008.81256,56.458332,0,5,0.0,0.1,6.550000000000001
2018-05-15,30.85,25.7,28.347918,0.0,97.37546,64.17808,21.461555,1007.21265,46.875,0,5,0.0,0.0,5.150000000000002
2018-05-16,32.35,26.85,29.283333,0.0,95.39098,58.947,19.809813,1006.93335,70.5,0,5,0.0,0.0,5.5
2018-05-17,32.2,26.25,29.033333,0.0,87.456635,62.94605,16.454008,1006.7249,78.625,0,5,0.0,0.0,5.950000000000003
2018-05-18,32.3,26.8,29.091665,0.0,97.96015,57.35234,19.443333,1006.38336,81.583336,0,5,0.0,0.0,5.4999999999999964
2018-05-19,31.65,26.45,28.900002,0.0,95.94499,62.963203,17.555307,1006.59155,75.708336,0,5,0.0,0.0,5.199999999999999
2018-05-20,31.25,25.95,28.514585,0.2,96.50257,63.502934,21.398056,1007.3542,83.958336,0,5,0.0,0.0,5.300000000000001
2018-05-21,31.1,25.75,28.431252,0.0,98.23508,66.18277,24.248613,1008.25415,26.125,1,5,0.2,0.0,5.350000000000001
2018-05-22,30.95,25.7,28.19375,1.2,90.910965,60.620033,20.892412,1009.42505,22.666666,0,5,0.0,0.2,5.25
2018-05-23,30.9,26.15,28.514587,0.0,94.801895,64.361664,18.806337,1008.7334,43.791668,0,5,1.2,0.0,4.75
2018-05-24,31.65,25.65,28.429167,0.3,91.98888,63.492268,21.900904,1008.125,22.583334,0,5,0.0,1.2,6.0
2018-05-25,32.6,26.9,29.227083,0.0,92.60832,55.37217,15.986595,1007.4709,30.875,0,5,0.3,0.0,5.700000000000003
2018-05-26,32.65,27.65,29.875,0.0,98.54884,59.674046,22.691425,1007.95416,43.708332,0,5,0.0,0.3,5.0
2018-05-27,30.95,28.05,29.404165,0.3,92.12752,72.81178,14.84318,1008.65424,96.583336,1,5,0.0,0.0,2.8999999999999986
2018-05-28,31.4,27.6,29.512499,2.4,92.099495,68.85729,15.379206,1009.3708,90.75,0,5,0.3,0.0,3.799999999999997
2018-05-29,31.3,26.8,29.022913,0.6,92.906364,63.32246,19.130875,1009.4124,46.5,0,5,2.4,0.3,4.5
2018-05-30,31.65,26.4,29.081247,0.1,97.95341,65.52474,21.542923,1008.8916,27.708334,0,5,0.6,2.4,5.25
2018-05-31,31.85,26.65,29.143747,0.6,92.891136,65.174545,17.298738,1008.8625,27.708334,1,5,0.1,0.6,5.200000000000003
2018-06-01,31.9,27.15,29.225,1.2,91.2585,66.562225,17.238699,1008.37494,80.375,1,6,0.6,0.1,4.75
2018-06-02,30.65,26.1,28.352087,3.4,91.196205,69.36661,16.75064,1007.51666,91.25,1,6,1.2,0.6,4.549999999999997
2018-06-03,28.3,25.5,26.918747,33.300003,95.061066,79.198845,21.626984,1004.7041,99.25,1,6,3.4,1.2,2.8000000000000007
2018-06-04,28.75,26.1,27.214582,10.5,91.75473,80.893974,21.575987,1003.7542,99.916664,1,6,33.300003,3.4,2.6499999999999986
2018-06-05,29.7,26.0,27.71875,3.3999999,93.393456,76.60888,15.1884165,1005.59595,99.958336,1,6,10.5,33.300003,3.6999999999999993
2018-06-06,30.05,26.75,28.231253,1.2,95.690735,75.669945,9.227524,1004.804,99.0,1,6,3.3999999,10.5,3.3000000000000007
2018-06-07,30.55,26.45,28.235415,4.8999996,97.954155,72.31128,11.384198,1003.57086,84.458336,1,6,1.2,3.3999999,4.100000000000001
2018-06-08,31.3,27.05,28.935415,2.1000001,95.68761,75.50234,14.021525,1002.03754,80.791664,0,6,4.8999996,1.2,4.25
2018-06-09,31.8,27.5,29.502085,0.0,82.25876,67.848785,13.746156,1002.40424,66.5,0,6,2.1000001,4.8999996,4.300000000000001
2018-06-10,33.3,27.2,29.702082,0.0,88.2234,56.89802,15.281989,1003.7624,87.458336,0,6,0.0,2.1000001,6.099999999999998
2018-06-11,33.85,28.35,30.358332,0.0,79.681274,55.841133,15.273505,1004.3167,98.583336,0,6,0.0,0.0,5.5
2018-06-12,34.8,27.65,30.297915,0.0,75.37858,47.060753,14.8257065,1003.7583,99.291664,0,6,0.0,0.0,7.149999999999999
2018-06-13,32.3,28.75,30.118757,0.3,85.68962,62.515476,16.73516,1002.1209,98.916664,0,6,0.0,0.0,3.549999999999997
2018-06-14,33.65,27.65,30.193754,0.0,85.447685,52.51903,15.941944,1001.87085,99.333336,1,6,0.3,0.0,6.0
2018-06-15,32.95,26.4,28.702087,1.2,96.53433,61.43332,14.587776,1002.27094,99.333336,1,6,0.0,0.3,6.550000000000004
2018-06-16,30.15,26.9,28.020834,12.7,92.891136,74.39787,15.459054,1002.73773,98.458336,1,6,1.2,0.0,3.25
2018-06-17,30.85,26.05,28.158333,2.6999998,95.93318,73.68472,15.0038395,1002.5542,96.083336,0,6,12.7,1.2,4.800000000000001
2018-06-18,33.8,26.6,29.297918,0.5,92.3502,50.52043,17.902534,1002.39166,78.166664,0,6,2.6999998,12.7,7.199999999999996
2018-06-19,32.7,27.1,29.545828,0.0,87.4143,59.922062,20.870687,1004.4167,31.5,0,6,0.5,2.6999998,5.600000000000001
2018-06-20,34.35,26.75,29.94792,0.2,90.49952,49.581482,20.5484,1006.0874,78.0,0,6,0.0,0.5,7.600000000000001
2018-06-21,34.35,27.7,30.339584,0.0,91.10177,53.494095,21.316135,1005.69165,82.458336,1,6,0.2,0.0,6.650000000000002
2018-06-22,34.2,26.85,30.316668,1.1,91.80738,52.97522,14.904173,1005.1292,92.125,0,6,0.0,0.2,7.350000000000001
2018-06-23,34.5,27.25,30.289587,0.0,87.04543,51.940674,20.87379,1004.45,98.416664,1,6,1.1,0.0,7.25
2018-06-24,34.45,26.8,29.429163,1.1,87.2432,49.922394,19.64228,1005.53326,98.708336,1,6,0.0,1.1,7.650000000000002
2018-06-25,32.15,26.3,28.500002,2.8,93.68624,61.47164,17.462782,1006.53345,98.833336,1,6,1.1,0.0,5.849999999999998
2018-06-26,31.2,26.2,28.397917,1.3,92.571175,65.22596,8.825508,1008.5374,97.083336,1,6,2.8,1.1,5.0
2018-06-27,30.25,24.65,27.602087,2.4,94.17836,70.550026,12.496718,1008.98755,81.958336,0,6,1.3,2.8,5.600000000000001
2018-06-28,30.95,25.85,28.22083,0.0,91.17736,65.92324,15.683774,1007.1042,52.5,0,6,2.4,1.3,5.099999999999998
2018-06-29,31.9,26.15,29.1,0.0,93.96327,61.37479,16.263872,1004.40424,29.583334,0,6,0.0,2.4,5.75
2018-06-30,34.0,27.2,30.247917,0.0,91.56265,51.034718,17.072504,1004.11255,37.625,0,6,0.0,0.0,6.800000000000001
2018-07-01,35.6,27.05,30.960419,0.1,88.50277,45.854267,17.057314,1003.9749,58.541668,0,7,0.0,0.0,8.55
2018-07-02,37.45,28.6,32.12083,0.0,80.95806,39.161316,20.929594,1003.0542,57.458332,0,7,0.1,0.0,8.850000000000001
2018-07-03,37.1,28.85,31.695833,0.0,75.95037,37.70064,20.87379,1002.3333,75.958336,0,7,0.0,0.1,8.25
2018-07-04,37.25,28.9,32.52917,0.0,69.666824,37.048332,21.142147,1001.93744,59.083332,0,7,0.0,0.0,8.350000000000001
2018-07-05,37.35,28.9,32.193752,0.0,75.25635,37.176598,18.59845,1001.6458,81.041664,1,7,0.0,0.0,8.450000000000003
2018-07-06,36.85,28.15,31.000002,1.2,82.914795,39.053226,15.815435,1001.5459,98.125,1,7,0.0,0.0,8.700000000000003
2018-07-07,34.15,27.35,30.431246,2.7000003,91.813194,49.027443,14.264361,1001.6584,95.375,1,7,1.2,0.0,6.799999999999997
2018-07-08,31.35,26.25,28.758331,6.6,91.48137,64.68157,15.175612,1002.4001,70.0,1,7,2.7000003,1.2,5.100000000000001
2018-07-09,30.6,26.35,28.2875,5.999999,89.888176,68.94278,11.212135,1003.2124,88.416664,1,7,6.6,2.7000003,4.25
2018-07-10,30.15,25.75,27.620836,31.400002,94.222496,72.67503,12.371645,1002.64996,72.416664,1,7,5.999999,6.6,4.399999999999999
2018-07-11,29.15,25.9,27.462502,5.6,96.78872,78.6094,10.703569,1001.5374,83.833336,1,7,31.400002,5.999999,3.25
2018-07-12,29.95,26.15,27.781252,3.5999997,94.801895,75.28244,12.4811535,1001.36255,91.166664,1,7,5.6,31.400002,3.8000000000000007
2018-07-13,30.3,26.6,27.93125,5.0999994,93.14468,72.484055,10.464797,1001.21246,98.791664,1,7,3.5999997,5.6,3.6999999999999993
2018-07-14,29.4,26.55,28.027082,1.8000001,95.10565,79.58497,10.739832,1000.7458,99.458336,1,7,5.0999994,3.5999997,2.849999999999998
2018-07-15,29.5,26.15,27.529167,6.2,96.79574,78.33296,10.948973,1000.8459,95.791664,1,7,1.8000001,5.0999994,3.3500000000000014
2018-07-16,30.95,25.65,27.83542,4.2000003,93.1692,69.21565,15.4800005,999.2542,89.25,1,7,6.2,1.8000001,5.300000000000001
2018-07-17,31.15,25.55,27.420835,23.0,94.232925,66.41204,20.12461,999.11255,89.875,1,7,4.2000003,6.2,5.599999999999998
2018-07-18,29.35,26.05,27.164583,6.6999993,94.799995,80.27075,9.693296,999.69574,99.291664,1,7,23.0,4.2000003,3.3000000000000007
2018-07-19,29.7,26.2,28.006248,1.5,98.53922,75.02651,10.08,1002.36255,99.458336,0,7,6.6999993,23.0,3.5
2018-07-20,31.0,26.85,28.89583,0.8,95.684494,75.161606,14.77755,1003.20416,98.25,1,7,1.5,6.6999993,4.149999999999999
2018-07-21,31.55,26.85,29.091665,3.4,92.15259,70.995834,21.746502,1001.6374,98.125,1,7,0.8,1.5,4.699999999999999
2018-07-22,32.7,26.6,28.487501,4.1,92.616234,62.303913,17.309973,1000.1167,99.0,0,7,3.4,0.8,6.100000000000001
2018-07-23,33.5,26.75,29.452085,0.0,86.20442,57.28874,12.758432,1000.59174,98.125,0,7,4.1,3.4,6.75
2018-07-24,33.85,26.9,29.577087,0.3,91.61622,57.3709,14.529915,1002.27515,94.125,0,7,0.0,4.1,6.950000000000003
2018-07-25,32.9,26.95,29.65625,0.0,92.67911,60.328197,15.124284,1003.875,97.875,1,7,0.3,0.0,5.949999999999999
2018-07-26,30.5,25.9,27.73333,4.2999997,94.792465,73.6065,14.33234,1004.89996,99.083336,1,7,0.0,0.3,4.600000000000001
2018-07-27,28.55,26.05,27.054163,12.5,93.954575,82.857216,11.457958,1004.8374,99.666664,1,7,4.2999997,0.0,2.5
2018-07-28,29.55,25.45,27.447916,1.6,90.97523,77.47503,16.595179,1004.5085,94.25,0,7,12.5,4.2999997,4.100000000000001
2018-07-29,31.2,25.65,28.07917,0.90000004,95.37089,70.2477,19.201874,1004.3542,49.083332,0,7,1.6,12.5,5.550000000000001
2018-07-30,33.15,26.45,29.22917,0.0,90.49952,58.953304,12.758432,1004.4749,51.791668,1,7,0.90000004,1.6,6.699999999999999
2018-07-31,33.35,25.9,29.016668,5.1000004,95.98164,54.22498,11.298495,1005.40826,28.375,0,7,0.0,0.90000004,7.450000000000003
2018-08-01,32.6,27.2,29.462502,0.0,91.0071,57.538155,16.09969,1004.64166,19.583334,1,8,5.1000004,0.0,5.400000000000002
2018-08-02,32.7,26.3,29.239584,1.5,94.29496,59.38388,17.673029,1004.0542,71.25,0,8,0.0,5.1000004,6.400000000000002
2018-08-03,33.1,26.5,29.416666,0.0,92.69728,56.338184,12.429127,1003.07495,66.083336,1,8,1.5,0.0,6.600000000000001
2018-08-04,32.45,25.7,28.706247,6.2,92.827156,59.46022,15.021105,1003.9417,74.833336,1,8,0.0,1.5,6.7500000000000036
2018-08-05,31.1,25.4,28.131254,2.5000002,94.20993,71.09964,15.315873,1005.0042,82.166664,1,8,6.2,0.0,5.700000000000003
2018-08-06,30.8,25.85,28.339586,2.2999997,94.51026,68.77445,10.009036,1004.3167,59.75,1,8,2.5000002,6.2,4.949999999999999
2018-08-07,30.55,25.8,28.383331,2.5,93.38394,72.069824,18.94024,1003.1123,85.958336,1,8,2.2999997,2.5000002,4.75
2018-08-08,31.5,26.25,28.591661,22.599998,93.4219,66.811584,17.294992,1002.32086,99.333336,1,8,2.5,2.2999997,5.25
2018-08-09,28.55,25.4,26.797918,18.8,95.93166,77.822716,7.928177,1002.5916,99.333336,1,8,22.599998,2.5,3.150000000000002
2018-08-10,30.5,26.35,28.385416,2.3,94.559616,72.841255,8.350138,1002.24176,90.541664,0,8,18.8,22.599998,4.149999999999999
2018-08-11,33.6,27.3,29.59583,0.0,86.69428,56.627308,16.516901,1000.42505,99.125,0,8,2.3,18.8,6.300000000000001
2018-08-12,33.05,28.25,29.991667,0.3,84.06464,60.00118,15.815435,999.78754,84.375,1,8,0.0,2.3,4.799999999999997
2018-08-13,31.6,26.1,28.720833,1.1,84.083336,63.32246,10.948973,1001.02924,99.541664,1,8,0.3,0.0,5.5
2018-08-14,28.15,26.15,26.952087,26.099998,90.13211,79.893425,16.516901,1000.9458,100.0,0,8,1.1,0.3,2.0
2018-08-15,32.3,27.25,29.335417,0.0,81.593864,67.311646,12.599998,1000.05835,100.0,0,8,26.099998,1.1,5.049999999999997
2018-08-16,33.95,26.9,29.29792,0.0,84.889915,53.71914,17.399586,998.3291,99.541664,0,8,0.0,26.099998,7.050000000000004
2018-08-17,34.2,26.6,29.754166,0.5,92.919014,54.105698,13.0447235,999.1208,86.583336,1,8,0.0,0.0,7.600000000000001
2018-08-18,31.45,26.55,28.420832,3.4999998,93.697586,66.55146,11.841756,1002.2959,73.208336,0,8,0.5,0.0,4.899999999999999
2018-08-19,32.25,26.65,28.81875,0.6,94.5478,63.67306,10.966713,1003.82086,69.0,1,8,3.4999998,0.5,5.600000000000001
2018-08-20,31.85,26.2,29.13542,1.2,93.23238,66.32376,17.873556,1003.2292,78.208336,1,8,0.6,3.4999998,5.650000000000002
2018-08-21,31.95,26.35,29.106249,2.6000001,92.92659,67.06161,12.661564,1001.53345,88.291664,1,8,1.2,0.6,5.599999999999998
2018-08-22,33.2,26.45,29.156252,8.700001,94.85794,60.895344,16.1198,1001.875,76.625,1,8,2.6000001,1.2,6.7500000000000036
2018-08-23,31.5,26.45,28.702085,14.200001,93.73592,66.07531,12.72283,1003.92084,86.458336,0,8,8.700001,2.6000001,5.050000000000001
2018-08-24,31.5,27.25,29.008331,0.0,89.74005,66.28358,13.979871,1004.175,93.583336,1,8,14.200001,8.700001,4.25
2018-08-25,32.4,26.15,28.987503,1.1,86.425575,61.833668,16.375053,1002.8792,99.333336,1,8,0.0,14.200001,6.25
2018-08-26,31.2,25.65,27.7875,5.0,89.61687,64.8451,15.141414,1002.68744,99.083336,1,8,1.1,0.0,5.550000000000001
2018-08-27,29.35,26.25,27.283333,3.6000001,93.68849,73.8121,12.245294,1004.0835,95.791664,0,8,5.0,1.1,3.1000000000000014
2018-08-28,33.8,25.6,28.841661,0.0,88.640625,51.29519,19.61587,1003.8293,93.583336,0,8,3.6000001,5.0,8.199999999999996
2018-08-29,34.25,27.2,29.675001,0.0,87.25807,48.48324,19.64228,1002.10834,96.083336,0,8,0.0,3.6000001,7.050000000000001
2018-08-30,34.25,27.4,30.070833,0.0,74.890945,49.568638,19.469976,1003.48755,95.583336,0,8,0.0,0.0,6.850000000000001
2018-08-31,33.85,25.75,29.297913,0.0,95.93166,52.568905,24.606731,1006.8958,81.416664,0,8,0.0,0.0,8.100000000000001
2018-09-01,31.65,26.6,29.172918,0.5,95.38262,66.68142,12.9249525,1007.41675,84.041664,1,9,0.0,0.0,5.049999999999997
2018-09-02,31.55,25.4,28.35417,8.700001,93.6474,67.69501,14.77755,1005.85834,50.375,0,9,0.5,0.0,6.150000000000002
2018-09-03,31.7,25.6,28.552084,0.0,91.71048,67.72419,11.720751,1005.86237,28.125,1,9,8.700001,0.5,6.099999999999998
2018-09-04,31.15,25.25,28.256248,2.6,95.052055,66.213066,20.898611,1006.75433,16.083334,0,9,0.0,8.700001,5.899999999999999
2018-09-05,31.0,25.65,28.479166,0.2,95.0754,63.428177,17.429354,1005.9417,28.458334,0,9,2.6,0.0,5.350000000000001
2018-09-06,31.2,26.65,29.189585,0.0,94.25993,68.64515,11.304229,1005.0374,86.875,1,9,0.2,2.6,4.550000000000001
2018-09-07,31.55,25.55,28.720835,2.4,93.93925,68.46912,14.81259,1005.925,86.708336,1,9,0.0,0.2,6.0
2018-09-08,30.45,25.3,27.693748,3.0,93.92388,72.50991,14.372974,1007.84595,87.458336,1,9,2.4,0.0,5.149999999999999
2018-09-09,29.3,25.35,27.302086,7.6000004,92.02314,75.09177,12.313894,1010.57495,50.0,1,9,3.0,2.4,3.9499999999999993
2018-09-10,29.55,24.9,27.3125,5.6,93.34087,73.85585,17.227419,1010.7251,70.125,1,9,7.6000004,3.0,4.650000000000002
2018-09-11,29.55,25.1,27.460419,1.3000001,93.37201,73.66805,19.201874,1008.7708,62.041668,1,9,5.6,7.6000004,4.449999999999999
2018-09-12,29.1,25.25,27.312502,3.6000001,93.63819,77.35753,14.986553,1006.95825,57.583332,1,9,1.3000001,5.6,3.8500000000000014
2018-09-13,29.4,25.45,27.456247,3.0,91.15852,75.187386,16.418526,1006.84576,47.833332,1,9,3.6000001,1.3000001,3.9499999999999993
2018-09-14,29.6,25.65,27.429169,11.1,93.12002,73.89728,20.316889,1007.30005,58.458332,0,9,3.0,3.6000001,3.950000000000003
2018-09-15,29.6,25.55,27.593752,0.8,93.124985,74.99459,23.157824,1004.6082,99.5,1,9,11.1,3.0,4.050000000000001
2018-09-16,33.1,26.2,29.070831,2.4,90.68203,56.254604,20.774214,1000.9209,100.0,1,9,0.8,11.1,6.900000000000002
2018-09-17,33.25,25.9,28.606249,4.499999,93.99149,58.623287,18.0,1004.5041,94.458336,1,9,2.4,0.8,7.350000000000001
2018-09-18,29.75,25.55,27.427084,4.8,95.35574,69.27408,14.689589,1008.86237,80.5,1,9,4.499999,2.4,4.199999999999999
2018-09-19,29.35,25.0,27.083336,3.7999997,94.191025,77.65543,14.830076,1010.3999,52.208332,1,9,4.8,4.499999,4.350000000000001
2018-09-20,29.4,25.0,27.122917,3.0999997,93.34564,73.42243,17.388409,1010.4541,37.583332,1,9,3.7999997,4.8,4.399999999999999
2018-09-21,29.0,25.35,27.135416,2.2000003,93.66571,71.06839,12.496719,1011.4793,55.041668,1,9,3.0999997,3.7999997,3.6499999999999986
2018-09-22,29.35,25.1,27.172918,3.6999998,93.07031,72.974525,13.392774,1012.6541,59.541668,1,9,2.2000003,3.0999997,4.25
2018-09-23,29.65,24.5,27.302084,4.4,95.8868,71.72287,12.783802,1011.85004,33.833332,0,9,3.6999998,2.2000003,5.149999999999999
2018-09-24,29.7,24.35,27.466665,0.6,96.48333,72.571846,15.617529,1009.77496,6.75,0,9,4.4,3.6999998,5.349999999999998
2018-09-25,30.2,25.6,28.052084,0.4,93.941444,69.48113,13.746156,1008.15826,17.583334,0,9,0.6,4.4,4.599999999999998
2018-09-26,31.15,25.6,28.668753,0.4,95.91978,67.14409,14.561099,1007.92084,20.166666,0,9,0.4,0.6,5.549999999999997
2018-09-27,31.05,25.9,28.466665,0.70000005,95.0754,66.57152,20.478907,1008.27075,16.0,1,9,0.4,0.4,5.150000000000002
2018-09-28,30.0,25.6,27.904165,4.8999996,91.986,73.74292,15.188415,1009.2666,53.083332,1,9,0.70000005,0.4,4.399999999999999
2018-09-29,29.1,25.85,27.481249,3.9999995,89.02976,75.83412,22.19773,1009.33325,61.708332,1,9,4.8999996,0.70000005,3.25
2018-09-30,28.8,25.4,26.574997,6.1999993,94.21831,72.44209,23.042812,1010.23755,85.25,1,9,3.9999995,4.8999996,3.400000000000002
2018-10-01,27.7,25.55,26.558334,16.5,91.71935,81.52859,17.786331,1011.8582,88.708336,1,10,6.1999993,3.9999995,2.1499999999999986
2018-10-02,29.3,24.8,27.216661,6.3,92.217674,61.935123,23.838959,1012.2876,80.375,1,10,16.5,6.1999993,4.5
2018-10-03,27.05,25.05,25.924997,37.1,91.965866,77.36908,28.312117,1013.0749,98.291664,1,10,6.3,16.5,2.0
2018-10-04,28.9,23.25,26.462502,2.5,99.40044,65.103195,23.219301,1013.375,45.666668,0,10,37.1,6.3,5.649999999999999
2018-10-05,28.05,21.4,25.199999,0.5,96.087135,65.983795,9.0,1013.26666,28.708334,0,10,2.5,37.1,6.650000000000002
2018-10-06,28.55,23.9,26.241667,0.4,100.0,64.235886,12.984975,1013.2083,31.833334,1,10,0.5,2.5,4.650000000000002
2018-10-07,28.65,23.6,26.154165,1.1,98.50366,63.89545,11.592895,1013.0125,25.5,0,10,0.4,0.5,5.049999999999997
2018-10-08,28.2,22.7,26.012503,0.0,98.50366,68.264626,11.923557,1012.2959,12.25,0,10,1.1,0.4,5.5
2018-10-09,28.45,24.05,26.433332,0.8,98.51474,68.007454,15.141414,1012.1667,55.708332,1,10,0.0,1.1,4.399999999999999
2018-10-10,27.95,24.55,25.989584,6.0000005,91.92544,77.969894,16.808569,1013.5833,81.958336,1,10,0.8,0.0,3.3999999999999986
2018-10-11,27.0,24.65,25.768751,11.1,92.212074,79.21746,19.171478,1015.11664,96.333336,1,10,6.0000005,0.8,2.3500000000000014
2018-10-12,26.9,24.65,25.766668,21.500002,93.328804,80.926544,26.574244,1014.9792,82.708336,1,10,11.1,6.0000005,2.25
2018-10-13,26.6,24.25,25.485418,9.8,95.30292,84.89531,15.1884165,1014.18335,81.791664,0,10,21.500002,11.1,2.3500000000000014
2018-10-14,28.2,23.7,26.270838,0.7,97.32269,77.98432,15.124284,1012.8833,43.041668,1,10,9.8,21.500002,4.5
2018-10-15,29.1,23.75,26.743753,1.1,97.61793,76.030655,14.764389,1012.38745,20.666666,0,10,0.7,9.8,5.350000000000001
2018-10-16,29.25,24.2,26.977087,0.4,97.62583,72.05859,15.517629,1011.3291,34.416668,0,10,1.1,0.7,5.050000000000001
2018-10-17,29.2,24.3,26.935415,0.0,98.21607,75.37328,15.905319,1010.15424,63.833332,1,10,0.4,1.1,4.899999999999999
2018-10-18,28.9,24.85,26.966665,3.5,95.03766,76.48772,13.698934,1011.3,62.208332,1,10,0.0,0.4,4.049999999999997
2018-10-19,28.35,24.9,26.500002,3.9,93.62903,77.327995,12.6462,1013.0376,65.083336,1,10,3.5,0.0,3.450000000000003
2018-10-20,28.6,24.3,26.316668,2.0,95.02494,79.178246,14.081478,1013.7292,79.625,1,10,3.9,3.5,4.300000000000001
2018-10-21,28.5,24.75,26.764585,1.7000002,95.034004,77.55325,16.87398,1013.8083,60.041668,1,10,2.0,3.9,3.75
2018-10-22,28.4,24.45,26.372917,1.9000002,96.184044,79.68799,18.359999,1013.46265,62.625,1,10,1.7000002,2.0,3.9499999999999993
2018-10-23,29.0,24.2,26.725,2.7,93.025154,70.03458,17.81909,1013.7834,67.041664,1,10,1.9000002,1.7000002,4.800000000000001
2018-10-24,28.55,23.55,26.1875,4.0,98.80093,74.16042,13.441071,1014.1209,51.125,1,10,2.7,1.9000002,5.0
2018-10-25,28.5,24.15,26.264582,1.8000001,99.70229,75.48151,11.928989,1014.66254,40.375,1,10,4.0,2.7,4.350000000000001
2018-10-26,28.4,25.5,26.897917,3.9999995,90.06907,75.23839,9.504272,1015.4251,30.875,1,10,1.8000001,4.0,2.8999999999999986
2018-10-27,28.45,24.25,26.366667,8.400001,94.72959,71.90017,21.129883,1015.74585,55.916668,1,10,3.9999995,1.8000001,4.199999999999999
2018-10-28,26.85,24.9,25.914587,6.899999,90.03025,75.933815,18.161278,1014.82916,63.791668,1,10,8.400001,3.9999995,1.9500000000000028
2018-10-29,27.4,21.9,24.83333,1.8000001,95.82122,67.58194,19.95972,1014.1335,38.291668,0,10,6.899999,8.400001,5.5
2018-10-30,27.65,20.05,24.445833,0.0,94.564384,45.832466,21.175835,1014.2126,52.416668,0,10,1.8000001,6.899999,7.599999999999998
2018-10-31,27.75,22.1,25.066666,0.0,85.47985,50.36164,27.748037,1013.9417,89.375,0,10,0.0,1.8000001,5.649999999999999
2018-11-01,27.4,19.35,24.366663,0.0,93.65138,57.95701,27.682571,1013.84174,46.0,0,11,0.0,0.0,8.049999999999997
2018-11-02,27.55,20.35,24.525,0.0,97.282616,53.25544,17.015474,1014.89996,21.791666,0,11,0.0,0.0,7.199999999999999
2018-11-03,26.75,22.5,24.995836,0.1,96.43777,69.37896,13.479583,1015.1917,43.666668,1,11,0.0,0.0,4.25
2018-11-04,27.5,22.55,25.21875,2.2,97.29978,72.860855,13.104198,1013.91675,52.166668,1,11,0.1,0.0,4.949999999999999
2018-11-05,27.25,23.35,25.337496,3.1999993,99.103165,75.9884,17.551615,1013.72076,47.333332,1,11,2.2,0.1,3.8999999999999986
2018-11-06,26.75,24.85,25.612501,6.100001,94.754524,85.37215,16.08761,1013.95825,81.541664,1,11,3.1999993,2.2,1.8999999999999986
2018-11-07,27.35,24.4,25.539581,6.0999994,96.18122,80.510635,15.188415,1013.83344,97.583336,1,11,6.100001,3.1999993,2.950000000000003
2018-11-08,26.55,24.55,25.508333,11.599999,94.466255,83.318504,13.441071,1013.3083,73.875,1,11,6.0999994,6.100001,2.0
2018-11-09,26.6,24.45,25.583338,7.6,96.469086,84.39127,14.77755,1013.05414,87.583336,1,11,11.599999,6.0999994,2.150000000000002
2018-11-10,27.9,22.3,25.491667,1.8000002,96.744774,74.9635,13.450708,1013.82916,28.125,1,11,7.6,11.599999,5.599999999999998
2018-11-11,27.1,23.35,25.39583,1.9000001,95.5615,77.83946,10.787993,1013.39166,36.75,1,11,1.8000002,7.6,3.75
2018-11-12,27.35,22.9,25.327085,1.4000001,99.09541,76.90871,11.525623,1011.92084,32.541668,0,11,1.9000001,1.8000002,4.450000000000003
2018-11-13,27.15,23.05,25.472914,0.8000001,97.62059,77.83946,12.074766,1010.979,30.625,0,11,1.4000001,1.9000001,4.099999999999998
2018-11-14,27.9,22.7,25.464584,0.6,98.21469,74.72083,14.417988,1011.79584,21.083334,0,11,0.8000001,1.4000001,5.199999999999999
2018-11-15,28.4,23.4,25.708334,0.0,97.92375,70.853065,17.81909,1012.4666,39.833332,0,11,0.6,0.8000001,5.0
2018-11-16,27.8,23.2,25.839582,0.3,99.69905,73.33151,16.299694,1012.47485,44.166668,1,11,0.0,0.6,4.600000000000001
2018-11-17,27.85,24.5,26.120832,2.1,95.613235,74.503,13.363711,1013.05835,87.375,1,11,0.3,0.0,3.3500000000000014
2018-11-18,27.8,23.95,25.764582,1.8000002,97.6346,77.713715,10.163227,1013.78735,76.958336,1,11,2.1,0.3,3.8500000000000014
2018-11-19,27.2,23.25,25.52917,2.3000002,100.0,76.92376,12.620554,1014.7126,69.833336,0,11,1.8000002,2.1,3.9499999999999993
2018-11-20,27.7,20.65,24.939583,0.6,96.98808,76.90117,15.815435,1013.86664,67.291664,1,11,2.3000002,1.8000002,7.050000000000001
2018-11-21,28.0,22.5,25.529167,1.3000001,98.206726,73.57164,13.53236,1014.2375,49.166668,1,11,0.6,2.3000002,5.5
2018-11-22,26.15,24.4,25.143751,10.4,89.24432,80.46751,28.075384,1016.1084,70.5,1,11,1.3000001,0.6,1.75
2018-11-23,25.85,24.0,24.806252,7.1,84.63289,75.97822,29.601109,1016.08746,87.125,1,11,10.4,1.3000001,1.8500000000000014
2018-11-24,25.95,24.3,24.929169,16.800001,91.36499,78.632774,29.515608,1014.97516,97.25,1,11,7.1,10.4,1.6499999999999986
2018-11-25,24.65,23.15,23.793747,20.899998,87.01879,74.324715,31.404713,1015.18756,99.625,1,11,16.800001,7.1,1.5
2018-11-26,24.25,21.7,23.012499,3.3999996,87.90327,72.69288,26.661882,1016.23334,99.666664,1,11,20.899998,16.800001,2.5500000000000007
2018-11-27,24.5,22.1,23.420835,48.3,92.10172,78.554054,21.67786,1015.4168,98.708336,1,11,3.3999996,20.899998,2.3999999999999986
2018-11-28,25.15,23.6,24.504168,31.900005,91.034325,82.38639,27.169865,1016.2209,98.0,1,11,48.3,3.3999996,1.5499999999999972
2018-11-29,25.65,23.9,24.602083,10.900001,94.146515,85.83431,14.4,1017.0374,85.958336,1,11,31.900005,48.3,1.75
2018-11-30,26.0,23.25,24.622917,4.1999993,98.20276,84.06155,14.973577,1015.8958,58.208332,0,11,10.900001,31.900005,2.75
2018-12-01,26.55,22.35,24.581253,0.70000005,99.09814,80.65009,10.636766,1013.95825,43.416668,0,12,4.1999993,10.900001,4.199999999999999
2018-12-02,26.8,23.0,25.0,0.6,98.49694,81.41672,12.181625,1013.17487,27.625,0,12,0.70000005,4.1999993,3.8000000000000007
2018-12-03,27.0,23.35,25.116667,0.0,97.036804,76.622444,14.081478,1013.8584,69.375,1,12,0.6,0.70000005,3.6499999999999986
2018-12-04,27.05,22.6,25.010414,1.6000001,99.698494,80.7018,12.783802,1014.1541,54.5,0,12,0.0,0.6,4.449999999999999
2018-12-05,26.75,23.4,24.787504,1.0,93.29977,72.30425,11.720751,1012.7458,68.416664,1,12,1.6000001,0.0,3.3500000000000014
2018-12-06,26.85,23.7,25.312502,1.8000001,98.80404,81.177605,10.587917,1012.6209,68.291664,1,12,1.0,1.6000001,3.150000000000002
2018-12-07,26.8,24.05,25.335419,5.8000007,95.0195,84.15931,14.689589,1013.91254,93.0,1,12,1.8000001,1.0,2.75
2018-12-08,25.95,24.25,25.016665,12.700003,94.746826,85.863655,25.721743,1014.5627,89.958336,1,12,5.8000007,1.8000001,1.6999999999999993
2018-12-09,25.9,24.15,24.724998,17.499998,93.30701,83.52039,26.299719,1014.44183,81.416664,1,12,12.700003,5.8000007,1.75
2018-12-10,25.9,24.35,25.079165,10.4,90.846016,82.99156,23.499481,1014.4416,80.875,1,12,17.499998,12.700003,1.5499999999999972
2018-12-11,26.65,23.7,24.70833,8.5,91.896355,77.52296,34.653625,1016.12085,76.625,1,12,10.4,17.499998,2.9499999999999993
2018-12-12,24.45,22.45,23.59583,6.400001,88.74668,75.52256,34.44167,1019.03735,79.583336,1,12,8.5,10.4,2.0
2018-12-13,23.35,21.95,22.833334,30.599995,87.167725,78.74828,32.83705,1019.6208,95.875,1,12,6.400001,8.5,1.4000000000000021
2018-12-14,23.9,22.85,23.402084,31.199999,89.05197,81.51321,33.108257,1019.2375,98.833336,1,12,30.599995,6.400001,1.0499999999999972
2018-12-15,24.85,23.45,23.966665,26.300001,90.4741,79.66395,33.371437,1018.63745,97.458336,1,12,31.199999,30.599995,1.4000000000000021
2018-12-16,24.9,23.2,23.893751,5.4999986,86.688736,78.48336,29.574827,1019.10834,87.083336,1,12,26.300001,31.199999,1.6999999999999993
2018-12-17,23.1,21.35,22.158335,42.5,92.30633,83.75168,25.210283,1019.41254,100.0,1,12,5.4999986,26.300001,1.75
2018-12-18,24.1,21.75,22.766668,4.6000004,93.771645,76.189835,12.72283,1017.9709,60.708332,1,12,42.5,5.4999986,2.3500000000000014
2018-12-19,25.65,20.4,23.283333,2.1,99.38445,77.13017,10.086427,1015.85834,41.791668,0,12,4.6000004,42.5,5.25
2018-12-20,26.25,21.2,23.858335,0.0,99.084854,77.69324,16.215992,1013.55,28.125,0,12,2.1,4.6000004,5.050000000000001
2018-12-21,26.0,20.45,23.86875,0.0,98.78915,79.833275,15.893093,1013.1125,50.208332,1,12,0.0,2.1,5.550000000000001
2018-12-22,26.2,22.05,23.960419,1.4000001,98.794174,68.6898,14.336861,1014.33746,74.333336,1,12,0.0,0.0,4.149999999999999
2018-12-23,25.85,22.85,24.237501,4.0,94.386955,79.09985,20.188908,1014.4958,65.416664,1,12,1.4000001,0.0,3.0
2018-12-24,24.35,22.85,23.462502,8.999999,90.98588,83.373055,22.104116,1013.4583,98.666664,1,12,4.0,1.4000001,1.5
2018-12-25,25.5,23.2,24.125,4.3,97.01923,80.46751,17.698677,1011.87067,75.708336,1,12,8.999999,4.0,2.3000000000000007
2018-12-26,26.15,23.1,24.604166,2.4,97.6064,80.35377,12.7279215,1011.72504,70.333336,1,12,4.3,8.999999,3.049999999999997
2018-12-27,25.6,22.85,24.237501,2.0000002,93.52643,79.258644,18.35647,1013.0374,93.458336,1,12,2.4,4.3,2.75
2018-12-28,26.0,23.35,24.287498,7.2,82.55593,66.38206,33.510952,1015.36255,84.75,1,12,2.0000002,2.4,2.6499999999999986
2018-12-29,23.95,22.2,23.008333,17.7,87.64914,78.83341,42.635307,1017.63336,100.0,1,12,7.2,2.0000002,1.75
2018-12-30,23.7,20.7,22.029167,14.799999,86.685356,79.02158,34.292717,1020.54584,98.416664,1,12,17.7,7.2,3.0
2018-12-31,21.9,20.75,21.25208,9.5,86.423744,75.865906,29.655787,1021.68335,100.0,1,12,14.799999,17.7,1.1499999999999986
2019-01-01,21.95,20.6,21.233334,23.800001,90.5554,78.27211,26.081993,1021.18335,99.958336,1,1,9.5,14.799999,1.3499999999999979
2019-01-02,21.55,20.85,21.260416,23.099998,87.27989,83.286446,26.009842,1020.47076,100.0,1,1,23.800001,9.5,0.6999999999999993
2019-01-03,22.4,20.35,21.539583,5.1999993,91.105736,82.08872,27.869207,1019.51245,91.166664,1,1,23.099998,23.800001,2.049999999999997
2019-01-04,25.2,20.65,22.7875,1.2,94.63216,78.04574,19.011953,1018.2583,91.083336,1,1,5.1999993,23.099998,4.550000000000001
2019-01-05,25.5,21.0,23.049997,1.8,95.18925,79.98317,18.861387,1017.6833,58.166668,1,1,1.2,5.1999993,4.5
2019-01-06,24.85,21.4,22.93125,6.0,97.577705,85.21982,10.009036,1017.73346,73.458336,1,1,1.8,1.2,3.450000000000003
2019-01-07,25.55,22.25,23.587502,2.2,94.94415,77.14523,13.493999,1017.21655,47.583332,1,1,6.0,1.8,3.3000000000000007
2019-01-08,25.0,21.15,23.106249,3.8999994,97.571365,78.01663,13.009903,1016.8835,46.875,1,1,2.2,6.0,3.8500000000000014
2019-01-09,24.65,20.75,22.891663,2.2,99.08278,81.89518,13.849476,1016.94586,91.25,0,1,3.8999994,2.2,3.8999999999999986
2019-01-10,24.9,19.6,22.691668,0.3,100.0,82.66282,9.659814,1016.2209,74.708336,0,1,2.2,3.8999994,5.299999999999997
2019-01-11,25.25,20.9,23.039583,0.5,99.69391,80.208374,12.4811535,1016.17487,78.25,1,1,0.3,2.2,4.350000000000001
2019-01-12,25.05,21.05,23.127085,2.6000001,98.78872,80.94191,11.367109,1016.34174,90.458336,1,1,0.5,0.3,4.0
2019-01-13,24.85,20.6,22.739586,1.6000001,99.69249,79.67077,11.367109,1015.7415,41.583332,1,1,2.6000001,0.5,4.25
2019-01-14,24.6,21.1,22.910418,2.5000002,100.0,78.6824,9.983106,1014.7666,40.583332,1,1,1.6000001,2.6000001,3.5
2019-01-15,24.65,21.6,23.174997,3.8000002,96.38864,76.063545,15.315873,1015.5749,83.416664,1,1,2.5000002,1.6000001,3.049999999999997
2019-01-16,24.05,22.2,23.037504,20.0,90.69403,85.41429,32.078403,1016.29175,90.25,1,1,3.8000002,2.5000002,1.8500000000000014
2019-01-17,22.25,21.45,21.889582,87.499985,91.74863,86.83043,27.25559,1017.96246,99.791664,1,1,20.0,3.8000002,0.8000000000000007
2019-01-18,24.45,20.9,22.75625,5.2,95.48051,70.55293,21.611996,1017.4167,58.666668,1,1,87.499985,20.0,3.5500000000000007
2019-01-19,24.1,20.8,22.429167,3.8999994,99.69274,80.07485,14.05845,1015.7708,61.375,1,1,5.2,87.499985,3.3000000000000007
2019-01-20,24.65,21.85,23.075003,4.8999996,94.34776,82.12819,17.782686,1015.89575,75.291664,1,1,3.8999994,5.2,2.799999999999997
2019-01-21,23.4,21.35,22.424997,5.9999995,92.06445,80.90092,31.205997,1018.175,80.041664,1,1,4.8999996,3.8999994,2.049999999999997
2019-01-22,22.4,18.75,21.2375,4.2000003,93.33601,74.913345,25.992397,1019.6125,75.875,1,1,5.9999995,4.8999996,3.6499999999999986
2019-01-23,23.05,18.75,21.097916,1.4000001,98.76431,72.324036,14.773164,1018.1084,83.416664,0,1,4.2000003,5.9999995,4.300000000000001
2019-01-24,23.35,16.55,20.483332,0.2,99.688965,69.25564,9.007196,1017.60016,24.583334,1,1,1.4000001,4.2000003,6.800000000000001
2019-01-25,24.3,18.3,21.687498,1.6,98.15151,55.387882,13.783817,1019.1958,55.25,1,1,0.2,1.4000001,6.0
2019-01-26,23.85,20.2,21.972918,4.799999,91.09604,66.54592,21.638964,1019.8457,88.333336,1,1,1.6,0.2,3.650000000000002
2019-01-27,23.75,20.3,21.810417,7.699999,95.169586,67.97435,16.323528,1018.87915,76.333336,1,1,4.799999,1.6,3.4499999999999993
2019-01-28,23.0,20.4,21.55625,4.299999,97.56132,83.48176,14.007655,1017.64594,70.291664,1,1,7.699999,4.799999,2.6000000000000014
2019-01-29,23.7,20.55,22.324999,3.0000002,96.06527,82.21719,11.5199995,1017.46674,47.166668,0,1,4.299999,7.699999,3.1499999999999986
2019-01-30,24.45,18.95,21.958336,0.6,99.69124,76.50431,14.186923,1016.8835,44.208332,0,1,3.0000002,4.299999,5.5
2019-01-31,24.4,18.15,21.602081,0.3,100.0,74.58967,10.799999,1018.2417,37.291668,1,1,0.6,3.0000002,6.25
2019-02-01,23.75,19.5,21.704168,4.1999993,99.38022,76.872444,12.819235,1017.62897,75.0,0,2,0.3,0.6,4.25
2019-02-02,24.75,19.9,22.385416,0.2,97.250946,72.84146,17.057314,1015.30426,22.375,0,2,4.1999993,0.3,4.850000000000001
2019-02-03,25.65,20.9,23.391665,0.0,99.08553,75.7294,17.373497,1015.33344,44.833332,0,2,0.2,4.1999993,4.75
2019-02-04,25.95,21.4,24.012503,0.3,100.0,82.04186,18.089775,1015.3918,38.583332,0,2,0.0,0.2,4.550000000000001
2019-02-05,26.55,21.7,23.945833,0.0,99.09066,76.358894,22.427162,1014.1999,30.125,0,2,0.3,0.0,4.850000000000001
2019-02-06,26.0,21.7,23.933334,0.0,100.0,77.923416,22.90743,1012.4583,35.541668,0,2,0.0,0.3,4.300000000000001
2019-02-07,27.35,22.2,24.362497,0.0,100.0,81.976326,18.25026,1012.325,38.958332,0,2,0.0,0.0,5.150000000000002
2019-02-08,26.8,22.6,24.364584,0.0,99.39503,82.36312,20.767975,1011.94995,51.0,0,2,0.0,0.0,4.199999999999999
2019-02-09,26.9,22.45,24.408335,0.0,96.72182,78.41466,24.26998,1013.8,28.541666,0,2,0.0,0.0,4.449999999999999
2019-02-10,26.45,21.95,24.324999,0.0,96.71458,74.04579,22.38378,1017.53735,11.375,1,2,0.0,0.0,4.5
2019-02-11,25.75,21.85,23.725,4.9999995,96.990326,71.64781,21.24305,1019.79156,38.041668,1,2,0.0,0.0,3.8999999999999986
2019-02-12,24.95,20.9,23.335417,3.4,100.0,81.17728,16.418526,1020.2,59.208332,0,2,4.9999995,0.0,4.050000000000001
2019-02-13,25.9,20.0,23.245834,0.0,95.82122,67.40244,11.792404,1018.2334,12.708333,0,2,3.4,4.9999995,5.899999999999999
2019-02-14,25.7,21.2,23.589586,0.7,98.17428,71.232895,20.316889,1016.8123,14.166667,0,2,0.0,3.4,4.5
2019-02-15,26.4,21.6,23.979164,0.2,98.187904,72.24272,20.780453,1016.2585,32.041668,0,2,0.7,0.0,4.799999999999997
2019-02-16,26.4,22.05,24.224997,0.1,99.69587,75.87118,17.447933,1014.22925,20.75,0,2,0.2,0.7,4.349999999999998
2019-02-17,27.2,22.4,24.870836,0.0,100.0,77.10487,22.077717,1012.0,26.25,0,2,0.1,0.2,4.800000000000001
2019-02-18,27.25,23.0,25.237503,0.0,100.0,79.98063,15.158522,1011.6667,40.875,0,2,0.0,0.1,4.25
2019-02-19,28.1,23.5,25.672915,0.0,99.39862,81.53475,23.023117,1014.02075,39.208332,0,2,0.0,0.0,4.600000000000001
2019-02-20,27.7,23.45,25.500002,0.0,95.88835,77.66989,25.600533,1015.2459,34.0,0,2,0.0,0.0,4.25
2019-02-21,28.35,23.7,25.604166,0.0,95.57615,72.98967,23.990698,1013.875,19.333334,0,2,0.0,0.0,4.650000000000002
2019-02-22,27.35,22.05,24.875,0.0,93.48855,70.59693,26.00486,1012.875,18.375,0,2,0.0,0.0,5.300000000000001
2019-02-23,27.7,23.2,25.254168,0.0,86.65602,66.27794,28.856194,1011.42505,12.958333,0,2,0.0,0.0,4.5
2019-02-24,27.05,21.6,24.618752,0.4,100.0,71.476814,18.998314,1013.23755,28.958334,0,2,0.0,0.0,5.449999999999999
2019-02-25,26.8,21.3,24.408333,0.6,100.0,73.20376,18.161278,1014.0833,30.875,0,2,0.4,0.0,5.5
2019-02-26,27.05,21.6,24.745832,0.0,100.0,73.66111,19.734436,1013.5583,17.25,0,2,0.6,0.4,5.449999999999999
2019-02-27,27.5,20.1,24.397913,0.0,99.69399,68.979004,20.431387,1011.9749,28.666666,0,2,0.0,0.6,7.399999999999999
2019-02-28,27.7,21.35,24.75625,0.0,98.478264,62.154716,21.602999,1012.36664,13.791667,0,2,0.0,0.0,6.349999999999998
2019-03-01,27.65,21.35,24.908333,0.0,98.78095,69.190735,29.749592,1011.94165,2.5833333,0,3,0.0,0.0,6.299999999999997
2019-03-02,28.5,22.05,25.168753,0.0,95.5188,61.701904,29.574827,1009.325,2.5,0,3,0.0,0.0,6.449999999999999
2019-03-03,29.25,23.2,25.952085,0.0,97.02033,62.28301,22.238562,1008.7583,7.1666665,0,3,0.0,0.0,6.050000000000001
2019-03-04,28.95,22.95,25.716667,0.0,95.008606,67.38785,30.376833,1008.9541,17.708334,0,3,0.0,0.0,6.0
2019-03-05,28.8,22.85,25.760414,0.0,96.715744,63.731647,25.284714,1009.5,10.708333,0,3,0.0,0.0,5.949999999999999
2019-03-06,29.35,22.95,26.01042,0.0,100.0,69.3307,21.096123,1010.12915,26.916666,0,3,0.0,0.0,6.400000000000002
2019-03-07,28.25,24.9,26.104166,0.1,95.61805,74.069534,20.972897,1011.6167,48.5,0,3,0.0,0.0,3.3500000000000014
2019-03-08,28.5,24.0,26.164581,0.5,97.328606,73.03242,24.95452,1011.02094,31.916666,0,3,0.1,0.0,4.5
2019-03-09,29.95,23.75,26.3375,0.0,99.399734,71.18557,27.682571,1009.2708,23.541666,0,3,0.5,0.1,6.199999999999999
2019-03-10,29.5,24.3,26.252083,0.1,98.51141,67.496544,29.301876,1011.23334,53.708332,0,3,0.0,0.5,5.199999999999999
2019-03-11,26.95,23.9,25.066666,0.5,85.66119,72.54353,28.820242,1013.1126,91.333336,0,3,0.1,0.0,3.0500000000000007
2019-03-12,26.8,23.9,25.079168,0.4,95.87326,74.96556,11.753877,1013.2791,59.833332,0,3,0.5,0.1,2.900000000000002
2019-03-13,27.7,24.45,26.047918,0.0,97.04553,76.74406,16.946787,1013.4292,59.875,0,3,0.4,0.5,3.25
2019-03-14,28.95,24.55,26.331251,0.3,95.0268,66.1269,24.33664,1014.32074,30.791666,1,3,0.0,0.4,4.399999999999999
2019-03-15,27.15,24.0,25.497915,2.9000003,91.337074,76.21945,15.683774,1016.15424,49.208332,1,3,0.3,0.0,3.1499999999999986
2019-03-16,27.0,23.85,25.27083,8.0,95.28913,73.461815,15.856356,1016.05,40.708332,1,3,2.9000003,0.3,3.1499999999999986
2019-03-17,27.45,23.7,25.456253,1.8000002,96.160126,73.76192,14.044615,1015.23334,23.25,0,3,8.0,2.9000003,3.75
2019-03-18,27.7,23.0,25.497917,0.4,97.30875,72.66519,19.469976,1013.34174,14.916667,0,3,1.8000002,8.0,4.699999999999999
2019-03-19,28.7,23.0,25.78125,0.0,100.0,65.71384,21.915693,1011.6458,16.625,0,3,0.4,1.8000002,5.699999999999999
2019-03-20,29.05,23.45,26.227081,0.0,97.612595,68.231674,25.759504,1010.4751,22.333334,0,3,0.0,0.4,5.600000000000001
2019-03-21,29.75,24.25,26.70833,0.0,98.51418,66.53127,24.26998,1009.32074,26.083334,0,3,0.0,0.0,5.5
2019-03-22,30.55,24.95,27.141663,0.0,95.90035,67.49943,23.4,1009.325,33.833332,1,3,0.0,0.0,5.600000000000001
2019-03-23,29.15,25.1,26.64583,1.5000001,94.486336,74.93858,22.862125,1011.68353,87.291664,1,3,0.0,0.0,4.049999999999997
2019-03-24,27.1,24.05,25.527079,3.8999999,95.01406,80.4781,16.676977,1013.09576,79.541664,0,3,1.5000001,0.0,3.0500000000000007
2019-03-25,27.1,23.7,25.320837,0.7,95.86567,77.354225,13.551501,1014.47076,74.041664,0,3,3.8999999,1.5000001,3.400000000000002
2019-03-26,27.45,23.4,25.564583,0.3,96.436455,75.781525,12.979984,1015.26245,19.416666,0,3,0.7,3.8999999,4.050000000000001
2019-03-27,28.05,23.4,25.825003,0.0,97.61176,72.751595,20.163212,1013.4502,15.916667,0,3,0.3,0.7,4.650000000000002
2019-03-28,29.1,24.35,26.537498,0.0,96.17986,66.400055,25.071098,1009.5623,43.166668,0,3,0.0,0.3,4.75
2019-03-29,29.55,25.1,27.25208,0.0,97.64594,72.99156,14.830076,1008.87915,74.5,0,3,0.0,0.0,4.449999999999999
2019-03-30,30.4,25.05,27.079165,0.0,97.65546,66.86304,15.941944,1010.12085,84.291664,1,3,0.0,0.0,5.349999999999998
2019-03-31,28.65,25.25,26.622917,1.5000001,96.1966,78.975716,16.676977,1012.45,93.166664,1,3,0.0,0.0,3.3999999999999986
2019-04-01,28.7,24.1,26.25625,1.2000002,96.74717,71.753334,18.25026,1014.0085,79.958336,0,4,1.5000001,0.0,4.599999999999998
2019-04-02,28.05,23.65,26.029167,0.9000001,97.040085,76.50465,15.629971,1013.19586,28.333334,1,4,1.2000002,1.5000001,4.400000000000002
2019-04-03,29.0,24.3,26.572914,1.0000001,95.88081,65.7447,15.629971,1013.071,47.833332,0,4,0.9000001,1.2000002,4.699999999999999
2019-04-04,28.5,24.15,26.552084,0.5,97.62848,73.185555,15.072783,1012.64575,76.25,1,4,1.0000001,0.9000001,4.350000000000001
2019-04-05,29.05,24.45,26.929169,1.6,97.33751,68.85546,17.826363,1012.93756,70.708336,0,4,0.5,1.0000001,4.600000000000001
2019-04-06,29.1,24.5,26.999998,0.2,94.4562,66.805405,19.44,1011.57086,33.625,0,4,1.6,0.5,4.600000000000001
2019-04-07,30.4,24.5,27.375,0.0,92.75971,60.917427,24.821732,1010.75836,36.458332,0,4,0.2,1.6,5.899999999999999
2019-04-08,31.0,25.5,27.929167,0.0,90.60901,59.16199,24.033876,1009.52905,49.541668,0,4,0.0,0.2,5.5
2019-04-09,30.8,25.6,27.877083,0.0,90.62233,62.26508,23.83896,1009.3667,42.75,0,4,0.0,0.0,5.199999999999999
2019-04-10,31.5,25.4,27.933336,0.0,97.066124,58.394714,23.565567,1008.34595,57.5,0,4,0.0,0.0,6.100000000000001
2019-04-11,31.85,25.75,28.341665,0.0,96.78519,59.876015,23.051247,1007.2874,58.791668,0,4,0.0,0.0,6.100000000000001
2019-04-12,31.05,26.3,28.25625,0.0,95.656204,69.234474,25.842384,1008.5752,66.208336,0,4,0.0,0.0,4.75
2019-04-13,31.1,26.1,28.300001,0.0,97.65888,70.68617,26.183659,1009.32916,81.166664,0,4,0.0,0.0,5.0
2019-04-14,30.85,26.4,28.170837,0.0,95.09678,72.79472,25.49908,1009.67505,91.541664,0,4,0.0,0.0,4.450000000000003
2019-04-15,30.05,26.6,28.139585,0.0,95.66881,71.569824,18.089775,1010.3415,94.625,0,4,0.0,0.0,3.4499999999999993
2019-04-16,30.95,26.8,28.53125,0.1,95.67195,73.63978,22.45315,1009.675,91.5,0,4,0.0,0.0,4.149999999999999
2019-04-17,30.95,26.45,28.5375,0.1,97.66487,72.561485,18.59845,1008.84576,75.666664,0,4,0.1,0.0,4.5
2019-04-18,32.25,26.95,29.218752,0.0,91.27397,65.43122,27.276978,1006.35004,30.75,0,4,0.1,0.1,5.300000000000001
2019-04-19,35.2,27.75,30.529167,0.0,87.067825,48.767483,25.721743,1004.3,13.208333,0,4,0.0,0.1,7.450000000000003
2019-04-20,34.7,26.9,29.916666,0.0,94.55174,52.939346,24.442911,1003.85406,34.416668,0,4,0.0,0.0,7.800000000000004
2019-04-21,32.7,26.7,29.36875,0.0,92.89368,66.099976,23.73271,1004.79987,34.541668,0,4,0.0,0.0,6.0000000000000036
2019-04-22,31.8,26.45,28.766668,0.0,87.73677,65.55539,25.772078,1006.7166,24.916666,0,4,0.0,0.0,5.350000000000001
2019-04-23,31.55,25.95,28.385416,0.0,97.07901,64.7128,25.6233,1008.5542,17.958334,0,4,0.0,0.0,5.600000000000001
2019-04-24,31.05,24.95,27.777084,0.0,91.22121,63.247425,25.772078,1007.96674,0.29166666,0,4,0.0,0.0,6.100000000000001
2019-04-25,31.4,25.1,27.952082,0.0,91.960144,62.09848,28.04305,1007.37915,9.333333,0,4,0.0,0.0,6.299999999999997
2019-04-26,30.95,25.5,27.895834,0.0,94.49428,64.01621,27.36947,1008.20825,56.75,0,4,0.0,0.0,5.449999999999999
2019-04-27,30.15,26.25,28.027084,0.0,91.48137,65.81115,26.564486,1009.24567,60.625,0,4,0.0,0.0,3.8999999999999986
2019-04-28,31.6,26.05,28.183334,0.0,95.08079,64.92807,22.9724,1009.5583,39.333332,0,4,0.0,0.0,5.550000000000001
2019-04-29,31.5,26.1,28.520834,0.0,86.65782,63.726505,24.20314,1008.17096,12.666667,0,4,0.0,0.0,5.399999999999999
2019-04-30,31.55,26.4,28.970835,0.0,93.1496,62.053207,22.180206,1007.1917,20.458334,0,4,0.0,0.0,5.150000000000002
2019-05-01,31.4,26.3,28.2125,0.0,87.23875,62.02035,26.525429,1008.35406,23.375,0,5,0.0,0.0,5.099999999999998
2019-05-02,30.9,26.7,28.420835,0.1,93.42898,67.14409,19.164719,1009.19165,26.625,0,5,0.0,0.0,4.199999999999999
2019-05-03,29.65,27.0,27.931252,0.3,92.34203,75.591675,15.137133,1010.3416,45.333332,0,5,0.1,0.0,2.6499999999999986
2019-05-04,31.25,27.25,29.037498,0.0,86.76373,67.42463,22.881956,1008.24585,70.75,0,5,0.3,0.1,4.0
2019-05-05,34.2,28.35,30.677086,0.0,87.405624,50.77615,21.129883,1005.4084,90.625,0,5,0.0,0.3,5.850000000000001
2019-05-06,36.65,28.1,31.147913,0.90000004,91.31704,42.23942,15.629971,1004.00415,77.583336,0,5,0.0,0.0,8.549999999999997
2019-05-07,32.05,27.5,29.806252,0.0,91.32317,65.99915,16.676977,1004.9333,99.416664,1,5,0.90000004,0.0,4.549999999999997
2019-05-08,32.7,26.45,29.079168,10.200001,94.82251,60.034668,19.586117,1004.8916,91.375,1,5,0.0,0.90000004,6.2500000000000036
2019-05-09,29.75,26.0,27.5,30.5,92.83746,72.172264,15.119999,1006.57086,99.291664,0,5,10.200001,0.0,3.75
2019-05-10,31.2,26.1,28.008331,0.5,92.579155,57.44188,20.240196,1008.4624,73.125,1,5,30.5,10.200001,5.099999999999998
2019-05-11,29.35,25.6,27.372917,1.8,93.09524,74.93858,15.725037,1008.8332,65.333336,1,5,0.5,30.5,3.75
2019-05-12,29.65,26.0,27.979162,2.1,93.952385,78.142136,16.700275,1007.9167,38.041668,1,5,1.8,0.5,3.6499999999999986
2019-05-13,31.0,25.8,28.266668,6.8999996,95.35574,67.99376,19.45333,1007.3667,45.708332,0,5,2.1,1.8,5.199999999999999
2019-05-14,31.55,26.7,29.279167,0.0,97.396454,69.7419,21.479666,1007.0042,30.875,0,5,6.8999996,2.1,4.850000000000001
2019-05-15,33.9,27.5,30.183334,0.0,93.7695,53.86934,15.517629,1007.28754,9.625,0,5,0.0,6.8999996,6.399999999999999
2019-05-16,35.1,28.55,30.924997,0.0,87.183395,47.809826,21.605999,1006.33746,44.791668,0,5,0.0,0.0,6.550000000000001
2019-05-17,36.6,29.05,31.818748,0.0,83.17206,41.915016,21.288757,1004.90405,57.75,0,5,0.0,0.0,7.550000000000001
2019-05-18,37.95,29.1,32.031246,0.0,81.22969,38.99088,24.033876,1004.3875,28.083334,0,5,0.0,0.0,8.850000000000001
2019-05-19,38.6,29.05,32.56875,0.0,85.40794,36.84972,20.966715,1005.64166,11.333333,0,5,0.0,0.0,9.55
2019-05-20,35.4,28.2,31.883331,0.0,85.82613,47.9007,17.339897,1006.25415,24.708334,0,5,0.0,0.0,7.199999999999999
2019-05-21,34.75,27.05,30.193747,0.2,90.98163,49.08417,29.414444,1007.75,49.583332,1,5,0.0,0.0,7.699999999999999
2019-05-22,32.3,26.45,29.160416,1.6000001,89.86315,63.345795,21.24,1008.5334,47.458332,0,5,0.2,0.0,5.849999999999998
2019-05-23,32.25,26.8,29.435417,0.7,88.82188,56.41734,17.227419,1008.5459,69.375,0,5,1.6000001,0.2,5.449999999999999
2019-05-24,32.45,27.2,29.804167,0.1,89.6497,59.685425,16.327497,1007.18335,31.916666,1,5,0.7,1.6000001,5.2500000000000036
2019-05-25,34.15,27.2,29.704168,2.5,93.17653,50.584064,21.897945,1005.26666,78.25,1,5,0.1,0.7,6.949999999999999
2019-05-26,34.85,27.5,30.645834,1.8,92.38284,49.42175,22.35481,1004.73755,79.333336,0,5,2.5,0.1,7.350000000000001
2019-05-27,34.4,27.8,30.89583,0.5,91.02935,48.709187,16.548256,1005.4084,92.458336,1,5,1.8,2.5,6.599999999999998
2019-05-28,34.5,27.3,30.068747,5.9999995,90.731316,49.632744,15.905319,1006.14166,87.25,1,5,0.5,1.8,7.199999999999999
2019-05-29,32.0,26.5,28.845839,11.3,91.49953,65.751755,16.854767,1007.1416,97.416664,1,5,5.9999995,0.5,5.5
2019-05-30,30.9,26.9,28.849998,1.1,89.361115,68.12036,13.1041975,1007.6042,93.083336,1,5,11.3,5.9999995,4.0
2019-05-31,32.1,26.7,29.191668,1.8000001,91.51763,64.066216,16.263872,1007.2458,73.625,0,5,1.1,11.3,5.400000000000002
2019-06-01,32.05,26.1,29.060411,0.2,93.6771,63.03849,15.978486,1007.1333,93.458336,0,6,1.8000001,1.1,5.949999999999996
2019-06-02,32.25,26.95,29.558334,1.0,90.166885,61.997772,17.057314,1007.1084,70.666664,0,6,0.2,1.8000001,5.300000000000001
2019-06-03,32.85,28.1,30.372917,0.0,93.50151,58.51942,15.226764,1006.85406,66.041664,0,6,1.0,0.2,4.75
2019-06-04,33.85,27.65,30.883333,0.0,90.48277,56.516575,22.38378,1006.86237,59.708332,0,6,0.0,1.0,6.200000000000003
2019-06-05,33.45,28.0,30.414581,0.0,88.39043,59.509136,29.49804,1007.2251,70.291664,0,6,0.0,0.0,5.450000000000003
2019-06-06,32.8,27.7,30.104164,0.1,90.4861,61.921238,27.70831,1008.4709,74.291664,0,6,0.0,0.0,5.099999999999998
2019-06-07,32.95,27.7,30.197922,0.0,87.32256,60.28325,27.532352,1008.50415,42.25,0,6,0.1,0.0,5.2500000000000036
2019-06-08,33.1,27.75,30.327082,0.2,86.03807,58.062515,21.068459,1006.9001,15.958333,0,6,0.0,0.1,5.350000000000001
2019-06-09,35.6,28.85,31.089579,0.1,78.44601,44.07,17.782686,1004.45416,62.583332,0,6,0.2,0.0,6.75
2019-06-10,34.95,29.4,31.570833,0.0,80.189964,46.67087,19.523155,1003.28326,69.208336,0,6,0.1,0.2,5.550000000000004
2019-06-11,36.2,29.25,32.291668,0.0,75.70894,43.2549,22.657131,1003.95,75.666664,0,6,0.0,0.1,6.950000000000003
2019-06-12,34.65,28.85,31.9,0.1,83.78616,51.072678,15.546833,1004.20435,72.916664,0,6,0.0,0.0,5.799999999999997
2019-06-13,36.55,29.8,32.547916,0.1,76.35215,43.20286,18.892282,1003.85425,98.291664,0,6,0.1,0.0,6.7499999999999964
2019-06-14,36.7,29.9,32.15209,0.0,79.04376,41.611988,18.58451,1003.95416,98.75,0,6,0.1,0.1,6.800000000000004
2019-06-15,35.4,29.65,31.862497,0.0,79.70538,49.87323,18.584509,1003.9707,99.208336,1,6,0.0,0.1,5.75
2019-06-16,34.6,28.35,30.77917,1.7,85.64555,48.612682,16.992609,1004.1458,98.833336,1,6,0.0,0.0,6.25
2019-06-17,35.9,27.65,30.918753,2.0,87.57815,44.691914,16.418526,1004.7249,96.333336,1,6,1.7,0.0,8.25
2019-06-18,32.4,27.05,29.622911,1.6000001,91.53568,58.947,17.22742,1005.7126,64.5,0,6,2.0,1.7,5.349999999999998
2019-06-19,32.0,27.95,30.089579,0.1,88.91143,64.623,14.512064,1005.9417,46.875,0,6,1.6000001,2.0,4.050000000000001
2019-06-20,33.15,28.1,30.377085,0.2,90.24618,63.14944,18.861387,1005.62085,11.375,0,6,0.1,1.6000001,5.049999999999997
2019-06-21,32.95,28.1,30.597918,0.0,91.592476,66.770996,18.844202,1004.70825,3.1666667,0,6,0.2,0.1,4.850000000000001
2019-06-22,33.35,27.6,30.729162,0.0,88.09596,63.00451,20.799152,1003.4626,28.5,0,6,0.0,0.2,5.75
2019-06-23,33.45,28.9,31.039583,0.0,91.91124,57.795723,18.014393,1003.87506,94.583336,0,6,0.0,0.0,4.550000000000004
2019-06-24,35.45,28.85,31.64583,0.1,83.632385,46.80179,22.450264,1005.49164,97.166664,0,6,0.0,0.0,6.600000000000001
2019-06-25,34.55,29.65,31.860418,0.4,78.095505,49.49497,16.29174,1005.82916,83.333336,0,6,0.1,0.0,4.899999999999999
2019-06-26,36.6,29.95,32.3875,0.4,76.10415,41.699238,16.641972,1003.27905,96.916664,0,6,0.4,0.1,6.650000000000002
2019-06-27,37.7,29.5,32.8125,0.0,76.900696,39.04289,18.844202,1001.3376,79.625,0,6,0.4,0.4,8.200000000000003
2019-06-28,37.25,29.7,32.375,0.0,79.324394,36.933937,24.216522,1001.2834,41.416668,0,6,0.0,0.4,7.550000000000001
2019-06-29,36.7,30.0,32.7125,0.0,73.15481,39.37503,18.733839,1001.86676,94.583336,0,6,0.0,0.0,6.700000000000003
2019-06-30,35.95,30.15,32.460415,0.1,68.293884,43.09608,20.380579,1002.06244,99.5,1,6,0.0,0.0,5.800000000000004
2019-07-01,33.7,27.25,30.339586,4.5,88.32958,49.81679,11.726277,1001.2583,100.0,1,7,0.1,0.0,6.450000000000003
2019-07-02,27.8,25.45,26.589586,110.499985,88.55302,79.36833,15.484185,999.66656,99.916664,1,7,4.5,0.1,2.3500000000000014
2019-07-03,30.95,26.1,28.25,9.299999,86.137474,62.67618,18.775303,1000.31665,90.625,0,7,110.499985,4.5,4.849999999999998
2019-07-04,34.1,26.7,29.972916,0.0,82.897,50.44318,18.532133,1004.11676,35.75,0,7,9.299999,110.499985,7.400000000000002
2019-07-05,34.65,26.7,29.747923,0.1,94.85794,50.125263,19.930477,1004.31665,49.833332,0,7,0.0,9.299999,7.949999999999999
2019-07-06,33.6,27.1,29.981249,0.3,91.045166,56.22795,17.902534,1003.7,71.625,0,7,0.1,0.0,6.5
2019-07-07,35.0,27.65,30.608335,0.0,96.29891,50.518867,24.098497,1004.41254,87.708336,0,7,0.3,0.1,7.350000000000001
2019-07-08,35.8,28.0,31.064583,0.0,87.52224,45.767456,23.933908,1004.5999,64.458336,0,7,0.0,0.3,7.799999999999997
2019-07-09,36.6,28.45,31.079168,0.0,85.487274,43.269478,21.67487,1003.97095,95.041664,0,7,0.0,0.0,8.150000000000002
2019-07-10,36.0,27.35,30.914581,0.0,87.49644,44.84159,17.10284,1005.3709,96.833336,0,7,0.0,0.0,8.649999999999999
2019-07-11,35.05,27.85,31.13958,0.1,88.719444,48.287067,18.089775,1007.34155,95.416664,0,7,0.0,0.0,7.199999999999996
2019-07-12,34.1,28.25,31.018751,0.0,87.20542,51.358322,18.328207,1006.4124,47.5,0,7,0.1,0.0,5.850000000000001
2019-07-13,35.4,28.75,31.535418,0.0,80.951775,47.939606,19.486609,1004.44183,75.958336,0,7,0.0,0.1,6.649999999999999
2019-07-14,35.85,28.15,31.34375,0.70000005,86.60708,44.678684,19.386593,1003.075,92.625,0,7,0.0,0.0,7.700000000000003
2019-07-15,34.1,27.8,30.925001,0.3,87.85148,52.10537,16.992609,1003.32513,44.416668,0,7,0.70000005,0.0,6.300000000000001
2019-07-16,33.45,27.65,30.656252,0.2,84.01042,54.897697,16.92383,1003.4041,39.125,1,7,0.3,0.70000005,5.800000000000004
2019-07-17,32.6,27.15,30.083334,1.2,86.00442,57.899242,19.083395,1002.3999,98.291664,0,7,0.2,0.3,5.450000000000003
2019-07-18,34.0,28.95,31.202085,0.0,82.204605,53.246662,16.831684,1001.8708,96.041664,0,7,1.2,0.2,5.050000000000001
2019-07-19,35.15,29.4,32.083336,0.0,75.43978,46.01599,21.09305,1002.8333,70.083336,0,7,0.0,1.2,5.75
2019-07-20,34.95,28.4,31.325005,0.5,88.16607,48.11467,24.18707,1004.65424,85.833336,1,7,0.0,0.0,6.550000000000004
2019-07-21,34.5,27.0,30.302084,1.4000001,91.520645,53.531006,15.725037,1005.22906,59.041668,1,7,0.5,0.0,7.5
2019-07-22,33.65,27.75,30.312502,3.3,88.91143,55.24267,16.548256,1004.59155,83.041664,0,7,1.4000001,0.5,5.899999999999999
2019-07-23,34.0,28.15,30.77083,0.1,80.13304,50.636395,20.140705,1004.0334,71.666664,0,7,3.3,1.4000001,5.850000000000001
2019-07-24,34.9,28.1,31.0,0.0,84.817726,44.837498,20.497883,1005.49585,90.083336,1,7,0.1,3.3,6.799999999999997
2019-07-25,35.05,28.05,30.522917,5.6,88.434784,45.43052,20.833395,1006.8625,95.333336,1,7,0.0,0.1,6.9999999999999964
2019-07-26,32.9,26.6,28.98958,9.200001,93.989296,52.0128,17.81909,1006.26666,84.083336,1,7,5.6,0.0,6.299999999999997
2019-07-27,31.5,26.15,28.583334,2.8,93.95894,62.109444,13.830749,1005.4373,81.708336,1,7,9.200001,5.6,5.350000000000001
2019-07-28,31.85,26.4,28.579168,5.0,94.53008,63.249702,14.689589,1005.43335,73.541664,1,7,2.8,9.200001,5.450000000000003
2019-07-29,31.9,26.2,28.245836,3.7,90.14256,62.881527,15.815435,1004.8459,89.083336,1,7,5.0,2.8,5.699999999999999
2019-07-30,29.7,26.15,28.054167,7.799999,93.69983,70.13649,13.397612,1002.12085,100.0,1,7,3.7,5.0,3.5500000000000007
2019-07-31,31.15,26.75,28.310415,1.9000001,88.34992,67.41481,16.09969,1000.42084,100.0,0,7,7.799999,3.7,4.399999999999999
2019-08-01,31.35,26.25,28.643747,0.2,84.3538,66.23322,17.84816,1000.01654,97.958336,0,8,1.9000001,7.799999,5.100000000000001
2019-08-02,33.75,28.15,30.231249,0.4,78.07414,53.333744,17.414474,999.5793,98.791664,0,8,0.2,1.9000001,5.600000000000001
2019-08-03,34.3,27.2,30.05625,0.0,74.85051,49.430794,20.3774,999.4543,99.625,0,8,0.4,0.2,7.099999999999998
2019-08-04,33.2,27.0,29.637499,0.6,91.28014,53.534298,17.309975,1001.27094,97.25,1,8,0.0,0.4,6.200000000000003
2019-08-05,31.15,26.65,28.691668,8.200001,90.41537,62.719543,13.089354,1003.1292,88.166664,0,8,0.6,0.0,4.5
2019-08-06,31.15,27.15,29.091667,0.5,93.73592,71.13539,12.24,1003.00836,54.791668,1,8,8.200001,0.6,4.0
2019-08-07,31.55,26.55,29.291666,1.4,95.0986,69.32825,13.584932,1000.7666,93.333336,0,8,0.5,8.200001,5.0
2019-08-08,31.8,26.55,29.047913,0.8000001,95.66409,69.66771,13.039754,1000.22925,45.875,1,8,1.4,0.5,5.25
2019-08-09,31.8,26.75,28.920832,31.600002,94.55174,67.9457,14.512064,1000.575,66.25,1,8,0.8000001,1.4,5.050000000000001
2019-08-10,32.2,26.75,29.091665,2.7000003,95.40763,69.412285,14.799459,1001.77496,44.916668,0,8,31.600002,0.8000001,5.450000000000003
2019-08-11,33.7,27.6,30.197912,0.1,89.04188,59.079266,20.799152,1002.7166,58.458332,0,8,2.7000003,31.600002,6.100000000000001
2019-08-12,35.15,28.2,30.735415,0.0,86.24699,49.94975,23.4,1003.8916,88.958336,0,8,0.1,2.7000003,6.949999999999999
2019-08-13,35.8,27.75,31.116663,0.0,81.00196,47.32162,18.782204,1004.24567,82.166664,0,8,0.0,0.1,8.049999999999997
2019-08-14,32.25,28.2,30.20208,0.8,79.90004,65.18524,15.281989,1004.07916,64.666664,0,8,0.0,0.0,4.050000000000001
2019-08-15,34.95,28.4,31.025,0.2,81.37872,52.17273,14.512064,1003.36676,81.458336,0,8,0.8,0.0,6.550000000000004
2019-08-16,36.3,29.3,32.010414,0.1,79.811584,43.987198,20.188908,1004.0666,90.333336,0,8,0.2,0.8,6.9999999999999964
2019-08-17,36.7,28.75,32.279167,0.5,72.31261,39.37503,19.083395,1005.77496,97.125,0,8,0.1,0.2,7.950000000000003
2019-08-18,36.85,28.5,31.608332,0.0,84.458015,36.258038,22.79684,1005.8831,98.541664,0,8,0.5,0.1,8.350000000000001
2019-08-19,36.15,28.5,31.914583,0.0,90.835205,43.546806,16.854767,1003.8,96.083336,1,8,0.0,0.5,7.649999999999999
2019-08-20,34.9,27.3,30.354166,7.8999996,91.02935,46.232044,12.245293,1004.1001,99.416664,1,8,0.0,0.0,7.599999999999998
2019-08-21,32.1,28.15,29.800001,1.0000001,91.862434,60.125393,17.76081,1005.61676,98.791664,1,8,7.8999996,0.0,3.950000000000003
2019-08-22,32.45,27.05,29.595835,9.2,92.06852,60.67218,20.192118,1006.3709,97.125,1,8,1.0000001,7.8999996,5.400000000000002
2019-08-23,30.0,26.6,28.197916,5.399999,93.14468,67.178055,17.068707,1006.62915,98.458336,1,8,9.2,1.0000001,3.3999999999999986
2019-08-24,29.0,25.55,27.3125,12.6,95.06289,74.24265,13.830749,1005.3125,96.458336,1,8,5.399999,9.2,3.4499999999999993
2019-08-25,30.45,26.9,28.10417,2.9999998,95.39433,74.3327,15.986593,1004.5876,98.875,1,8,12.6,5.399999,3.5500000000000007
2019-08-26,32.7,26.15,28.620832,3.1,94.24542,61.681194,15.379206,1004.87067,97.666664,1,8,2.9999998,12.6,6.550000000000004
2019-08-27,31.95,26.0,28.67708,8.1,95.93166,64.89697,21.046917,1005.31244,55.208332,1,8,3.1,2.9999998,5.949999999999999
2019-08-28,29.85,26.7,28.408333,17.899998,95.67979,77.25911,18.806337,1004.51666,99.416664,1,8,8.1,3.1,3.150000000000002
2019-08-29,26.65,25.35,25.970833,100.899994,92.80652,82.60052,28.174458,998.07916,100.0,1,8,17.899998,8.1,1.2999999999999972
2019-08-30,28.8,25.45,26.979164,5.1,94.80753,75.7796,10.383987,1002.63745,89.25,1,8,100.899994,17.899998,3.3500000000000014
2019-08-31,30.9,25.35,27.654167,13.000001,95.34895,72.803276,7.7043357,1004.9917,94.708336,1,8,5.1,100.899994,5.549999999999997
2019-09-01,29.45,25.8,27.558336,39.2,92.860535,78.375465,18.289274,1004.4041,100.0,1,9,13.000001,5.1,3.6499999999999986
2019-09-02,29.2,26.05,27.187498,87.1,92.0345,77.88054,26.826641,999.2083,100.0,1,9,39.2,13.000001,3.1499999999999986
2019-09-03,28.15,25.2,26.62292,17.7,95.34221,79.8801,16.766108,998.1458,97.666664,1,9,87.1,39.2,2.9499999999999993
2019-09-04,29.1,26.0,27.202085,17.300001,92.86309,73.814316,15.328561,999.4959,97.958336,1,9,17.7,87.1,3.1000000000000014
2019-09-05,30.2,25.85,27.56458,2.0000002,97.65458,76.63152,18.681883,1002.1375,98.833336,1,9,17.300001,17.7,4.349999999999998
2019-09-06,31.05,26.85,28.460413,2.7,93.989296,70.87913,13.217443,1003.8584,98.916664,0,9,2.0000002,17.300001,4.199999999999999
2019-09-07,30.8,26.15,28.706247,0.0,95.67195,70.83405,12.261157,1005.1458,95.583336,0,9,2.7,2.0000002,4.650000000000002
2019-09-08,31.3,27.0,29.277082,0.0,92.65035,69.03739,12.7279215,1004.78326,86.333336,1,9,0.0,2.7,4.300000000000001
2019-09-09,32.05,26.5,29.318754,1.8000001,88.71162,67.111015,15.696165,1004.8499,83.166664,1,9,0.0,0.0,5.549999999999997
2019-09-10,32.65,26.6,29.179167,1.5,94.25785,60.63512,12.413476,1008.02094,82.916664,1,9,1.8000001,0.0,6.049999999999997
2019-09-11,30.65,25.45,28.218748,3.9,94.79624,69.98299,13.18308,1010.33746,83.875,1,9,1.5,1.8000001,5.199999999999999
2019-09-12,29.95,25.8,27.820837,3.2999997,95.07186,71.77578,22.881956,1008.90405,67.25,1,9,3.9,1.5,4.149999999999999
2019-09-13,28.7,25.4,26.927086,5.799999,94.212036,82.138954,16.45007,1008.1165,58.333332,1,9,3.2999997,3.9,3.3000000000000007
2019-09-14,29.05,24.95,27.266665,1.9000001,96.49103,78.34714,21.316135,1008.0625,32.25,1,9,5.799999,3.2999997,4.100000000000001
2019-09-15,28.95,25.7,27.391668,1.8000001,93.66799,76.457245,14.693999,1007.8957,23.583334,0,9,1.9000001,5.799999,3.25
2019-09-16,29.35,24.8,27.52709,0.4,98.8129,75.05179,12.496718,1007.32495,11.458333,1,9,1.8000001,1.9000001,4.550000000000001
2019-09-17,29.4,26.0,27.820833,6.5,94.232925,76.26654,16.343367,1008.2541,53.0,1,9,0.4,1.8000001,3.3999999999999986
2019-09-18,28.65,26.0,27.137499,7.9999995,95.64829,83.10389,14.84318,1009.54175,89.041664,1,9,6.5,0.4,2.6499999999999986
2019-09-19,28.35,25.35,26.67917,20.400002,93.92827,80.88124,13.276144,1010.3376,80.666664,1,9,7.9999995,6.5,3.0
2019-09-20,28.35,25.5,26.843748,11.099999,93.09027,81.72429,12.738099,1009.41235,72.375,1,9,20.400002,7.9999995,2.8500000000000014
2019-09-21,28.4,24.8,26.606247,4.1,91.11105,72.6878,14.264361,1010.37085,86.375,1,9,11.099999,20.400002,3.599999999999998
2019-09-22,29.8,25.2,27.229166,2.0,89.27842,62.807735,15.226764,1013.2791,48.041668,1,9,4.1,11.099999,4.600000000000001
2019-09-23,28.5,24.85,26.616663,7.1000004,91.94281,67.28864,16.075521,1015.4416,68.125,1,9,2.0,4.1,3.6499999999999986
2019-09-24,28.1,25.0,26.452082,4.8,90.57556,74.99566,19.602652,1015.5793,44.291668,1,9,7.1000004,2.0,3.1000000000000014
2019-09-25,27.4,25.7,26.235418,10.900002,90.07962,80.94567,13.363711,1015.9292,69.791664,1,9,4.8,7.1000004,1.6999999999999993
2019-09-26,28.2,24.5,26.65,4.5999994,89.4505,72.2151,17.174677,1015.82916,75.083336,1,9,10.900002,4.8,3.6999999999999993
2019-09-27,28.4,24.6,26.474998,1.9000003,93.045265,70.21047,21.068459,1015.3335,77.208336,1,9,4.5999994,10.900002,3.799999999999997
2019-09-28,28.5,23.8,26.545835,1.4000002,97.91526,71.086464,18.161278,1014.3708,27.083334,0,9,1.9000003,4.5999994,4.699999999999999
2019-09-29,29.15,23.15,26.462502,0.3,96.73275,68.864975,20.598795,1012.6999,27.958334,0,9,1.4000002,1.9000003,6.0
2019-09-30,28.55,24.85,26.914581,0.1,93.61979,72.82903,10.703569,1010.8208,27.958334,0,9,0.3,1.4000002,3.6999999999999993
2019-10-01,29.0,25.25,27.172913,0.6,95.90932,74.914505,15.111424,1010.64996,37.041668,0,10,0.1,0.3,3.75
2019-10-02,29.5,25.4,27.629166,0.4,97.93827,73.86415,15.328561,1010.74164,53.625,1,10,0.6,0.1,4.100000000000001
2019-10-03,29.85,25.05,27.397917,2.1,93.921715,76.859764,15.986595,1010.9167,34.416668,1,10,0.4,0.6,4.800000000000001
2019-10-04,29.5,24.95,27.27083,1.9,92.50422,75.389084,14.440443,1010.6333,49.958332,1,10,2.1,0.4,4.550000000000001
2019-10-05,28.65,24.65,26.968748,1.3000001,94.19312,73.937035,16.45007,1011.5916,70.25,1,10,1.9,2.1,4.0
2019-10-06,27.75,23.9,25.86875,2.0,96.15875,80.53661,16.418526,1012.02484,61.25,0,10,1.3000001,1.9,3.8500000000000014
2019-10-07,29.05,24.1,26.591661,0.6,95.87472,73.1261,19.134262,1011.69995,33.416668,1,10,2.0,1.3000001,4.949999999999999
2019-10-08,28.4,25.2,26.802084,5.2999997,94.76591,78.00593,15.408671,1012.70416,69.666664,1,10,0.6,2.0,3.1999999999999993
2019-10-09,27.75,24.25,25.933334,3.3000002,94.16565,82.517265,15.072783,1011.9959,76.583336,1,10,5.2999997,0.6,3.5
2019-10-10,28.35,24.15,26.416666,1.9000003,96.1658,79.44316,10.315115,1011.82916,32.791668,0,10,3.3000002,5.2999997,4.200000000000003
2019-10-11,28.45,24.6,26.685415,0.6,95.316635,76.59604,13.089354,1010.99585,33.833332,1,10,1.9000003,3.3000002,3.849999999999998
2019-10-12,28.65,25.2,26.891665,2.4,100.0,74.83406,12.641076,1011.34576,40.125,1,10,0.6,1.9000003,3.4499999999999993
2019-10-13,28.85,24.4,26.591665,3.3999996,95.60199,68.1052,15.7908325,1012.9749,71.208336,1,10,2.4,0.6,4.450000000000003
2019-10-14,26.6,24.95,25.591665,14.000001,93.90625,82.873795,20.620804,1014.5417,90.458336,1,10,3.3999996,2.4,1.6500000000000021
2019-10-15,26.85,24.55,25.489584,11.1,93.89744,84.92637,17.58481,1014.68335,84.833336,1,10,14.000001,3.3999996,2.3000000000000007
2019-10-16,26.75,24.75,25.629166,20.8,92.78578,84.07244,22.226902,1014.48755,64.75,1,10,11.1,14.000001,2.0
2019-10-17,28.1,25.85,26.949999,4.9999995,86.63464,74.9635,21.578989,1014.19165,49.958332,1,10,20.8,11.1,2.25
2019-10-18,28.45,24.95,26.683332,9.4,91.395836,70.20119,23.199759,1014.58325,57.916668,1,10,4.9999995,20.8,3.5
2019-10-19,28.05,24.05,26.206251,4.899999,92.22325,70.78933,20.26899,1015.0125,38.375,1,10,9.4,4.9999995,4.0
2019-10-20,27.4,23.5,25.620834,3.1000001,97.02694,76.95388,13.5515,1013.85406,27.75,1,10,4.899999,9.4,3.8999999999999986
2019-10-21,28.05,23.9,25.79792,2.0,95.868706,74.761345,10.703569,1011.6335,27.458334,0,10,3.1000001,4.899999,4.150000000000002
2019-10-22,27.8,23.2,26.05625,0.4,96.431175,74.252975,14.264361,1009.8459,31.5,1,10,2.0,3.1000001,4.600000000000001
2019-10-23,28.75,23.65,26.685415,1.2,97.91139,75.325775,18.161278,1009.99176,51.166668,1,10,0.4,2.0,5.100000000000001
2019-10-24,28.6,24.95,26.879166,1.9000001,91.94855,75.5288,15.328561,1012.48755,49.25,1,10,1.2,0.4,3.650000000000002
2019-10-25,27.55,25.2,26.150003,7.8,95.621254,80.53661,19.469975,1013.27496,48.833332,1,10,1.9000001,1.2,2.3500000000000014
2019-10-26,28.9,25.0,26.79583,5.2,94.75831,72.459435,17.811815,1013.18744,76.125,1,10,7.8,1.9000001,3.8999999999999986
2019-10-27,27.0,24.95,25.983335,8.900001,94.191025,85.392334,14.021525,1012.75415,77.375,1,10,5.2,7.8,2.0500000000000007
2019-10-28,28.45,24.65,26.608335,2.3000002,90.29567,74.82598,17.148247,1012.8459,37.125,1,10,8.900001,5.2,3.8000000000000007
2019-10-29,27.0,23.6,25.291664,10.099999,89.75868,74.28564,32.47192,1012.8291,75.75,1,10,2.3000002,8.900001,3.3999999999999986
2019-10-30,27.05,24.55,25.506248,69.8,91.97453,70.822914,44.76177,1010.3,98.041664,1,10,10.099999,2.3000002,2.5
2019-10-31,26.2,24.9,25.33542,69.30001,94.474266,88.50883,34.569374,1009.7668,99.958336,1,10,69.8,10.099999,1.3000000000000007
2019-11-01,26.75,24.75,25.452082,12.299998,94.74875,84.15389,13.570615,1011.50836,93.291664,1,11,69.30001,69.8,2.0
2019-11-02,26.4,25.1,25.754166,7.8999996,92.52574,81.03159,17.414474,1011.7417,73.791664,1,11,12.299998,69.30001,1.2999999999999972
2019-11-03,27.05,23.2,25.408333,2.5,94.11442,72.78314,21.746504,1012.179,98.375,1,11,7.8999996,12.299998,3.8500000000000014
2019-11-04,28.2,23.45,25.793747,3.2,93.2705,63.428574,21.046917,1012.69574,54.5,0,11,2.5,7.8999996,4.75
2019-11-05,27.3,22.6,25.118752,0.9,96.41532,62.05482,19.878391,1011.3625,88.5,1,11,3.2,2.5,4.699999999999999
2019-11-06,26.1,22.85,24.508333,2.1000001,92.959114,74.21477,15.484185,1010.5583,83.666664,1,11,0.9,3.2,3.25
2019-11-07,26.75,23.05,24.968748,4.1,89.10633,70.55087,21.749481,1013.2292,73.458336,1,11,2.1000001,0.9,3.6999999999999993
2019-11-08,26.45,21.05,24.206251,2.0,95.48553,57.161526,26.459387,1015.46674,81.291664,1,11,4.1,2.1000001,5.399999999999999
2019-11-09,26.35,23.4,24.568748,2.0,82.25363,61.85398,24.490585,1014.29584,96.416664,1,11,2.0,4.1,2.950000000000003
2019-11-10,25.0,23.5,24.231253,73.5,90.846016,76.07138,39.97297,1011.08746,99.708336,1,11,2.0,2.0,1.5
2019-11-11,26.05,24.55,25.170832,22.0,91.9399,87.32005,34.131718,1009.49585,73.958336,1,11,73.5,2.0,1.5
2019-11-12,27.65,24.25,25.918749,2.9,93.59196,75.82071,22.782625,1011.5916,35.583332,1,11,22.0,73.5,3.3999999999999986
2019-11-13,26.1,24.45,25.420835,3.1999996,91.66586,73.30395,23.185787,1015.70416,73.125,1,11,2.9,22.0,1.6500000000000021
2019-11-14,27.0,23.85,24.862495,3.8999999,87.779274,65.36163,22.42427,1015.83325,57.125,1,11,3.1999996,2.9,3.1499999999999986
2019-11-15,26.35,22.55,24.606253,4.1,96.70848,71.77324,17.713316,1014.1751,66.375,1,11,3.8999999,3.1999996,3.8000000000000007
2019-11-16,26.1,21.7,24.160416,2.8999996,97.28973,77.69324,11.885453,1012.9709,83.541664,0,11,4.1,3.8999999,4.400000000000002
2019-11-17,27.3,22.7,25.068748,0.5,97.599266,74.86671,18.861387,1012.62506,45.291668,0,11,2.8999996,4.1,4.600000000000001
2019-11-18,26.85,22.45,24.893753,0.90000004,94.38285,79.238144,11.988594,1014.41656,34.333332,1,11,0.5,2.8999996,4.400000000000002
2019-11-19,26.6,23.55,24.754166,3.1,91.03114,70.2507,16.746773,1015.8499,61.625,1,11,0.90000004,0.5,3.0500000000000007
2019-11-20,25.0,23.35,24.25,4.8999996,85.09111,76.58908,21.67786,1016.0542,61.75,1,11,3.1,0.90000004,1.6499999999999986
2019-11-21,25.95,21.2,23.872917,2.3,96.377884,68.68009,17.727943,1016.3291,69.041664,1,11,4.8999996,3.1,4.75
2019-11-22,25.95,18.15,22.825003,1.1,99.68658,65.22981,14.982228,1015.66254,63.583332,0,11,2.3,4.8999996,7.800000000000001
2019-11-23,25.65,21.15,23.391668,0.0,94.65776,66.9338,11.480557,1015.00433,31.458334,1,11,1.1,2.3,4.5
2019-11-24,26.25,21.35,23.981253,1.2,93.455086,71.51666,14.007655,1015.9373,41.125,1,11,0.0,1.1,4.899999999999999
2019-11-25,26.5,23.15,24.664583,19.9,92.6887,68.999344,23.0653,1016.17065,76.416664,1,11,1.2,0.0,3.3500000000000014
2019-11-26,25.55,24.05,24.747917,13.299998,94.72189,86.56005,21.611996,1015.22906,67.125,1,11,19.9,1.2,1.5
2019-11-27,26.55,23.6,25.112501,10.999999,93.007454,82.09647,23.686249,1015.7,62.833332,1,11,13.299998,19.9,2.9499999999999993
2019-11-28,25.4,23.5,24.427084,13.100001,91.05363,81.657005,35.69632,1016.5999,78.666664,1,11,10.999999,13.299998,1.8999999999999986
2019-11-29,25.75,23.35,24.214584,10.7,93.277855,80.056725,27.36947,1016.4834,79.416664,1,11,13.100001,10.999999,2.3999999999999986
2019-11-30,25.95,23.25,24.483335,4.899999,91.06001,73.508865,22.553936,1015.8,90.375,1,11,10.7,13.100001,2.6999999999999993
2019-12-01,25.95,23.5,24.577082,1.6000001,90.47751,73.735245,24.184391,1016.0332,59.291668,1,12,4.899999,10.7,2.4499999999999993
2019-12-02,24.4,21.4,22.766665,7.6,86.24583,70.113,32.379993,1018.7083,78.875,1,12,1.6000001,4.899999,3.0
2019-12-03,22.85,19.3,21.243752,2.3000002,87.94558,64.6339,29.68636,1019.2834,93.375,1,12,7.6,1.6000001,3.5500000000000007
2019-12-04,22.85,20.65,21.589582,3.4999998,75.266235,61.6222,30.77737,1019.37085,90.416664,1,12,2.3000002,7.6,2.200000000000003
2019-12-05,22.8,19.85,21.379166,5.2000003,83.38098,58.539806,32.361977,1020.8584,99.541664,0,12,3.4999998,2.3000002,2.9499999999999993
2019-12-06,22.15,19.85,20.904167,0.0,66.407524,49.543148,30.652895,1022.2334,61.5,0,12,5.2000003,3.4999998,2.299999999999997
2019-12-07,21.95,20.0,20.718748,0.0,64.11222,48.61949,22.702845,1021.9251,66.041664,1,12,0.0,5.2000003,1.9499999999999993
2019-12-08,21.8,18.95,20.28333,2.1,90.72768,60.330025,24.633049,1021.0293,97.0,1,12,0.0,0.0,2.8500000000000014
2019-12-09,21.0,17.1,19.262499,2.6000001,96.26486,74.69779,19.211996,1018.58325,70.208336,0,12,2.1,0.0,3.8999999999999986
2019-12-10,22.7,17.75,20.333334,0.0,95.071434,67.77421,21.479666,1016.63745,30.666666,1,12,2.6000001,2.1,4.949999999999999
2019-12-11,23.4,19.5,21.806252,5.0000005,92.88435,68.395645,16.92383,1016.67084,83.083336,1,12,0.0,2.6000001,3.8999999999999986
2019-12-12,23.55,20.05,22.0875,5.9999995,96.65161,76.834206,17.114204,1017.5457,87.5,1,12,5.0000005,0.0,3.5
2019-12-13,25.1,20.2,22.804167,2.8999999,96.650345,67.66367,14.658676,1018.7834,65.666664,1,12,5.9999995,5.0000005,4.900000000000002
2019-12-14,24.8,21.25,23.200003,5.999999,94.02976,79.44001,17.193533,1017.7625,71.041664,1,12,2.8999999,5.9999995,3.5500000000000007
2019-12-15,25.4,21.35,23.233332,1.8000002,93.2016,74.498955,15.192682,1016.25415,69.708336,1,12,5.999999,2.8999999,4.049999999999997
2019-12-16,25.5,21.6,23.749998,1.7,98.187904,82.24924,13.479583,1015.1125,68.791664,0,12,1.8000002,5.999999,3.8999999999999986
2019-12-17,25.35,20.55,23.258333,0.3,97.86888,81.22168,9.746631,1015.50415,83.166664,0,12,1.7,1.8000002,4.800000000000001
2019-12-18,25.45,21.2,23.614584,1.0,98.17841,83.45829,12.758432,1015.53735,55.208332,1,12,0.3,1.7,4.25
2019-12-19,25.1,21.9,23.295835,2.6000001,96.40336,82.67464,9.449572,1015.5168,78.791664,1,12,1.0,0.3,3.200000000000003
2019-12-20,24.95,21.5,23.197916,3.7,97.27855,78.4905,11.659777,1015.2874,83.958336,1,12,2.6000001,1.0,3.4499999999999993
2019-12-21,24.8,20.2,23.047918,2.1000001,99.69551,81.41354,9.793058,1014.58746,49.916668,0,12,3.7,2.6000001,4.600000000000001
2019-12-22,25.4,20.4,23.075003,0.3,99.08758,81.94429,15.077082,1013.66675,27.458334,0,12,2.1000001,3.7,5.0
2019-12-23,26.1,20.45,23.533333,0.3,97.86088,76.71157,20.780453,1014.2834,31.791666,0,12,0.3,2.1000001,5.650000000000002
2019-12-24,25.2,20.25,22.741669,0.0,98.16882,71.30854,16.746773,1015.075,38.041668,0,12,0.3,0.3,4.949999999999999
2019-12-25,24.95,18.6,22.489584,0.1,97.53181,72.659195,16.520823,1013.2874,18.458334,1,12,0.0,0.3,6.349999999999998
2019-12-26,24.85,20.25,22.574999,2.5,99.387215,73.26099,11.384198,1015.26245,44.875,1,12,0.1,0.0,4.600000000000001
2019-12-27,24.25,20.2,22.504168,5.8999996,92.81896,69.865486,19.171478,1016.9334,66.5,1,12,2.5,0.1,4.050000000000001
2019-12-28,24.0,21.45,22.775,6.299999,94.6381,76.91061,17.414474,1016.19995,78.875,1,12,5.8999996,2.5,2.5500000000000007
2019-12-29,24.45,22.45,23.352083,2.4,91.802246,80.1284,20.907913,1015.73755,89.083336,1,12,6.299999,5.8999996,2.0
2019-12-30,24.8,21.9,23.366669,3.2000003,98.1852,80.1751,19.562946,1017.35425,88.541664,1,12,2.4,6.299999,2.900000000000002
2019-12-31,25.25,22.45,23.706253,9.099999,94.675354,86.050705,19.0392,1019.66254,73.75,1,12,3.2000003,2.4,2.8000000000000007
2020-01-01,24.85,22.85,23.820833,3.8999994,91.27459,82.81636,22.027763,1020.8459,68.125,1,1,9.099999,3.2000003,2.0
2020-01-02,24.65,23.05,23.69375,5.4999995,89.90163,81.13268,20.497883,1020.5125,90.375,1,1,3.8999994,9.099999,1.5999999999999979
2020-01-03,25.35,21.05,23.370834,4.6000004,98.77823,74.762245,20.478907,1019.04584,73.5,1,1,5.4999995,3.8999994,4.300000000000001
2020-01-04,25.1,20.8,22.991669,3.6000001,95.773,66.61321,17.294992,1017.36664,91.708336,1,1,4.6000004,5.4999995,4.300000000000001
2020-01-05,24.8,20.8,22.708336,2.8,97.86967,75.15216,16.946787,1016.70416,50.958332,0,1,3.6000001,4.6000004,4.0
2020-01-06,25.25,21.7,23.360418,0.3,95.801125,76.764336,13.551501,1015.6292,27.833334,1,1,2.8,3.6000001,3.5500000000000007
2020-01-07,25.15,21.25,23.679169,1.6000001,97.87367,79.942894,14.081478,1015.77075,53.333332,1,1,0.3,2.8,3.8999999999999986
2020-01-08,25.55,22.35,23.84583,4.6,96.99926,77.61961,14.33234,1015.7166,87.291664,0,1,1.6000001,0.3,3.1999999999999993
2020-01-09,24.95,19.5,22.800001,1.0,99.692184,75.17639,13.910169,1014.40826,45.875,1,1,4.6,1.6000001,5.449999999999999
2020-01-10,24.6,21.25,23.300003,3.3,99.39343,78.575516,13.627795,1013.07916,67.125,1,1,1.0,4.6,3.3500000000000014
2020-01-11,25.15,20.1,23.116669,3.0999997,99.38305,77.08502,11.609651,1013.24164,95.25,1,1,3.3,1.0,5.049999999999997
2020-01-12,24.85,21.2,23.125002,4.2,96.97346,77.277504,12.783802,1014.2417,63.291668,1,1,3.0999997,3.3,3.650000000000002
2020-01-13,24.65,19.95,22.408333,3.1999996,96.64662,73.05947,17.873554,1014.8542,59.25,0,1,4.2,3.0999997,4.699999999999999
2020-01-14,24.9,20.6,22.918749,0.1,93.41895,64.70516,19.813087,1015.2458,36.75,0,1,3.1999996,4.2,4.299999999999997
2020-01-15,25.4,19.5,22.954168,0.0,96.331635,66.67448,19.523155,1014.3416,18.75,0,1,0.1,3.1999996,5.899999999999999
2020-01-16,24.95,20.2,23.168747,0.6,98.18047,77.75504,16.676977,1015.1792,30.708334,1,1,0.0,0.1,4.75
2020-01-17,25.25,20.9,23.30417,1.2,98.47309,74.46589,13.138765,1016.8125,22.208334,0,1,0.6,0.0,4.350000000000001
2020-01-18,25.3,20.3,22.704168,0.3,97.25812,71.299416,13.979871,1016.14166,27.0,1,1,1.2,0.6,5.0
2020-01-19,24.9,19.45,22.441671,1.1000001,95.16601,68.9047,16.279802,1017.54987,45.458332,0,1,0.3,1.2,5.449999999999999
2020-01-20,24.65,20.3,22.654167,0.5,92.24719,67.776024,17.227419,1018.6875,50.041668,0,1,1.1000001,0.3,4.349999999999998
2020-01-21,24.8,20.9,22.779167,0.0,90.930534,67.593735,15.463246,1018.2041,45.666668,0,1,0.5,1.1000001,3.900000000000002
2020-01-22,25.9,20.75,23.356253,0.0,93.71658,66.36156,18.709612,1015.8875,63.291668,0,1,0.0,0.5,5.149999999999999
2020-01-23,26.2,21.35,23.877083,0.0,95.50555,73.27454,24.640942,1014.1707,58.791668,0,1,0.0,0.0,4.849999999999998
2020-01-24,26.65,21.7,24.112501,0.0,95.81814,74.47577,26.178707,1013.53326,91.958336,0,1,0.0,0.0,4.949999999999999
2020-01-25,26.6,22.25,24.366669,0.70000005,96.99703,72.94572,25.364037,1011.4124,96.0,0,1,0.0,0.0,4.350000000000001
2020-01-26,23.85,19.75,21.602081,0.0,84.70045,71.33997,38.16849,1013.69165,95.416664,1,1,0.70000005,0.0,4.100000000000001
2020-01-27,23.75,20.45,21.733332,1.7,89.42031,73.13151,23.000591,1013.17914,98.25,1,1,0.0,0.70000005,3.3000000000000007
2020-01-28,22.55,20.65,21.5,33.2,91.694496,79.87215,17.373497,1015.34174,99.083336,1,1,1.7,0.0,1.9000000000000021
2020-01-29,21.5,19.45,20.554167,25.400003,89.75583,83.67978,25.277023,1017.65436,99.833336,1,1,33.2,1.7,2.0500000000000007
2020-01-30,20.75,17.65,19.435415,8.4,95.68208,72.069046,24.482647,1018.6709,94.333336,0,1,25.400003,33.2,3.1000000000000014
2020-01-31,22.8,18.85,21.18125,0.4,93.92302,64.26456,14.689589,1018.4167,87.958336,0,1,8.4,25.400003,3.9499999999999993
2020-02-01,24.15,19.35,21.570831,0.1,88.50253,54.31286,18.847641,1017.93756,56.083332,0,2,0.4,8.4,4.799999999999997
2020-02-02,24.45,19.25,21.706251,0.0,96.32476,65.85473,16.279802,1017.9084,21.833334,0,2,0.1,0.4,5.199999999999999
2020-02-03,24.4,18.8,22.052084,0.0,98.44867,72.51876,17.917007,1016.3582,36.208332,0,2,0.0,0.1,5.599999999999998
2020-02-04,24.25,19.2,22.283335,0.2,97.54938,76.45793,16.965895,1016.17505,65.041664,0,2,0.0,0.0,5.050000000000001
2020-02-05,24.65,19.75,22.227081,0.2,93.409294,64.66249,13.854155,1016.21246,38.583332,0,2,0.2,0.0,4.899999999999999
2020-02-06,25.3,18.5,22.383333,0.0,98.44517,66.0002,20.08916,1015.8918,43.708332,0,2,0.2,0.2,6.800000000000001
2020-02-07,24.45,20.15,22.777084,0.90000004,97.26529,75.22373,14.84318,1017.7209,60.458332,1,2,0.0,0.2,4.300000000000001
2020-02-08,24.45,22.0,23.058334,4.6999993,88.473366,75.55455,23.73271,1019.9624,43.875,1,2,0.90000004,0.0,2.4499999999999993
2020-02-09,23.9,21.5,22.48958,2.5999997,82.32709,72.70167,31.65135,1020.39575,43.541668,1,2,4.6999993,0.90000004,2.3999999999999986
2020-02-10,23.4,21.55,22.397917,6.1999993,96.38733,73.53035,17.208603,1018.78326,95.0,0,2,2.5999997,4.6999993,1.8499999999999979
2020-02-11,24.4,20.6,22.93125,0.6,98.77403,82.09167,13.202726,1016.81683,74.166664,0,2,6.1999993,2.5999997,3.799999999999997
2020-02-12,26.0,21.95,24.1625,0.0,97.89186,75.106476,21.603,1014.4917,40.708332,0,2,0.6,6.1999993,4.050000000000001
2020-02-13,27.5,22.5,24.897919,0.0,99.09511,80.28828,21.2522,1010.99164,41.083332,0,2,0.0,0.6,5.0
2020-02-14,27.55,22.55,24.858335,0.0,99.696785,81.26569,23.4,1009.59985,47.791668,0,2,0.0,0.0,5.0
2020-02-15,27.45,22.55,24.766663,0.0,99.69686,82.21689,23.358423,1010.68756,31.708334,1,2,0.0,0.0,4.899999999999999
2020-02-16,28.05,20.9,22.887503,2.8000002,98.798676,73.38636,43.09487,1017.54156,71.541664,1,2,0.0,0.0,7.150000000000002
2020-02-17,21.5,19.7,20.572918,26.7,88.90236,79.12943,21.924562,1021.9875,100.0,1,2,2.8000002,0.0,1.8000000000000007
2020-02-18,21.75,19.65,21.222918,20.900002,87.98866,78.51886,25.96995,1020.76685,92.0,1,2,26.7,2.8000002,2.1000000000000014
2020-02-19,23.8,19.65,21.70833,5.1,99.6905,73.36917,16.1198,1019.8416,59.625,1,2,20.900002,26.7,4.150000000000002
2020-02-20,24.85,20.15,22.475,3.8000002,93.98118,68.03847,17.377226,1020.7083,47.708332,1,2,5.1,20.900002,4.700000000000003
2020-02-21,24.1,21.4,22.585417,3.2999995,87.03112,70.940056,24.27265,1023.0334,39.5,1,2,3.8000002,5.1,2.700000000000003
2020-02-22,23.7,20.9,22.183332,3.9,86.97587,75.91391,22.42427,1022.7624,31.708334,0,2,3.2999995,3.8000002,2.8000000000000007
2020-02-23,24.1,18.15,21.714584,0.7,97.54293,67.240944,18.775303,1020.4792,32.125,0,2,3.9,3.2999995,5.950000000000003
2020-02-24,24.5,17.75,21.395834,0.0,99.38048,69.40007,12.979984,1016.97906,57.625,0,2,0.7,3.9,6.75
2020-02-25,24.35,19.45,22.364584,0.0,99.38489,73.65842,15.141414,1015.78326,35.708332,0,2,0.0,0.7,4.900000000000002
2020-02-26,24.85,20.25,22.787498,0.8000001,99.692986,82.17071,13.397612,1016.12494,22.791666,1,2,0.0,0.0,4.600000000000001
2020-02-27,24.65,19.8,22.924997,2.1,99.38584,81.8397,16.981165,1015.7959,81.541664,1,2,0.8000001,0.0,4.849999999999998
2020-02-28,24.55,21.1,23.025,2.1000001,100.0,80.048,13.207634,1013.92084,63.125,0,2,2.1,0.8000001,3.4499999999999993
2020-02-29,25.45,21.2,23.929167,0.2,99.08344,80.73348,17.462784,1012.5291,25.791666,0,2,2.1000001,2.1,4.25
2020-03-01,26.45,22.5,24.464584,0.1,96.70725,80.3669,21.434364,1012.6126,69.166664,0,3,0.2,2.1000001,3.9499999999999993
2020-03-02,26.45,22.85,24.547918,0.1,95.256195,77.51557,23.34455,1013.3501,56.958332,1,3,0.1,0.2,3.599999999999998
2020-03-03,26.25,23.4,24.589586,1.7,94.69678,77.69324,21.749481,1013.34595,52.5,1,3,0.1,0.1,2.8500000000000014
2020-03-04,26.0,23.3,24.454168,24.900002,93.84402,81.06983,21.479664,1013.74176,79.916664,1,3,1.7,0.1,2.6999999999999993
2020-03-05,25.6,22.35,24.13958,4.299999,97.59302,80.254814,14.332341,1014.6291,81.708336,0,3,24.900002,1.7,3.25
2020-03-06,25.8,22.3,24.114584,0.5,97.89033,80.79815,15.629972,1013.85004,63.75,0,3,4.299999,24.900002,3.5
2020-03-07,26.35,23.0,24.545835,0.0,99.69793,84.619194,15.0038395,1010.94995,60.041668,0,3,0.5,4.299999,3.3500000000000014
2020-03-08,28.2,23.35,25.577087,0.0,100.0,83.2609,20.991426,1007.25433,28.583334,0,3,0.0,0.5,4.849999999999998
2020-03-09,31.55,23.6,26.564585,0.0,99.70048,66.095535,21.325253,1006.10406,9.041667,0,3,0.0,0.0,7.949999999999999
2020-03-10,29.0,23.65,25.750002,0.5,98.51308,79.68799,27.153164,1010.6709,31.291666,0,3,0.0,0.0,5.350000000000001
2020-03-11,26.3,23.35,25.06458,0.4,97.90673,81.10798,12.0694,1013.4793,35.25,0,3,0.5,0.0,2.9499999999999993
2020-03-12,27.95,23.6,25.687498,0.0,96.73392,76.00397,23.584808,1012.3625,8.625,0,3,0.4,0.5,4.349999999999998
2020-03-13,28.7,23.3,25.981249,0.0,99.0978,76.91722,22.59699,1012.13336,43.791668,1,3,0.0,0.4,5.399999999999999
2020-03-14,27.1,23.7,25.514582,3.4,97.61702,82.937515,15.844089,1014.6125,70.208336,1,3,0.0,0.0,3.400000000000002
2020-03-15,26.65,23.55,25.189585,2.1000001,97.31975,79.67188,12.661564,1014.88324,57.291668,0,3,3.4,0.0,3.099999999999998
2020-03-16,26.7,24.1,25.464579,0.3,93.86855,79.9406,24.514387,1015.01666,40.75,0,3,2.1000001,3.4,2.599999999999998
2020-03-17,27.15,23.6,25.489584,0.1,91.114204,79.26565,23.686249,1014.22095,62.083332,0,3,0.3,2.1000001,3.549999999999997
2020-03-18,28.0,23.6,25.581247,0.0,95.28568,66.58379,21.659918,1011.86255,59.916668,0,3,0.1,0.3,4.399999999999999
2020-03-19,28.45,24.55,26.222916,0.2,94.191025,77.77194,20.288164,1011.6042,67.916664,0,3,0.0,0.1,3.8999999999999986
2020-03-20,27.55,23.55,25.6625,0.1,96.73392,77.443,23.006226,1012.4417,48.5,0,3,0.2,0.0,4.0
2020-03-21,28.35,24.0,25.939585,0.0,94.719955,71.70898,26.434887,1012.31665,35.541668,0,3,0.1,0.2,4.350000000000001
2020-03-22,28.35,23.75,25.956251,0.0,96.73877,73.42463,22.881958,1011.65826,24.041666,0,3,0.0,0.1,4.600000000000001
2020-03-23,27.7,23.65,25.44375,0.0,94.70647,72.65649,21.746502,1011.81256,35.708332,0,3,0.0,0.0,4.050000000000001
2020-03-24,27.75,24.0,25.791664,0.0,95.00674,73.77029,21.129885,1010.91675,18.375,0,3,0.0,0.0,3.75
2020-03-25,28.05,23.95,26.045835,0.0,97.327644,73.39928,25.071098,1010.3582,22.708334,0,3,0.0,0.0,4.100000000000001
2020-03-26,28.65,24.35,26.429167,0.0,97.62848,74.351616,25.759504,1010.4958,32.083332,0,3,0.0,0.0,4.299999999999997
2020-03-27,29.15,24.45,26.643753,0.0,95.30976,74.04465,26.064596,1009.84595,27.708334,0,3,0.0,0.0,4.699999999999999
2020-03-28,29.7,24.8,26.783333,0.0,91.66291,70.61636,25.600533,1009.5041,21.75,0,3,0.0,0.0,4.899999999999999
2020-03-29,29.55,24.7,26.82917,0.0,92.212074,69.78827,28.33957,1008.71246,14.5,0,3,0.0,0.0,4.850000000000001
2020-03-30,29.8,24.75,27.058334,0.0,98.22266,71.5166,25.284714,1008.5791,15.375,0,3,0.0,0.0,5.050000000000001
2020-03-31,29.8,25.15,27.158335,0.0,95.33372,76.37347,22.104116,1009.7375,21.5,0,3,0.0,0.0,4.650000000000002
2020-04-01,28.15,24.45,26.46875,0.8,95.8868,82.00057,19.813087,1011.5208,43.583332,0,4,0.0,0.0,3.6999999999999993
2020-04-02,29.2,24.6,26.591665,0.0,96.467804,65.196815,26.183659,1012.09155,25.416666,0,4,0.8,0.0,4.599999999999998
2020-04-03,29.05,25.1,26.799995,0.3,94.76211,69.064476,26.368616,1012.43335,26.541666,1,4,0.0,0.8,3.9499999999999993
2020-04-04,28.4,24.85,26.687502,1.2000002,96.478134,79.66782,18.844202,1013.48334,27.875,0,4,0.3,0.0,3.549999999999997
2020-04-05,28.5,24.4,26.35417,0.90000004,90.90128,73.68918,15.379206,1013.87915,40.125,0,4,1.2000002,0.3,4.100000000000001
2020-04-06,29.1,24.5,26.133333,0.0,85.19934,65.79601,26.089447,1011.9292,59.583332,0,4,0.90000004,1.2000002,4.600000000000001
2020-04-07,26.9,23.65,25.014585,0.0,87.76634,73.8948,27.067116,1012.27924,77.458336,0,4,0.0,0.90000004,3.25
2020-04-08,28.15,23.8,25.379171,0.0,87.000565,67.434944,35.230373,1013.2166,56.375,1,4,0.0,0.0,4.349999999999998
2020-04-09,27.85,24.5,25.745834,10.200002,91.395836,70.725365,25.20257,1014.1458,85.333336,1,4,0.0,0.0,3.3500000000000014
2020-04-10,27.1,23.9,25.695833,1.9000002,97.62059,81.69971,17.114204,1014.10004,93.541664,0,4,10.200002,0.0,3.200000000000003
2020-04-11,28.45,24.95,26.518751,0.0,98.81331,74.80985,18.733839,1012.2959,94.583336,1,4,1.9000002,10.200002,3.5
2020-04-12,26.8,23.25,25.104166,12.200002,94.49828,83.542885,28.266304,1014.2166,92.166664,1,4,0.0,1.9000002,3.5500000000000007
2020-04-13,25.3,22.4,23.641663,2.1,87.11334,66.10402,23.576563,1016.2874,99.583336,0,4,12.200002,0.0,2.900000000000002
2020-04-14,25.45,22.35,23.914587,0.1,89.905235,74.335396,14.408997,1015.0459,91.583336,0,4,2.1,12.200002,3.099999999999998
2020-04-15,26.4,22.95,24.633337,0.1,90.99237,76.07199,15.629971,1013.1873,81.5,0,4,0.1,2.1,3.4499999999999993
2020-04-16,28.35,23.15,25.69375,0.0,96.1446,69.35214,25.14852,1011.7334,85.208336,0,4,0.1,0.1,5.200000000000003
2020-04-17,28.3,24.25,26.406252,0.0,96.18821,74.30236,23.068108,1011.86676,97.291664,0,4,0.0,0.1,4.050000000000001
2020-04-18,28.0,24.6,26.222921,0.0,97.632866,82.546684,17.873556,1011.39996,70.791664,0,4,0.0,0.0,3.3999999999999986
2020-04-19,29.6,24.95,27.07292,0.0,98.51857,75.865234,21.99538,1010.16254,45.708332,0,4,0.0,0.0,4.650000000000002
2020-04-20,29.7,25.1,27.193754,0.0,97.9337,78.206184,20.724247,1010.14166,84.125,0,4,0.0,0.0,4.599999999999998
2020-04-21,30.2,25.3,27.445831,0.0,97.35415,70.89283,25.284714,1009.37506,67.666664,0,4,0.0,0.0,4.899999999999999
2020-04-22,29.35,26.1,27.420835,0.0,93.127426,76.30481,26.339111,1010.94995,90.416664,1,4,0.0,0.0,3.25
2020-04-23,28.85,25.4,27.158339,3.3,91.50255,77.17038,19.813087,1012.36664,96.208336,1,4,0.0,0.0,3.450000000000003
2020-04-24,26.4,22.95,24.781252,53.399998,90.163155,81.84221,17.309973,1014.1624,97.958336,1,4,3.3,0.0,3.4499999999999993
2020-04-25,25.6,23.4,24.414581,70.69999,93.268105,80.45439,12.7279215,1014.89996,97.916664,1,4,53.399998,3.3,2.200000000000003
2020-04-26,26.45,23.25,25.085419,5.499999,92.41174,76.73443,22.322903,1015.90015,70.291664,1,4,70.69999,53.399998,3.1999999999999993
2020-04-27,25.85,23.45,24.439583,1.7000002,89.64891,81.53876,28.19285,1016.38336,90.875,0,4,5.499999,70.69999,2.400000000000002
2020-04-28,25.85,22.05,24.456251,0.90000004,99.39209,79.33457,16.09969,1014.92914,67.458336,1,4,1.7000002,5.499999,3.8000000000000007
2020-04-29,27.25,24.25,25.641668,2.1,95.87926,71.51267,15.856354,1014.1499,50.666668,0,4,0.90000004,1.7000002,3.0
2020-04-30,27.35,24.05,25.820833,0.6,100.0,80.74043,13.905509,1012.6958,30.833334,0,4,2.1,0.90000004,3.3000000000000007
2020-05-01,28.25,24.95,26.543755,0.1,94.20363,79.19195,19.110542,1010.3875,19.583334,0,5,0.6,2.1,3.3000000000000007
2020-05-02,28.55,24.6,26.622915,0.1,95.88982,80.66572,21.129883,1008.85004,42.208332,0,5,0.1,0.6,3.9499999999999993
2020-05-03,29.2,24.95,27.172915,0.0,98.81331,80.98272,19.721298,1008.5916,45.291668,0,5,0.1,0.1,4.25
2020-05-04,29.75,24.6,27.229164,0.0,99.70171,75.70894,19.130875,1008.67505,45.125,0,5,0.0,0.1,5.149999999999999
2020-05-05,29.8,25.45,27.499998,0.0,96.781624,77.77145,21.933426,1007.6707,36.083332,0,5,0.0,0.0,4.350000000000001
2020-05-06,30.9,25.45,28.027079,0.0,95.343864,72.977486,21.129883,1006.9458,42.375,0,5,0.0,0.0,5.449999999999999
2020-05-07,30.75,26.3,28.435417,0.0,94.24542,76.54012,20.948164,1005.97925,23.666666,0,5,0.0,0.0,4.449999999999999
2020-05-08,32.2,26.5,28.927084,0.1,95.66881,77.389656,18.733839,1006.49164,49.75,0,5,0.0,0.0,5.700000000000003
2020-05-09,31.25,26.95,28.818748,0.0,98.25379,79.52428,19.602652,1007.6167,20.458334,0,5,0.1,0.0,4.300000000000001
2020-05-10,31.2,25.7,28.347918,0.0,96.49619,77.85067,21.313093,1008.20844,17.375,0,5,0.0,0.1,5.5
2020-05-11,30.7,25.85,28.05208,0.0,90.42552,74.7168,21.313093,1008.67084,66.333336,0,5,0.0,0.0,4.849999999999998
2020-05-12,29.95,25.15,27.754166,0.4,97.35123,71.56098,16.923828,1009.98755,37.791668,0,5,0.0,0.0,4.800000000000001
2020-05-13,30.2,26.3,28.206251,0.4,93.68624,71.60525,20.969805,1009.60004,21.25,0,5,0.4,0.0,3.8999999999999986
2020-05-14,29.95,25.85,28.024996,0.2,89.82011,72.423615,18.733839,1008.2542,34.666668,0,5,0.4,0.4,4.099999999999998
2020-05-15,30.8,26.05,28.400002,0.0,96.79225,61.14141,20.545246,1006.0376,45.333332,0,5,0.2,0.4,4.75
2020-05-16,31.4,26.5,28.816666,0.0,96.51659,65.66007,19.917469,1005.42084,50.083332,0,5,0.0,0.2,4.899999999999999
2020-05-17,31.95,27.3,29.397913,0.0,94.017334,68.11939,20.969805,1004.2666,60.375,0,5,0.0,0.0,4.649999999999999
2020-05-18,32.15,27.95,29.74375,0.0,90.502846,61.62619,14.689588,1004.4543,58.0,0,5,0.0,0.0,4.199999999999999
2020-05-19,32.6,28.0,30.418753,0.0,91.31093,60.94458,19.483284,1004.58344,61.458332,1,5,0.0,0.0,4.600000000000001
2020-05-20,34.25,27.75,30.285416,3.7,90.75746,50.943188,18.864824,1005.1082,96.041664,0,5,0.0,0.0,6.5
2020-05-21,37.8,29.9,32.46458,0.0,84.25232,42.161373,17.373497,1003.925,98.041664,0,5,3.7,0.0,7.899999999999999
2020-05-22,36.9,28.75,32.12708,0.3,90.82233,44.549583,18.214718,1004.54584,99.0,1,5,0.0,3.7,8.149999999999999
2020-05-23,31.5,27.3,29.289587,5.3,96.25578,76.34455,14.145756,1006.59174,98.833336,1,5,0.3,0.0,4.199999999999999
2020-05-24,30.7,26.25,28.820831,2.6999998,96.79692,76.50998,16.09969,1008.5125,87.125,0,5,5.3,0.3,4.449999999999999
2020-05-25,32.5,28.3,30.227087,0.0,88.41467,68.46607,15.328561,1008.11664,56.916668,1,5,2.6999998,5.3,4.199999999999999
2020-05-26,32.45,27.5,29.602083,2.6000001,95.69386,65.195114,22.218153,1008.1875,51.791668,1,5,0.0,2.6999998,4.950000000000003
2020-05-27,30.95,26.65,28.806252,4.1,94.569405,72.37178,10.464797,1009.1834,67.0,1,5,2.6000001,0.0,4.300000000000001
2020-05-28,29.4,26.25,27.952085,4.9,94.5241,79.58497,13.441071,1009.4917,92.833336,0,5,4.1,2.6000001,3.1499999999999986
2020-05-29,30.75,26.3,28.78958,0.2,97.66234,74.29872,13.32,1009.0376,82.208336,0,5,4.9,4.1,4.449999999999999
2020-05-30,33.35,27.1,29.612497,0.0,98.26018,58.82255,18.86139,1010.0208,79.625,0,5,0.2,4.9,6.25
2020-05-31,31.5,27.35,29.327082,0.2,91.54168,74.152145,13.70839,1009.6333,51.291668,0,5,0.0,0.2,4.149999999999999
2020-06-01,31.7,26.85,29.393747,0.0,94.5478,63.027737,12.849528,1008.9709,41.416668,0,6,0.2,0.0,4.849999999999998
2020-06-02,34.05,26.35,29.781248,0.1,97.086494,53.036377,18.03237,1007.67914,45.666668,0,6,0.0,0.2,7.699999999999996
2020-06-03,31.8,27.25,29.42917,0.0,92.94674,64.7336,18.751125,1006.85004,39.25,0,6,0.1,0.0,4.550000000000001
2020-06-04,32.85,27.55,30.099998,0.0,91.032486,59.061844,14.20062,1006.5915,66.041664,0,6,0.0,0.1,5.300000000000001
2020-06-05,34.65,27.95,30.920837,0.0,92.98677,50.430008,16.87398,1006.2209,81.416664,0,6,0.0,0.0,6.699999999999999
2020-06-06,33.65,27.55,30.65833,0.1,87.569534,54.237194,18.486622,1006.3333,84.416664,0,6,0.0,0.0,6.099999999999998
2020-06-07,36.45,27.8,31.406248,0.0,88.68013,42.05698,26.099379,1004.7459,80.333336,0,6,0.1,0.0,8.650000000000002
2020-06-08,35.7,28.25,31.754166,0.0,87.11245,45.54332,19.513195,1005.47485,94.75,0,6,0.0,0.1,7.450000000000003
2020-06-09,34.55,28.2,30.808334,0.0,91.07668,47.573296,19.8,1006.50836,92.208336,0,6,0.0,0.0,6.349999999999998
2020-06-10,32.85,27.85,30.27916,0.0,87.87672,58.354958,19.513195,1006.8584,74.166664,0,6,0.0,0.0,5.0
2020-06-11,31.65,27.55,29.658335,0.0,93.19357,63.779522,14.917212,1005.57916,49.833332,0,6,0.0,0.0,4.099999999999998
2020-06-12,32.7,27.65,29.972916,0.0,88.88815,59.361053,20.929596,1003.5208,35.458332,0,6,0.0,0.0,5.050000000000004
2020-06-13,33.5,29.1,30.977081,0.0,81.70071,55.421803,18.043148,1003.2874,95.5,1,6,0.0,0.0,4.399999999999999
2020-06-14,34.3,27.05,29.718748,5.5999994,92.891136,50.801525,17.651016,1006.08734,98.083336,1,6,0.0,0.0,7.2499999999999964
2020-06-15,31.65,27.45,29.177086,2.9,91.819016,66.1157,15.408671,1008.2917,97.25,1,6,5.5999994,0.0,4.199999999999999
2020-06-16,29.7,26.6,28.008337,2.1,94.81879,71.061165,15.137133,1007.65826,96.958336,0,6,2.9,5.5999994,3.099999999999998
2020-06-17,31.9,26.25,28.545835,0.1,96.22429,62.12976,15.683774,1007.11255,55.583332,0,6,2.1,2.9,5.649999999999999
2020-06-18,32.65,26.3,29.145834,0.6,97.39458,56.060505,18.057508,1006.5666,16.5,0,6,0.1,2.1,6.349999999999998
2020-06-19,30.6,27.6,29.252083,0.0,95.13565,69.14972,15.629971,1007.04156,51.208332,0,6,0.6,0.1,3.0
2020-06-20,31.5,26.85,29.135416,0.1,93.71114,70.986885,23.023117,1006.5124,11.583333,0,6,0.0,0.6,4.649999999999999
2020-06-21,32.9,27.3,30.025,0.0,92.36382,62.533764,16.267857,1004.8835,3.0833333,0,6,0.1,0.0,5.599999999999998
2020-06-22,33.85,27.55,30.166666,0.0,95.156654,54.020023,19.64558,1005.1001,22.041666,0,6,0.0,0.1,6.300000000000001
2020-06-23,34.9,27.95,30.906256,0.0,91.84801,47.3749,16.75064,1006.17926,67.625,0,6,0.0,0.0,6.949999999999999
2020-06-24,34.1,28.65,31.106249,0.0,84.86418,54.069008,18.448023,1005.28326,88.083336,0,6,0.0,0.0,5.450000000000003
2020-06-25,34.35,27.7,30.79167,0.4,94.88009,52.217937,22.7057,1004.7542,92.791664,0,6,0.0,0.0,6.650000000000002
2020-06-26,33.05,27.65,30.377085,0.0,93.74714,58.577183,22.322903,1006.06683,42.416668,0,6,0.4,0.0,5.399999999999999
2020-06-27,32.7,27.5,29.931252,0.0,90.21871,58.78078,20.46941,1006.54175,40.208332,0,6,0.0,0.4,5.200000000000003
2020-06-28,32.35,27.7,29.935417,0.0,86.823074,57.538155,20.188908,1005.62915,58.208332,0,6,0.0,0.0,4.650000000000002
2020-06-29,32.45,27.8,29.812502,0.0,86.04289,58.947,15.463244,1004.82916,78.666664,1,6,0.0,0.0,4.650000000000002
2020-06-30,33.05,27.6,29.875,1.5000001,88.6248,51.53805,19.376562,1004.21655,98.083336,1,6,0.0,0.0,5.449999999999996
2020-07-01,31.95,27.0,29.347918,2.3,86.49112,59.932777,17.377226,1003.40826,94.166664,1,7,1.5000001,0.0,4.949999999999999
2020-07-02,31.25,26.8,28.827082,1.9000001,86.804825,64.25177,17.0763,1004.0417,78.541664,1,7,2.3,1.5000001,4.449999999999999
2020-07-03,31.15,26.9,28.858332,1.3000001,93.15945,68.430824,13.513193,1006.125,83.083336,0,7,1.9000001,2.3,4.25
2020-07-04,32.05,26.15,28.783333,1.0,94.801895,62.508522,15.517629,1006.89984,70.083336,1,7,1.3000001,1.9000001,5.899999999999999
2020-07-05,31.65,26.7,29.220833,1.5999999,94.29291,63.32246,16.92383,1005.26245,13.916667,0,7,1.0,1.3000001,4.949999999999999
2020-07-06,32.5,27.3,29.804167,0.0,91.821915,62.447216,24.33664,1006.0,24.041666,0,7,1.5999999,1.0,5.199999999999999
2020-07-07,33.4,27.45,30.320833,0.0,95.98748,56.35008,23.068108,1007.59576,30.958334,0,7,0.0,1.5999999,5.949999999999999
2020-07-08,34.1,27.65,30.706251,0.0,89.476006,49.379375,19.839235,1006.5124,68.166664,0,7,0.0,0.0,6.450000000000003
2020-07-09,34.0,28.5,30.866661,0.0,87.40993,50.87984,22.657131,1004.2957,91.291664,0,7,0.0,0.0,5.5
2020-07-10,35.7,28.75,31.466665,0.0,82.99489,42.24366,21.746504,1004.8291,90.916664,0,7,0.0,0.0,6.950000000000003
2020-07-11,35.05,27.35,30.666664,0.0,89.66059,46.130405,20.288164,1005.7,69.75,0,7,0.0,0.0,7.699999999999996
2020-07-12,33.5,27.6,30.154165,0.0,88.8998,53.60833,19.483284,1005.44995,11.208333,0,7,0.0,0.0,5.899999999999999
2020-07-13,32.85,27.55,30.05625,0.0,87.313774,59.10224,18.161278,1006.3293,32.791668,0,7,0.0,0.0,5.300000000000001
2020-07-14,31.65,27.15,29.531252,0.0,97.390755,65.30827,15.696165,1006.68744,35.708332,0,7,0.0,0.0,4.5
2020-07-15,32.35,26.95,29.61458,0.1,89.09888,61.48531,16.167967,1006.07495,37.625,0,7,0.0,0.0,5.400000000000002
2020-07-16,32.2,27.75,30.206247,0.0,92.38007,59.571552,18.39878,1005.84595,12.875,0,7,0.1,0.0,4.450000000000003
2020-07-17,32.7,28.7,30.483332,0.0,87.672424,58.889412,16.434305,1006.95416,31.416666,0,7,0.0,0.1,4.0000000000000036
2020-07-18,33.0,27.7,30.500002,0.0,92.65035,58.565617,20.12461,1006.9167,47.125,0,7,0.0,0.0,5.300000000000001
2020-07-19,33.6,28.1,30.797918,0.0,89.71486,54.09769,18.792551,1006.0957,55.375,0,7,0.0,0.0,5.5
2020-07-20,32.8,27.6,29.9625,0.0,87.57384,62.666847,27.212759,1007.2668,97.708336,0,7,0.0,0.0,5.199999999999996
2020-07-21,31.6,26.85,29.197914,0.0,89.110306,65.08176,27.890127,1008.3708,13.083333,0,7,0.0,0.0,4.75
2020-07-22,31.55,27.15,29.250002,0.6,88.32146,63.37592,21.599998,1007.61664,20.458334,0,7,0.0,0.0,4.400000000000002
2020-07-23,31.75,26.65,29.24375,0.0,88.016914,64.18479,18.532135,1007.92926,23.541666,0,7,0.6,0.0,5.100000000000001
2020-07-24,31.9,26.9,29.454168,0.0,89.364815,58.47608,21.068459,1007.88745,52.5,0,7,0.0,0.6,5.0
2020-07-25,31.95,27.4,29.741667,0.0,86.27088,56.577335,19.914217,1007.1126,29.458334,0,7,0.0,0.0,4.550000000000001
2020-07-26,32.55,27.55,30.23958,0.0,83.487755,59.171062,16.78156,1006.10425,4.1666665,1,7,0.0,0.0,4.9999999999999964
2020-07-27,33.55,27.15,30.162504,2.3,87.79646,53.458435,17.873554,1005.37506,45.666668,0,7,0.0,0.0,6.399999999999999
2020-07-28,32.6,27.3,29.758333,1.0,87.040985,56.68456,20.929594,1006.3166,66.875,0,7,2.3,0.0,5.300000000000001
2020-07-29,32.1,26.9,29.718748,1.0,92.60832,60.329727,21.046917,1005.97504,36.583332,0,7,1.0,2.3,5.200000000000003
2020-07-30,33.1,28.15,30.27292,0.1,86.58866,58.565617,22.657131,1003.97906,97.25,1,7,1.0,1.0,4.950000000000003
2020-07-31,29.25,26.35,27.904167,15.300002,92.59511,78.62338,9.726664,1000.59985,100.0,1,7,0.1,1.0,2.8999999999999986
2020-08-01,28.25,25.95,27.247917,16.6,91.819016,81.823814,15.978484,997.9583,99.875,1,8,15.300002,0.1,2.3000000000000007
2020-08-02,30.2,26.55,28.274996,4.899999,89.90239,77.56986,18.11841,999.9583,99.625,1,8,16.6,15.300002,3.6499999999999986
2020-08-03,32.4,26.7,29.091667,1.4000001,90.14952,65.4823,20.61766,1001.61255,98.083336,0,8,4.899999,16.6,5.699999999999999
2020-08-04,33.85,27.1,29.812498,0.0,90.76397,55.506092,13.004922,1002.97076,88.541664,1,8,1.4000001,4.899999,6.75
2020-08-05,30.85,26.5,28.631247,1.8,92.04021,70.64998,13.0447235,1005.89996,91.541664,1,8,0.0,1.4000001,4.350000000000001
2020-08-06,29.85,26.45,28.227081,2.2000003,92.04021,76.84481,15.192682,1006.80817,62.625,1,8,1.8,0.0,3.400000000000002
2020-08-07,30.5,26.1,28.245834,1.7,96.23255,73.82579,19.022177,1005.7083,65.25,0,8,2.2000003,1.8,4.399999999999999
2020-08-08,31.0,25.65,28.412504,0.2,94.78302,71.68473,16.92383,1004.64594,24.291666,1,8,1.7,2.2000003,5.350000000000001
2020-08-09,31.25,26.05,28.558329,2.1999998,93.117584,69.68625,14.904173,1004.40826,30.666666,1,8,0.2,1.7,5.199999999999999
2020-08-10,32.55,27.05,29.929163,1.5,93.20572,60.05727,18.581022,1004.3125,47.541668,1,8,2.1999998,0.2,5.4999999999999964
2020-08-11,33.9,26.7,29.650002,6.7999997,93.98279,53.221928,14.529915,1005.5833,82.166664,1,8,1.5,2.1999998,7.199999999999999
2020-08-12,32.55,26.65,28.637497,13.9,92.32836,60.716927,17.551615,1006.9959,96.375,1,8,6.7999997,1.5,5.899999999999999
2020-08-13,29.35,26.65,27.835419,3.5,92.59511,75.83412,14.982228,1007.44183,99.625,1,8,13.9,6.7999997,2.700000000000003
2020-08-14,29.4,26.55,27.995832,1.9000001,91.50557,72.328255,12.43434,1007.73334,99.416664,1,8,3.5,13.9,2.849999999999998
2020-08-15,30.1,25.55,27.772913,1.5,95.34729,68.5546,10.829958,1007.62915,92.458336,1,8,1.9000001,3.5,4.550000000000001
2020-08-16,30.3,25.05,27.491663,57.1,91.71048,71.37347,11.304229,1006.93744,91.083336,0,8,1.5,1.9000001,5.25
2020-08-17,30.0,25.45,27.793749,0.1,91.977356,72.86687,12.864649,1006.18744,82.333336,0,8,57.1,1.5,4.550000000000001
2020-08-18,30.5,25.85,28.202082,0.8,92.83231,67.469955,15.192682,1005.6084,88.791664,1,8,0.1,57.1,4.649999999999999
2020-08-19,30.5,25.6,27.979164,1.3000001,95.064674,72.08724,10.587917,1005.7668,80.583336,0,8,0.8,0.1,4.899999999999999
2020-08-20,29.95,26.1,27.904165,0.6,93.679375,71.99117,11.720751,1007.0791,96.708336,1,8,1.3000001,0.8,3.849999999999998
2020-08-21,29.9,25.3,27.820831,6.3999996,94.20363,72.19842,13.584932,1007.9543,88.416664,1,8,0.6,1.3000001,4.599999999999998
2020-08-22,30.15,25.6,27.762497,2.1,92.547195,70.182655,11.113451,1008.0208,84.041664,1,8,6.3999996,0.6,4.549999999999997
2020-08-23,30.2,26.6,28.13542,1.5000001,94.25785,73.55648,9.107359,1007.7625,94.333336,0,8,2.1,6.3999996,3.599999999999998
2020-08-24,33.25,27.0,29.643751,0.0,95.42918,58.799545,16.75064,1006.4624,71.166664,0,8,1.5000001,2.1,6.25
2020-08-25,33.45,27.1,30.09791,0.0,95.42091,60.361877,21.316135,1005.24994,28.791666,0,8,0.0,1.5000001,6.350000000000001
2020-08-26,34.05,28.2,30.652082,0.0,91.905495,55.18485,14.565548,1003.33344,86.75,1,8,0.0,0.0,5.849999999999998
2020-08-27,31.35,25.2,28.604166,1.9000002,91.27084,66.200226,12.24,1002.69165,89.5,0,8,0.0,0.0,6.150000000000002
2020-08-28,32.4,26.65,29.729166,0.0,92.60037,57.642204,13.363711,1003.50824,85.625,0,8,1.9000002,0.0,5.75
2020-08-29,32.35,26.65,29.625,0.0,90.95602,62.0087,14.05845,1004.67505,58.708332,0,8,0.0,1.9000002,5.700000000000003
2020-08-30,32.15,26.05,29.374998,0.0,91.73711,63.50378,16.676977,1005.5291,42.708332,0,8,0.0,0.0,6.099999999999998
2020-08-31,32.2,26.6,29.552084,0.1,96.81212,60.352207,18.681883,1006.43744,22.458334,1,8,0.0,0.0,5.600000000000001
2020-09-01,32.55,25.7,28.989584,2.8,95.922775,60.972256,25.40743,1006.77075,20.583334,1,9,0.1,0.0,6.849999999999998
2020-09-02,32.05,26.1,29.168753,2.1999998,92.84259,63.843,23.664352,1007.41656,46.666668,1,9,2.8,0.1,5.949999999999996
2020-09-03,31.75,26.85,29.516663,2.3999999,92.05721,66.1258,17.057314,1008.2,78.958336,0,9,2.1999998,2.8,4.899999999999999
2020-09-04,31.8,27.0,29.404165,0.70000005,93.995804,64.52921,17.193533,1007.3,76.208336,1,9,2.3999999,2.1999998,4.800000000000001
2020-09-05,32.3,27.05,29.647919,3.6,91.526665,63.69424,14.529915,1005.82495,54.333332,0,9,0.70000005,2.3999999,5.2499999999999964
2020-09-06,33.65,28.1,30.839582,0.2,86.61632,56.287548,18.86139,1005.27515,81.583336,1,9,3.6,0.70000005,5.549999999999997
2020-09-07,34.3,28.55,30.929167,1.4,84.607994,52.851128,17.0763,1006.62915,92.958336,1,9,0.2,3.6,5.7499999999999964
2020-09-08,33.1,26.7,29.979172,2.6999998,92.32285,58.42678,19.809813,1008.59576,89.666664,0,9,1.4,0.2,6.400000000000002
2020-09-09,31.7,26.5,29.24375,0.9000001,91.24299,67.61697,17.072504,1007.80426,81.166664,1,9,2.6999998,1.4,5.199999999999999
2020-09-10,32.3,26.35,29.385416,1.1,88.520905,61.178894,16.167967,1006.1543,48.625,0,9,0.9000001,2.6999998,5.949999999999996
2020-09-11,32.45,26.9,29.81875,0.0,89.09508,58.062973,19.0392,1007.6541,19.0,0,9,1.1,0.9000001,5.550000000000004
2020-09-12,32.4,27.05,29.947916,0.4,90.71165,60.284645,19.191748,1009.51245,62.833332,1,9,0.0,1.1,5.349999999999998
2020-09-13,32.25,26.85,29.662497,1.1000001,92.33108,59.82009,19.803272,1009.25836,63.75,1,9,0.4,0.0,5.399999999999999
2020-09-14,31.9,26.5,29.454163,1.5,90.946365,61.571102,18.751125,1008.21246,45.041668,0,9,1.1000001,0.4,5.399999999999999
2020-09-15,32.25,27.15,29.800001,0.0,87.79646,55.119186,17.727943,1007.3499,60.958332,0,9,1.5,1.1000001,5.100000000000001
2020-09-16,32.5,28.2,30.452085,0.2,87.108,58.785522,19.64228,1005.75,94.666664,1,9,0.0,1.5,4.300000000000001
2020-09-17,29.15,26.1,27.689583,75.299995,91.25536,76.06926,40.537983,1000.6668,100.0,1,9,0.2,0.0,3.049999999999997
2020-09-18,31.0,25.85,28.166666,3.0,93.683914,71.10856,34.524357,999.6458,98.916664,1,9,75.299995,0.2,5.149999999999999
2020-09-19,30.5,26.5,28.11458,9.3,93.18141,69.13086,17.782688,1006.9707,99.458336,1,9,3.0,75.299995,4.0
2020-09-20,28.65,26.35,27.468748,4.7999997,93.4219,79.72153,7.8954163,1009.57916,97.041664,1,9,9.3,3.0,2.299999999999997
2020-09-21,28.95,25.7,27.52292,1.4000001,96.209076,80.944756,12.849528,1009.2583,48.791668,0,9,4.7999997,9.3,3.25
2020-09-22,30.3,25.5,28.216665,0.3,95.64512,76.24567,12.496719,1008.7083,16.916666,0,9,1.4000001,4.7999997,4.800000000000001
2020-09-23,30.35,24.5,28.131248,0.5,99.40308,70.35721,16.75064,1009.22504,61.5,0,9,0.3,1.4000001,5.850000000000001
2020-09-24,30.6,25.05,27.94375,0.2,97.65198,66.80315,14.512064,1009.39996,73.541664,1,9,0.5,0.3,5.550000000000001
2020-09-25,30.6,25.85,28.097914,1.2,94.22667,67.469955,21.41319,1008.14594,41.791668,0,9,0.2,0.5,4.75
2020-09-26,31.4,25.7,28.439583,0.4,94.51815,66.4622,13.896187,1007.2666,72.916664,1,9,1.2,0.2,5.699999999999999
2020-09-27,29.3,25.3,27.53333,2.5,95.33881,75.63086,13.324863,1007.32086,90.541664,1,9,0.4,1.2,4.0
2020-09-28,29.9,25.55,27.943747,4.1,95.06289,76.153824,16.45007,1007.26666,96.25,1,9,2.5,0.4,4.349999999999998
2020-09-29,30.7,26.2,28.35,3.4,94.80375,73.63978,16.394829,1006.66254,91.083336,1,9,4.1,2.5,4.5
2020-09-30,30.75,25.8,28.3125,4.8,94.50627,73.81754,15.484185,1006.04175,58.125,1,9,3.4,4.1,4.949999999999999
2020-10-01,29.15,25.9,27.620832,8.399999,93.38872,79.510864,14.372974,1006.5083,89.5,1,10,4.8,3.4,3.25
2020-10-02,29.75,26.05,27.916664,4.2,95.36418,78.19911,16.595179,1007.6584,90.875,1,10,8.399999,4.8,3.6999999999999993
2020-10-03,29.05,25.8,27.543753,4.5999994,94.23084,80.88762,11.808878,1008.625,97.791664,1,10,4.2,8.399999,3.25
2020-10-04,29.3,26.35,27.658333,3.8999994,93.967606,80.2381,11.119281,1008.6126,81.291664,1,10,4.5999994,4.2,2.9499999999999993
2020-10-05,28.8,25.9,27.293753,4.0,92.017456,78.447426,16.520823,1008.85425,51.25,1,10,3.8999994,4.5999994,2.900000000000002
2020-10-06,27.75,26.1,26.620829,38.8,92.57386,82.76447,29.548521,1008.77496,95.791664,1,10,4.0,3.8999994,1.6499999999999986
2020-10-07,27.0,26.1,26.593752,67.8,92.85798,86.481766,35.65454,1007.34174,100.0,1,10,38.8,4.0,0.8999999999999986
2020-10-08,26.8,25.3,26.175001,77.99999,95.910866,87.478455,25.20257,1008.24164,100.0,1,10,67.8,38.8,1.5
2020-10-09,26.65,25.2,25.97917,44.600002,93.921715,86.118256,37.84283,1009.17505,99.791664,1,10,77.99999,67.8,1.4499999999999993
2020-10-10,26.7,25.35,25.812502,72.7,91.977356,85.321625,41.117294,1008.35004,99.666664,1,10,44.600002,77.99999,1.3499999999999979
2020-10-11,26.2,25.25,25.875002,79.5,93.097755,84.59279,46.89682,1004.3459,99.5,1,10,72.7,44.600002,0.9499999999999993
2020-10-12,27.4,25.8,26.504166,19.999998,94.78867,84.70846,21.897945,1004.1416,100.0,1,10,79.5,72.7,1.5999999999999979
2020-10-13,26.95,24.85,25.79583,24.500006,96.76386,84.42859,17.072504,1004.8125,100.0,1,10,19.999998,79.5,2.099999999999998
2020-10-14,27.9,25.0,26.458334,20.3,95.0539,75.418236,15.273505,1006.38336,97.25,1,10,24.500006,19.999998,2.8999999999999986
2020-10-15,27.25,25.5,26.354166,19.8,94.51419,88.04194,18.792551,1006.8669,97.875,1,10,20.3,24.500006,1.75
2020-10-16,27.15,25.75,26.256248,48.399998,93.670265,85.9319,40.464382,1005.10004,99.916664,1,10,19.8,20.3,1.3999999999999986
2020-10-17,27.65,25.2,26.329168,36.600002,95.05029,83.49894,40.32161,1005.3293,100.0,1,10,48.399998,19.8,2.4499999999999993
2020-10-18,27.75,24.3,26.027082,24.5,95.3252,84.01042,10.948973,1007.97076,99.958336,1,10,36.600002,48.399998,3.4499999999999993
2020-10-19,27.05,24.55,25.768747,32.500004,95.600395,81.63805,21.626984,1009.3875,99.5,1,10,24.5,36.600002,2.5
2020-10-20,26.85,25.25,25.854164,29.600004,91.997444,80.79815,35.598152,1011.14996,96.75,1,10,32.500004,24.5,1.6000000000000014
2020-10-21,27.05,23.75,25.195833,1.5000002,82.24924,71.91566,33.033802,1011.4875,93.541664,1,10,29.600004,32.500004,3.3000000000000007
2020-10-22,26.3,22.55,24.300001,1.4000002,85.7906,64.58734,36.17955,1011.18335,97.833336,0,10,1.5000002,29.600004,3.75
2020-10-23,26.55,22.25,24.339584,0.1,84.177795,66.90786,29.162222,1011.37085,99.208336,1,10,1.4000002,1.5000002,4.300000000000001
2020-10-24,26.65,22.9,24.96667,17.9,84.52606,65.491516,26.980793,1010.48737,97.833336,1,10,0.1,1.4000002,3.75
2020-10-25,26.55,22.5,24.266665,19.300003,94.71418,71.16771,12.371645,1009.3542,78.5,1,10,17.9,0.1,4.050000000000001
2020-10-26,27.55,23.9,25.785416,11.200001,92.455505,77.20941,21.829777,1009.9626,85.125,1,10,19.300003,17.9,3.650000000000002
2020-10-27,27.7,24.5,25.814583,39.100002,88.65558,65.26403,58.151978,1006.5291,100.0,1,10,11.200001,19.300003,3.1999999999999993
2020-10-28,27.0,23.55,25.672915,36.299995,94.12943,78.759674,65.489334,998.3582,92.875,1,10,39.100002,11.200001,3.4499999999999993
2020-10-29,28.95,25.05,26.920835,3.9000003,93.62903,70.92568,33.549606,1010.23737,69.916664,1,10,36.299995,39.100002,3.8999999999999986
2020-10-30,27.2,24.5,25.722916,11.799999,95.03945,82.70036,15.745627,1013.4666,72.333336,1,10,3.9000003,36.299995,2.6999999999999993
2020-10-31,26.9,24.95,26.016665,7.7,91.180534,81.576065,25.277025,1013.8333,63.25,1,10,11.799999,3.9000003,1.9499999999999993
2020-11-01,27.3,24.85,25.785416,3.0,83.01473,75.55192,22.473343,1013.8,75.708336,1,11,7.7,11.799999,2.4499999999999993
2020-11-02,27.25,22.6,25.154167,2.2,95.2492,65.90947,19.878391,1014.6208,79.0,1,11,3.0,7.7,4.649999999999999
2020-11-03,26.95,23.5,25.058334,6.8000007,90.75062,69.04735,21.96295,1014.7041,86.166664,1,11,2.2,3.0,3.4499999999999993
2020-11-04,25.7,23.15,24.391668,16.499998,91.57864,75.99388,24.387177,1014.09595,99.791664,1,11,6.8000007,2.2,2.5500000000000007
2020-11-05,25.15,23.3,24.166666,87.60001,92.98717,84.66473,27.038372,1013.28754,99.833336,1,11,16.499998,6.8000007,1.8499999999999979
2020-11-06,26.15,24.7,25.395834,14.200001,91.97453,80.00325,27.852928,1014.196,95.041664,1,11,87.60001,16.499998,1.4499999999999993
2020-11-07,26.95,23.1,24.9625,1.2,90.72405,67.61172,22.007162,1015.76245,36.166668,1,11,14.200001,87.60001,3.849999999999998
2020-11-08,26.85,24.2,25.472918,4.3999996,87.57701,69.912415,30.302078,1015.13745,68.291664,1,11,1.2,14.200001,2.650000000000002
2020-11-09,26.8,21.8,24.022917,47.199997,90.74731,65.08608,36.145508,1013.7083,99.916664,1,11,4.3999996,1.2,5.0
2020-11-10,25.1,22.65,24.341667,89.3,92.09602,86.1003,46.529217,1012.76263,99.833336,1,11,47.199997,4.3999996,2.450000000000003
2020-11-11,25.35,24.3,24.793753,46.499996,92.485306,84.712296,44.208233,1014.49176,96.75,1,11,89.3,47.199997,1.0500000000000007
2020-11-12,25.65,22.85,24.331251,3.8000002,88.50607,73.9893,32.20944,1015.8208,50.916668,1,11,46.499996,89.3,2.799999999999997
2020-11-13,26.2,23.15,24.472916,2.6999998,88.81449,66.83704,32.688713,1012.8874,69.791664,1,11,3.8000002,46.499996,3.0500000000000007
2020-11-14,24.7,22.95,23.456253,70.2,89.90163,79.419365,57.1709,1006.5833,100.0,1,11,2.6999998,3.8000002,1.75
2020-11-15,25.95,22.7,24.75,14.3,94.18256,83.28433,20.268991,1012.6626,94.166664,1,11,70.2,2.6999998,3.25
2020-11-16,26.4,23.5,25.127083,5.4,95.27704,87.082184,15.256526,1014.0208,61.333332,1,11,14.3,70.2,2.8999999999999986
2020-11-17,26.75,22.95,24.966667,2.2,97.60372,78.984665,11.27553,1012.33325,45.083332,0,11,5.4,14.3,3.8000000000000007
2020-11-18,26.55,23.05,25.110415,0.1,98.200035,85.585045,15.546833,1011.12915,45.125,0,11,2.2,5.4,3.5
2020-11-19,26.8,23.05,25.304167,0.2,99.69815,85.93671,10.30883,1010.6292,27.5,0,11,0.1,2.2,3.75
2020-11-20,26.95,22.0,24.947914,0.0,100.0,80.45853,15.124284,1011.57513,17.166666,0,11,0.2,0.1,4.949999999999999
2020-11-21,27.15,22.9,24.916666,0.5,98.797325,78.79473,16.520823,1012.68335,26.041666,1,11,0.0,0.2,4.25
2020-11-22,27.1,23.35,25.156252,1.4000002,96.15025,77.61128,12.979984,1014.77075,36.833332,1,11,0.5,0.0,3.75
2020-11-23,26.7,24.15,25.1,5.2000003,93.04281,79.18989,18.171976,1015.4875,64.541664,1,11,1.4000002,0.5,2.5500000000000007
2020-11-24,26.65,23.5,24.947916,5.2000003,94.4339,83.36384,20.969807,1015.2293,71.541664,1,11,5.2000003,1.4000002,3.1499999999999986
2020-11-25,25.9,23.75,24.820831,3.7000003,94.13798,80.31427,19.85556,1015.2292,71.5,1,11,5.2000003,5.2000003,2.1499999999999986
2020-11-26,25.55,23.7,24.547915,4.8,91.88177,78.33597,18.075441,1016.40826,82.625,1,11,3.7000003,5.2000003,1.8500000000000014
2020-11-27,26.45,23.2,24.502083,22.0,90.730705,72.42115,36.066536,1017.03754,71.583336,1,11,4.8,3.7000003,3.25
2020-11-28,24.6,23.2,23.912498,32.4,88.60338,80.39509,41.0621,1016.5876,100.0,1,11,22.0,4.8,1.4000000000000021
2020-11-29,23.15,22.15,22.7125,26.999998,91.220955,81.67813,35.870163,1017.2876,99.916664,1,11,32.4,22.0,1.0
2020-11-30,23.3,22.3,22.849998,88.6,90.71738,85.03917,37.420956,1017.1584,100.0,1,11,26.999998,32.4,1.0
2020-12-01,23.8,23.15,23.512503,46.3,91.024666,79.98739,30.978828,1017.18744,98.083336,1,12,88.6,26.999998,0.6500000000000021
2020-12-02,24.75,22.15,23.491669,6.6,84.45604,71.49447,25.318008,1017.3916,63.0,1,12,46.3,88.6,2.6000000000000014
2020-12-03,24.0,21.4,22.612501,2.6000001,83.93321,68.564186,25.277023,1017.7917,92.25,1,12,6.6,46.3,2.6000000000000014
2020-12-04,22.5,20.2,21.345833,8.1,86.67591,66.20411,27.943514,1017.86664,82.5,1,12,2.6000001,6.6,2.3000000000000007
2020-12-05,22.35,19.75,20.891666,4.3999996,86.86901,71.28098,21.794127,1018.39575,94.541664,1,12,8.1,2.6000001,2.6000000000000014
2020-12-06,22.25,20.4,21.441668,7.2,91.17321,77.58847,19.164717,1017.7957,99.958336,1,12,4.3999996,8.1,1.8500000000000014
2020-12-07,24.0,21.35,22.758331,19.1,89.51865,72.6753,24.344624,1018.1667,84.083336,1,12,7.2,4.3999996,2.6499999999999986
2020-12-08,24.1,21.25,22.38125,2.7000003,90.318886,68.01418,23.710857,1017.0583,90.333336,1,12,19.1,7.2,2.8500000000000014
2020-12-09,23.1,21.0,22.0375,1.1,92.578835,77.24627,18.59845,1014.88745,94.166664,1,12,2.7000003,19.1,2.1000000000000014
2020-12-10,24.05,21.95,22.960419,3.0000002,89.582214,79.30875,19.523155,1014.1167,99.458336,1,12,1.1,2.7000003,2.1000000000000014
2020-12-11,24.15,22.45,23.256254,3.1000001,92.093155,83.1005,17.87718,1013.47906,99.833336,1,12,3.0000002,1.1,1.6999999999999993
2020-12-12,24.95,22.8,23.80625,1.6000001,94.9903,85.46984,10.661107,1012.05,82.916664,1,12,3.1000001,3.0000002,2.1499999999999986
2020-12-13,25.65,23.3,24.464582,1.2,97.31478,85.56013,12.849528,1011.52496,81.458336,1,12,1.6000001,3.1000001,2.349999999999998
2020-12-14,26.05,24.05,24.856253,12.200001,95.58425,83.90214,19.469975,1013.7793,94.791664,1,12,1.2,1.6000001,2.0
2020-12-15,25.15,22.65,23.970835,6.000001,90.14554,82.33829,28.04305,1016.96246,88.458336,1,12,12.200001,1.2,2.5
2020-12-16,24.05,22.3,22.877085,10.400002,89.31839,81.53834,33.127823,1017.83344,92.333336,1,12,6.000001,12.200001,1.75
2020-12-17,23.65,21.75,22.520836,8.700001,88.16726,77.81878,26.826641,1017.1917,92.75,1,12,10.400002,6.000001,1.8999999999999986
2020-12-18,22.95,20.9,21.989584,24.499998,92.56798,79.581795,30.75209,1017.9666,99.5,1,12,8.700001,10.400002,2.0500000000000007
2020-12-19,21.65,19.75,20.672918,34.699997,90.50394,80.74418,29.268686,1019.6082,100.0,1,12,24.499998,8.700001,1.8999999999999986
2020-12-20,20.75,19.0,19.989582,20.800001,90.73108,79.324265,32.49785,1019.6209,100.0,1,12,34.699997,24.499998,1.75
2020-12-21,20.4,19.0,19.706251,4.4999995,87.936935,75.0609,31.311722,1018.1667,100.0,1,12,20.800001,34.699997,1.3999999999999986
2020-12-22,21.0,19.5,20.316668,3.5999992,87.45011,79.64576,31.205997,1015.7583,100.0,0,12,4.4999995,20.800001,1.5
2020-12-23,23.2,20.35,21.614584,0.8,88.91431,76.780525,20.523157,1013.9792,99.375,1,12,3.5999992,4.4999995,2.849999999999998
2020-12-24,23.3,21.4,22.239584,21.2,93.18668,81.22345,19.70815,1014.6333,99.875,1,12,0.8,3.5999992,1.9000000000000021
2020-12-25,22.85,21.5,22.185415,24.499998,95.207,88.969666,15.188415,1015.2832,97.708336,1,12,21.2,0.8,1.3500000000000014
2020-12-26,24.55,21.8,22.96875,2.4,97.28564,81.87053,10.990322,1014.18744,70.708336,0,12,24.499998,21.2,2.75
2020-12-27,24.7,19.35,22.5625,0.3,98.45514,83.929794,12.0694,1013.35016,76.416664,0,12,2.4,24.499998,5.349999999999998
2020-12-28,25.0,17.9,21.879168,0.0,97.21658,74.87923,13.513193,1012.4709,38.0,1,12,0.3,2.4,7.100000000000001
2020-12-29,25.3,20.1,22.912498,1.2,98.470215,71.77134,16.311613,1013.98334,45.291668,1,12,0.0,0.3,5.199999999999999
2020-12-30,24.55,19.7,21.945833,5.6999993,87.44084,73.23685,35.008957,1019.0417,77.75,1,12,1.2,0.0,4.850000000000001
2020-12-31,20.5,19.1,19.722918,2.3999999,78.48472,66.90323,34.162083,1021.26245,87.75,1,12,5.6999993,1.2,1.3999999999999986
2021-01-01,20.5,19.15,19.745832,1.6000001,78.641594,65.01823,27.169865,1020.54175,88.958336,1,1,2.3999999,5.6999993,1.3500000000000014
2021-01-02,20.3,18.6,19.39375,3.9999995,90.42069,72.4619,21.129883,1018.7249,100.0,1,1,1.6000001,2.3999999,1.6999999999999993
2021-01-03,21.85,19.6,20.997915,10.499999,91.685394,79.77654,23.675304,1018.0666,100.0,1,1,3.9999995,1.6000001,2.25
2021-01-04,21.9,20.1,20.879168,11.300001,92.23868,84.13929,23.664352,1017.4458,100.0,1,1,10.499999,3.9999995,1.7999999999999972
2021-01-05,23.15,20.4,21.79167,7.8999996,95.19105,81.45648,14.458382,1017.05005,99.375,1,1,11.300001,10.499999,2.75
2021-01-06,23.4,21.5,22.229166,7.600001,95.207,81.437485,18.345877,1015.3958,98.041664,1,1,7.8999996,11.300001,1.8999999999999986
2021-01-07,23.35,21.05,21.960417,10.4,92.578835,82.99579,19.161337,1015.6125,94.791664,1,1,7.600001,7.8999996,2.3000000000000007
2021-01-08,22.0,18.25,19.8,34.9,92.88694,78.641594,31.575506,1018.9626,99.916664,1,1,10.4,7.600001,3.75
2021-01-09,19.55,17.7,18.518751,18.200003,85.36886,78.1976,23.18579,1019.02924,99.833336,1,1,34.9,10.4,1.8500000000000014
2021-01-10,19.75,17.7,18.5375,1.6000003,82.90953,77.72852,22.66857,1018.77496,99.291664,1,1,18.200003,34.9,2.0500000000000007
2021-01-11,18.95,16.7,17.508333,2.3000002,81.305275,73.55822,36.663483,1022.59155,99.958336,0,1,1.6000003,18.200003,2.25
2021-01-12,17.5,15.7,16.616667,0.0,80.47995,65.3565,34.838253,1020.82904,99.958336,0,1,2.3000002,1.6000003,1.8000000000000007
2021-01-13,18.8,15.65,17.295835,0.0,94.38293,69.97589,7.386582,1017.3833,67.458336,0,1,0.0,2.3000002,3.1500000000000004
2021-01-14,21.35,15.2,18.525002,0.0,96.529495,69.48284,10.144082,1015.65845,48.333332,0,1,0.0,0.0,6.150000000000002
2021-01-15,22.35,16.35,19.697916,0.1,95.324135,74.71833,10.144082,1014.01685,54.583332,1,1,0.0,0.0,6.0
2021-01-16,22.9,18.25,20.952082,2.1000001,92.23013,76.50225,16.375053,1015.1916,31.166666,1,1,0.1,0.0,4.649999999999999
2021-01-17,23.05,19.2,21.020834,4.7999997,88.597015,71.64556,31.950888,1020.22925,62.291668,1,1,2.1000001,0.1,3.8500000000000014
2021-01-18,19.7,15.95,17.889585,6.2999997,91.69841,69.43486,26.758923,1019.8752,78.458336,0,1,4.7999997,2.1000001,3.75
2021-01-19,20.0,15.5,17.991665,0.2,95.294014,77.270966,13.722565,1017.11664,62.666668,0,1,6.2999997,4.7999997,4.5
2021-01-20,22.05,17.95,20.333334,0.0,96.2943,76.68979,15.5843,1015.0332,66.083336,0,1,0.2,6.2999997,4.100000000000001
2021-01-21,22.9,19.2,21.154167,0.1,95.433235,81.671844,16.595179,1013.89166,45.416668,0,1,0.0,0.2,3.6999999999999993
2021-01-22,22.85,20.05,21.306248,0.0,91.66112,79.91292,22.702845,1013.88336,62.333332,0,1,0.1,0.0,2.8000000000000007
2021-01-23,22.55,19.65,21.010418,0.0,93.679436,77.17055,19.852295,1014.2791,83.375,0,1,0.0,0.1,2.900000000000002
2021-01-24,23.35,18.05,21.125002,0.0,97.51682,77.05103,20.969805,1013.9917,16.416666,0,1,0.0,0.0,5.300000000000001
2021-01-25,24.35,18.0,21.310417,0.0,97.51682,70.50638,14.799459,1014.69586,20.833334,1,1,0.0,0.0,6.350000000000001
2021-01-26,23.55,20.05,21.752083,3.4,97.559494,81.72808,16.1198,1015.14996,64.5,1,1,0.0,0.0,3.5
2021-01-27,23.4,19.75,22.081247,2.7999997,94.55228,79.885765,14.799459,1015.5916,81.458336,1,1,3.4,0.0,3.6499999999999986
2021-01-28,23.7,20.5,21.875002,2.5,89.172195,74.43211,20.87379,1018.7749,56.958332,1,1,2.7999997,3.4,3.1999999999999993
2021-01-29,23.2,18.8,21.068748,3.5000002,94.83837,67.70953,24.482647,1018.7166,67.083336,1,1,2.5,2.7999997,4.399999999999999
2021-01-30,22.9,19.95,21.472916,4.2999997,95.76516,77.420296,15.0038395,1017.8709,73.5,1,1,3.5000002,2.5,2.9499999999999993
2021-01-31,22.85,18.7,21.1625,2.1000001,99.69014,77.19329,17.057314,1017.76666,55.75,1,1,4.2999997,3.5000002,4.150000000000002
2021-02-01,23.55,20.2,21.927084,1.6,100.0,77.2689,12.738099,1017.38763,33.541668,1,2,2.1000001,4.2999997,3.3500000000000014
2021-02-02,23.45,20.5,21.910416,3.7000003,96.37114,79.94681,14.021525,1018.0208,48.25,1,2,1.6,2.1000001,2.9499999999999993
2021-02-03,24.05,19.85,22.047918,4.2999997,98.162575,73.8544,17.399586,1018.3333,43.291668,1,2,3.7000003,1.6,4.199999999999999
2021-02-04,22.95,20.75,22.022917,3.1,93.71658,82.39984,15.696165,1018.19995,80.875,1,2,4.2999997,3.7000003,2.1999999999999993
2021-02-05,23.9,19.3,21.929169,2.0,97.85201,73.84596,12.984975,1017.1042,54.75,1,2,3.1,4.2999997,4.599999999999998
2021-02-06,23.35,19.7,21.862497,2.8999999,99.69334,78.231,14.386494,1015.76666,67.333336,0,2,2.0,3.1,3.650000000000002
2021-02-07,24.2,21.35,22.716665,1.0,100.0,76.18202,16.65754,1015.429,58.833332,1,2,2.8999999,2.0,2.849999999999998
2021-02-08,24.25,21.85,23.022917,3.1,96.39533,82.603546,14.154915,1014.5168,82.666664,1,2,1.0,2.8999999,2.3999999999999986
2021-02-09,24.55,20.2,22.035418,4.7,93.2288,82.72991,31.151962,1012.8916,95.416664,1,2,3.1,1.0,4.350000000000001
2021-02-10,21.25,17.25,19.925001,8.0,93.86631,80.16423,26.309572,1014.4792,57.0,0,2,4.7,3.1,4.0
2021-02-11,22.6,16.65,20.008333,0.0,98.11037,63.325367,24.94413,1015.4834,27.75,0,2,8.0,4.7,5.950000000000003
2021-02-12,22.4,15.6,19.375002,0.0,98.09729,62.70544,22.392462,1016.31244,57.166668,0,2,0.0,8.0,6.799999999999999
2021-02-13,22.35,16.6,19.6625,0.1,99.36682,73.5128,9.726664,1016.4207,31.375,0,2,0.0,0.0,5.75
2021-02-14,22.95,15.8,20.122913,0.0,98.42188,69.59851,10.233123,1015.6792,32.166668,0,2,0.1,0.0,7.149999999999999
2021-02-15,23.35,15.85,20.208334,0.0,100.0,69.40729,18.161278,1013.9458,14.125,0,2,0.0,0.1,7.500000000000002
2021-02-16,24.25,17.75,20.860416,0.0,98.436264,68.99461,15.978486,1014.9583,11.5,1,2,0.0,0.0,6.5
2021-02-17,23.65,20.4,21.989584,2.8,93.7004,74.01776,16.263872,1018.6335,30.5,1,2,0.0,0.0,3.25
2021-02-18,23.85,20.95,22.262499,2.3000002,86.485916,72.8682,26.562046,1020.90424,26.5,1,2,2.8,0.0,2.900000000000002
2021-02-19,23.25,18.5,21.270834,1.9000001,85.1071,68.29676,23.113008,1020.52094,35.5,0,2,2.3000002,2.8,4.75
2021-02-20,23.4,15.8,20.495834,0.0,99.68658,60.600143,13.755579,1018.06665,37.416668,0,2,1.9000001,2.3000002,7.599999999999998
2021-02-21,23.0,17.2,20.795832,0.0,98.74202,73.78868,17.283749,1015.78326,42.416668,0,2,0.0,1.9000001,5.800000000000001
2021-02-22,24.75,17.85,21.264582,0.0,99.68947,63.470806,18.36353,1014.4207,22.375,0,2,0.0,0.0,6.899999999999999
2021-02-23,23.95,17.95,21.383337,0.0,97.82011,68.05394,9.387651,1013.6709,19.75,0,2,0.0,0.0,6.0
2021-02-24,24.7,19.65,22.054167,0.0,98.45865,68.37725,16.263872,1011.08746,38.625,0,2,0.0,0.0,5.050000000000001
2021-02-25,25.55,19.5,23.068748,0.0,98.177055,74.96072,18.998316,1007.9001,16.833334,0,2,0.0,0.0,6.050000000000001
2021-02-26,27.0,21.25,23.808334,0.0,100.0,78.485886,20.991426,1007.30414,28.25,0,2,0.0,0.0,5.75
2021-02-27,26.3,22.25,24.375,0.90000004,97.29372,75.855484,23.847115,1010.3208,57.708332,0,2,0.0,0.0,4.050000000000001
2021-02-28,26.2,22.85,24.577082,0.3,97.60195,80.578636,25.809765,1011.92487,51.75,0,2,0.90000004,0.0,3.349999999999998
2021-03-01,27.05,23.4,25.197914,0.3,96.1686,79.24505,22.530937,1013.8376,52.375,1,3,0.3,0.90000004,3.650000000000002
2021-03-02,25.6,22.9,24.208336,5.4,94.685104,82.51175,18.837322,1015.74164,53.333332,1,3,0.3,0.3,2.700000000000003
2021-03-03,25.55,21.7,23.658335,2.6000001,100.0,81.259674,14.332341,1015.93335,49.375,0,3,5.4,0.3,3.8500000000000014
2021-03-04,26.2,22.05,24.172918,0.3,99.696526,78.42894,18.64369,1014.5207,37.0,0,3,2.6000001,5.4,4.149999999999999
2021-03-05,27.45,22.35,24.954165,0.0,99.69666,74.8424,24.95452,1012.7126,24.291666,0,3,0.3,2.6000001,5.099999999999998
2021-03-06,28.0,23.25,25.339584,0.0,98.79819,76.05063,16.263872,1013.49603,42.666668,1,3,0.0,0.3,4.75
2021-03-07,26.75,23.45,24.802084,3.0000002,95.57452,80.90093,17.283749,1015.28754,32.041668,1,3,0.0,0.0,3.3000000000000007
2021-03-08,26.1,22.7,24.497917,1.6000003,98.20138,80.103355,14.512064,1015.61664,36.25,1,3,3.0000002,0.0,3.400000000000002
2021-03-09,26.15,23.15,24.495834,4.8,96.431175,75.80829,17.026896,1015.88727,33.291668,1,3,1.6000003,3.0000002,3.0
2021-03-10,26.1,23.15,24.583336,2.6000001,97.90362,76.50767,15.596767,1015.63745,55.0,1,3,4.8,1.6000003,2.950000000000003
2021-03-11,26.15,22.75,24.5625,2.3000002,97.30374,78.79563,13.708391,1016.04175,40.458332,1,3,2.6000001,4.8,3.3999999999999986
2021-03-12,26.05,22.15,24.214584,3.699999,98.79506,78.60443,12.10157,1016.2583,40.416668,1,3,2.3000002,2.6000001,3.900000000000002
2021-03-13,25.55,21.75,24.043749,3.3999999,98.493576,77.38209,12.538134,1015.40424,31.5,1,3,3.699999,2.3000002,3.8000000000000007
2021-03-14,25.75,22.0,23.987503,1.2000002,96.404686,76.642784,13.556282,1013.25415,33.541668,0,3,3.3999999,3.699999,3.75
2021-03-15,26.45,22.05,24.558332,0.0,95.226425,74.004074,20.696085,1011.49176,41.458332,0,3,1.2000002,3.3999999,4.399999999999999
2021-03-16,27.1,22.1,24.527082,0.0,95.815094,72.36561,20.730501,1011.1667,36.0,0,3,0.0,1.2000002,5.0
2021-03-17,26.9,22.0,24.635416,0.0,100.0,67.961136,16.923828,1011.00006,76.625,0,3,0.0,0.0,4.899999999999999
2021-03-18,27.75,23.15,25.452082,0.3,97.905975,74.48664,19.083395,1010.32916,80.833336,0,3,0.0,0.0,4.600000000000001
2021-03-19,27.15,22.6,25.181246,0.0,100.0,79.02638,22.346113,1009.1626,46.041668,0,3,0.3,0.0,4.549999999999997
2021-03-20,28.0,23.15,25.97917,0.2,99.09681,77.22425,19.9954,1008.5667,46.916668,1,3,0.0,0.3,4.850000000000001
2021-03-21,27.4,24.05,25.662498,3.3000002,93.092804,79.86867,28.775238,1013.26245,57.75,1,3,0.2,0.0,3.349999999999998
2021-03-22,25.15,21.75,23.262499,31.400003,90.6403,80.221664,34.65175,1017.9626,88.958336,1,3,3.3000002,0.2,3.3999999999999986
2021-03-23,24.0,21.65,22.720835,8.4,96.39402,81.261696,29.46947,1016.43335,71.041664,1,3,31.400003,3.3000002,2.3500000000000014
2021-03-24,24.85,22.15,23.737501,2.6999996,98.190636,78.703705,14.05845,1013.62506,86.5,1,3,8.4,31.400003,2.700000000000003
2021-03-25,26.35,23.35,24.889582,1.4000001,97.90673,78.44324,17.826363,1012.53754,58.291668,0,3,2.6999996,8.4,3.0
2021-03-26,26.5,23.8,25.247915,0.5,95.86567,82.59465,22.218153,1011.30005,72.666664,0,3,1.4000001,2.6999996,2.6999999999999993
2021-03-27,27.7,24.0,25.710417,0.0,97.32964,81.01568,23.871555,1009.02924,78.291664,0,3,0.5,1.4000001,3.6999999999999993
2021-03-28,28.1,23.95,25.981249,0.0,98.80488,80.58839,20.620806,1007.8416,75.458336,0,3,0.0,0.5,4.150000000000002
2021-03-29,29.2,23.05,26.16667,0.0,99.69927,78.81617,20.46941,1005.4543,50.75,0,3,0.0,0.0,6.149999999999999
2021-03-30,28.45,24.25,26.124998,0.0,98.51087,81.86471,20.991426,1004.64166,13.083333,0,3,0.0,0.0,4.199999999999999
2021-03-31,28.75,24.75,26.464584,0.0,100.0,84.315025,22.59699,1004.0417,14.541667,0,3,0.0,0.0,4.0
2021-04-01,28.95,25.05,26.633331,0.0,99.1095,84.889915,19.011953,1005.13745,23.458334,0,4,0.0,0.0,3.8999999999999986
2021-04-02,27.65,25.3,26.349998,0.0,96.78986,88.091835,18.359999,1007.4709,80.208336,0,4,0.0,0.0,2.349999999999998
2021-04-03,27.85,23.7,25.968748,0.0,98.50476,76.74406,23.688984,1009.31665,39.041668,1,4,0.0,0.0,4.150000000000002
2021-04-04,27.45,23.85,25.604166,3.9999998,99.70004,82.481865,16.563911,1012.1501,38.041668,1,4,0.0,0.0,3.599999999999998
2021-04-05,27.15,23.6,25.312502,1.7000002,99.09983,80.72757,11.304229,1013.7083,66.291664,1,4,3.9999998,0.0,3.549999999999997
2021-04-06,27.2,23.9,25.402084,1.9000002,95.57939,79.76627,12.313893,1013.98737,37.791668,1,4,1.7000002,3.9999998,3.3000000000000007
2021-04-07,27.05,24.6,25.775002,1.8000003,95.89287,80.71471,15.158522,1012.2625,28.75,1,4,1.9000002,1.7000002,2.4499999999999993
2021-04-08,27.8,23.15,25.685417,1.4000001,96.44301,77.948235,14.799459,1011.16235,23.083334,1,4,1.8000003,1.9000002,4.650000000000002
2021-04-09,27.2,23.35,25.554163,2.7,96.435135,78.290886,15.0038395,1012.75415,29.0,1,4,1.4000001,1.8000003,3.849999999999998
2021-04-10,26.5,23.25,25.270834,3.6,96.14173,80.38662,16.854767,1014.42084,71.541664,1,4,2.7,1.4000001,3.25
2021-04-11,27.2,24.05,25.597916,1.6000003,97.91836,79.49196,14.113653,1014.69165,46.916668,0,4,3.6,2.7,3.1499999999999986
2021-04-12,27.25,23.85,25.752085,0.3,97.32964,80.20273,19.45333,1013.2458,45.375,0,4,1.6000003,3.6,3.3999999999999986
2021-04-13,27.95,24.45,26.104166,0.2,94.746826,80.08022,21.599998,1011.77924,75.0,0,4,0.3,1.6000003,3.5
2021-04-14,28.8,24.4,26.358337,0.0,95.30808,74.64946,22.314192,1010.4209,67.375,0,4,0.2,0.3,4.400000000000002
2021-04-15,28.15,24.4,26.343756,0.0,95.02133,77.28364,23.377836,1009.7334,54.458332,0,4,0.0,0.2,3.75
2021-04-16,28.15,25.3,26.572916,0.0,92.248344,78.62732,22.881956,1011.00415,90.041664,0,4,0.0,0.0,2.849999999999998
2021-04-17,28.25,23.3,26.127083,0.0,97.32565,68.007454,23.042812,1012.80835,48.958332,0,4,0.0,0.0,4.949999999999999
2021-04-18,29.5,24.65,26.487501,0.4,94.75259,60.107002,20.833395,1010.9583,62.833332,1,4,0.0,0.0,4.850000000000001
2021-04-19,29.1,25.4,26.962502,2.3999999,94.77539,66.76528,21.602999,1009.1833,69.25,1,4,0.4,0.0,3.700000000000003
2021-04-20,29.2,25.4,27.141668,2.8999999,97.066124,73.37191,21.38897,1009.1667,75.625,0,4,2.3999999,0.4,3.8000000000000007
2021-04-21,29.25,25.2,27.160418,0.3,94.19943,76.9994,19.64558,1009.62897,92.791664,0,4,2.8999999,2.3999999,4.050000000000001
2021-04-22,29.25,25.6,27.410416,0.0,95.34895,73.83925,21.120682,1008.20416,75.75,0,4,0.3,2.8999999,3.6499999999999986
2021-04-23,30.45,25.7,27.750002,0.0,97.65198,69.27263,21.38897,1006.95435,32.208332,0,4,0.0,0.3,4.75
2021-04-24,31.3,26.05,28.300003,0.0,99.11607,68.39246,24.144167,1007.39166,28.083334,0,4,0.0,0.0,5.25
2021-04-25,31.25,25.7,28.51042,0.4,91.716415,70.9061,19.959719,1008.3792,69.25,0,4,0.0,0.0,5.550000000000001
2021-04-26,30.8,25.85,28.225,0.0,95.07362,70.0199,27.103,1009.31665,82.666664,1,4,0.4,0.0,4.949999999999999
2021-04-27,28.95,25.05,27.124998,1.1,96.198,75.81081,18.448023,1012.125,91.083336,1,4,0.0,0.4,3.8999999999999986
2021-04-28,29.65,24.45,27.231253,1.2000002,98.8089,66.71305,18.0,1012.71246,30.833334,1,4,1.1,0.0,5.199999999999999
2021-04-29,28.65,24.15,26.670835,1.7000002,92.74141,73.51734,18.345877,1012.35004,54.583332,0,4,1.2000002,1.1,4.5
2021-04-30,28.55,24.85,26.714584,0.3,96.47429,69.17932,16.87398,1011.71674,47.875,0,4,1.7000002,1.2000002,3.6999999999999993
2021-05-01,29.8,25.9,27.86875,0.2,95.372604,67.31212,18.59845,1011.35846,70.666664,1,5,0.3,1.7000002,3.900000000000002
2021-05-02,30.65,26.55,28.387499,3.8999999,90.67873,68.72685,23.598541,1010.41675,60.791668,0,5,0.2,0.3,4.099999999999998
2021-05-03,30.45,25.25,27.879168,0.0,92.79875,67.04497,24.703976,1009.0957,80.291664,0,5,3.8999999,0.2,5.199999999999999
2021-05-04,31.15,25.4,28.160416,0.0,96.206345,62.286945,24.18707,1008.9873,56.583332,1,5,0.0,3.8999999,5.75
2021-05-05,30.8,26.2,28.277084,2.1,92.02029,64.94717,22.963936,1010.79584,54.375,1,5,0.0,0.0,4.600000000000001
2021-05-06,29.65,25.3,27.687498,2.5999997,98.524605,73.68472,15.725037,1012.7749,63.875,0,5,2.1,0.0,4.349999999999998
2021-05-07,29.8,25.15,27.689589,0.0,93.6336,67.351685,19.829433,1011.62494,58.125,0,5,2.5999997,2.1,4.650000000000002
2021-05-08,30.65,24.35,27.620829,0.0,100.0,61.800312,20.5484,1009.07916,40.833332,0,5,0.0,2.5999997,6.299999999999997
2021-05-09,31.45,25.8,28.604164,0.0,96.79574,62.595406,23.683512,1007.6418,42.25,0,5,0.0,0.0,5.649999999999999
2021-05-10,31.95,26.8,28.991669,0.0,97.67174,64.99011,24.703976,1007.17926,53.083332,0,5,0.0,0.0,5.149999999999999
2021-05-11,32.05,27.2,29.304163,0.0,92.3502,66.59216,23.452555,1006.60834,74.833336,0,5,0.0,0.0,4.849999999999998
2021-05-12,32.35,27.05,29.252083,0.0,93.16678,65.08291,19.174856,1006.2458,60.083332,0,5,0.0,0.0,5.300000000000001
2021-05-13,31.8,26.95,29.102087,0.0,92.336555,63.811287,25.006397,1006.35004,57.166668,0,5,0.0,0.0,4.850000000000001
2021-05-14,32.1,27.2,29.358335,0.1,89.6497,63.87468,29.784426,1006.6833,73.666664,0,5,0.0,0.0,4.900000000000002
2021-05-15,32.55,26.75,29.389582,0.0,91.50557,61.692165,26.474077,1007.2334,35.541668,0,5,0.1,0.0,5.799999999999997
2021-05-16,32.45,26.55,29.23958,0.0,96.51791,59.86545,26.420174,1007.54156,21.208334,0,5,0.0,0.1,5.900000000000002
2021-05-17,31.8,26.85,29.268744,0.0,91.239845,66.8215,28.36471,1007.7458,16.875,0,5,0.0,0.0,4.949999999999999
2021-05-18,32.6,27.25,29.568748,0.0,91.80738,62.656067,25.759504,1007.50006,78.708336,0,5,0.0,0.0,5.350000000000001
2021-05-19,32.2,27.35,29.685411,0.2,90.731316,63.779522,26.66188,1006.41675,87.416664,0,5,0.0,0.0,4.850000000000001
2021-05-20,33.3,27.6,29.991667,0.0,89.704056,57.829662,20.870687,1006.56665,92.958336,0,5,0.2,0.0,5.699999999999996
2021-05-21,32.4,27.65,29.993753,0.0,86.02849,65.041695,21.96295,1005.75415,33.958332,0,5,0.0,0.2,4.75
2021-05-22,32.2,27.5,29.933329,0.0,89.4058,63.324455,17.654686,1004.4917,26.791666,0,5,0.0,0.0,4.700000000000003
2021-05-23,31.95,27.25,29.412498,1.0,89.92014,61.954002,16.808569,1005.4875,26.291666,1,5,0.0,0.0,4.699999999999999
2021-05-24,30.15,26.6,28.299997,3.2999997,94.25785,76.17685,18.345877,1006.9207,60.291668,0,5,1.0,0.0,3.549999999999997
2021-05-25,30.6,26.45,28.597916,0.5,95.09502,71.649445,22.66857,1006.5208,52.083332,0,5,3.2999997,1.0,4.150000000000002
2021-05-26,30.7,26.65,28.831255,0.9,95.667244,70.843056,20.633371,1006.56665,34.166668,1,5,0.5,3.2999997,4.050000000000001
2021-05-27,30.4,26.8,28.568748,2.9,95.38934,72.71789,20.746122,1007.4749,38.333332,0,5,0.9,0.5,3.599999999999998
2021-05-28,30.9,27.45,29.356247,0.0,97.395515,75.16951,16.641972,1008.3042,74.416664,0,5,2.9,0.9,3.4499999999999993
2021-05-29,32.45,27.75,30.043745,0.2,94.31338,66.6718,16.595179,1007.1543,41.833332,0,5,0.0,2.9,4.700000000000003
2021-05-30,33.75,28.4,31.012503,0.0,91.891174,54.627483,17.106628,1005.0542,28.75,0,5,0.2,0.0,5.350000000000001
2021-05-31,35.05,28.8,31.472914,0.0,87.93543,48.838234,16.09969,1004.3459,51.583332,0,5,0.0,0.2,6.2499999999999964
2021-06-01,34.4,28.7,31.362501,0.0,92.974304,53.123062,17.906157,1004.60004,77.583336,0,6,0.0,0.0,5.699999999999999
2021-06-02,33.9,28.9,31.145838,0.0,92.455444,62.738235,18.532133,1005.14996,80.875,0,6,0.0,0.0,5.0
2021-06-03,35.1,29.1,32.15,0.0,77.66997,49.635822,16.80857,1005.12494,94.333336,0,6,0.0,0.0,6.0
2021-06-04,36.6,28.75,31.727081,0.70000005,86.90003,41.051685,18.626305,1005.5916,78.083336,0,6,0.0,0.0,7.850000000000001
2021-06-05,31.9,28.05,29.727087,0.2,88.93074,68.57411,17.873554,1005.52094,91.166664,0,6,0.70000005,0.0,3.849999999999998
2021-06-06,32.95,28.25,30.50625,0.5,86.08596,57.387684,14.869351,1004.72906,85.625,1,6,0.2,0.70000005,4.700000000000003
2021-06-07,32.9,27.8,29.558329,2.6,90.76397,55.78164,23.263912,1005.69574,98.416664,1,6,0.5,0.2,5.099999999999998
2021-06-08,30.6,27.35,28.76667,8.099999,88.07523,69.1025,15.7908325,1006.304,99.083336,0,6,2.6,0.5,3.25
2021-06-09,30.4,26.75,28.633333,0.3,90.42208,67.06482,12.979984,1005.52484,95.0,1,6,8.099999,2.6,3.6499999999999986
2021-06-10,31.95,26.6,28.958334,2.5,91.2305,56.74973,14.24163,1003.3291,95.833336,1,6,0.3,8.099999,5.349999999999998
2021-06-11,30.5,26.9,28.4125,2.4999998,88.091835,67.692856,11.620809,1002.7126,99.875,1,6,2.5,0.3,3.6000000000000014
2021-06-12,28.55,26.45,27.102083,16.600002,92.8682,78.53555,15.517629,1002.6375,99.75,1,6,2.4999998,2.5,2.1000000000000014
2021-06-13,31.95,26.3,28.472918,1.2,85.13571,59.033295,23.233253,1005.06665,94.5,0,6,16.600002,2.4999998,5.649999999999999
2021-06-14,33.45,26.25,29.337502,0.0,91.23678,49.514256,16.548256,1004.80414,45.125,0,6,1.2,16.600002,7.200000000000003
2021-06-15,33.85,26.6,29.758331,0.2,90.997574,53.85708,14.982228,1004.30005,21.416666,0,6,0.0,1.2,7.25
2021-06-16,35.55,27.15,30.76042,0.1,95.44889,46.82795,15.03835,1006.0291,22.375,0,6,0.2,0.0,8.399999999999999
2021-06-17,33.55,26.6,30.143747,1.0,94.266136,52.974327,13.979872,1007.61664,7.5,0,6,0.1,0.2,6.949999999999996
2021-06-18,33.75,27.75,30.58333,0.0,92.14145,53.023975,16.548256,1007.0876,15.875,0,6,1.0,0.1,6.0
2021-06-19,33.95,28.0,31.122917,0.0,83.69854,50.35396,20.188908,1005.01666,37.875,0,6,0.0,1.0,5.950000000000003
2021-06-20,35.8,28.65,31.71667,0.0,78.4178,45.0495,24.29133,1003.37067,43.125,0,6,0.0,0.0,7.149999999999999
2021-06-21,37.4,29.65,32.76667,0.0,70.3117,38.8425,20.12461,1003.4876,68.5,1,6,0.0,0.0,7.75
2021-06-22,34.5,27.85,30.808334,1.4000001,83.306145,49.366516,16.954432,1005.4917,90.0,0,6,0.0,0.0,6.649999999999999
2021-06-23,34.35,27.85,31.014582,0.8,85.84069,50.788837,20.371038,1005.77496,97.166664,0,6,1.4000001,0.0,6.5
2021-06-24,34.55,28.35,31.256247,0.2,82.11498,45.437496,18.668005,1004.98334,94.083336,1,6,0.8,1.4000001,6.199999999999996
2021-06-25,35.35,28.2,30.960413,3.0,85.34808,44.890594,14.76439,1005.01666,68.916664,1,6,0.2,0.8,7.150000000000002
2021-06-26,34.6,28.15,30.993752,2.3,87.68947,49.959236,17.81909,1006.7708,42.333332,0,6,3.0,0.2,6.450000000000003
2021-06-27,35.5,28.55,31.641665,0.1,83.4408,45.688465,23.110207,1006.27924,51.791668,0,6,2.3,3.0,6.949999999999999
2021-06-28,38.55,29.45,32.677082,0.0,80.39417,35.49704,21.434364,1004.625,82.166664,0,6,0.1,2.3,9.099999999999998
2021-06-29,36.5,29.05,32.041668,0.3,78.123924,39.14565,27.475807,1004.3167,69.166664,0,6,0.0,0.1,7.449999999999999
2021-06-30,36.75,29.0,31.789583,0.1,78.42486,38.547558,26.749235,1004.9167,81.583336,0,6,0.3,0.0,7.75
2021-07-01,37.55,28.75,31.868753,0.0,84.12935,36.335346,25.050413,1005.5083,72.166664,0,7,0.1,0.3,8.799999999999997
2021-07-02,35.6,29.05,32.216663,0.0,81.47717,42.346874,23.000591,1006.0542,61.375,0,7,0.0,0.1,6.550000000000001
2021-07-03,34.75,28.8,31.733335,0.0,76.93223,49.642796,20.172853,1004.946,45.625,0,7,0.0,0.0,5.949999999999999
2021-07-04,33.35,29.0,31.133337,0.0,84.64455,56.90984,18.486622,1004.779,78.5,0,7,0.0,0.0,4.350000000000001
2021-07-05,32.05,28.7,30.279167,0.3,81.895035,60.638557,16.29174,1004.00433,68.458336,1,7,0.0,0.0,3.349999999999998
2021-07-06,29.7,26.85,27.799997,11.900002,89.38721,73.47281,21.791153,1003.72504,99.458336,1,7,0.3,0.0,2.849999999999998
2021-07-07,28.9,26.1,27.4625,16.800001,93.12002,79.9333,12.496719,1004.9124,98.166664,1,7,11.900002,0.3,2.799999999999997
2021-07-08,30.7,26.1,28.195833,2.6999996,92.31738,68.96174,26.727423,1006.57495,36.666668,1,7,16.800001,11.900002,4.599999999999998
2021-07-09,30.55,26.6,28.504171,1.6,89.07205,69.074135,31.716797,1007.5083,25.833334,0,7,2.6999996,16.800001,3.9499999999999993
2021-07-10,30.3,26.05,28.454168,0.6,93.67486,71.56098,25.045238,1008.35834,28.208334,1,7,1.6,2.6999996,4.25
2021-07-11,30.75,26.45,28.808332,1.1,93.97195,68.559204,21.03152,1009.4749,28.416666,0,7,0.6,1.6,4.300000000000001
2021-07-12,30.45,26.25,28.579165,0.0,95.65462,70.97397,20.883104,1008.72504,32.375,0,7,1.1,0.6,4.199999999999999
2021-07-13,30.95,25.85,28.702078,0.1,95.64197,69.99221,24.482647,1007.2417,55.583332,0,7,0.0,1.1,5.099999999999998
2021-07-14,30.75,26.7,28.981249,0.1,92.5977,67.93557,22.530937,1006.83746,33.25,0,7,0.1,0.0,4.050000000000001
2021-07-15,30.85,26.85,29.012497,0.3,92.33108,67.53864,21.9718,1007.82495,42.541668,0,7,0.1,0.1,4.0
2021-07-16,31.25,25.5,28.245832,0.5,96.49103,66.43211,19.486609,1007.7,30.791666,0,7,0.3,0.1,5.75
2021-07-17,31.5,26.6,28.924997,0.2,91.49651,64.13222,16.831684,1004.62067,24.666666,1,7,0.5,0.3,4.899999999999999
2021-07-18,32.95,26.1,29.122915,1.9,94.81313,53.78647,18.581022,1002.8042,66.125,1,7,0.2,0.5,6.850000000000001
2021-07-19,31.15,27.05,28.856253,3.1000001,93.47355,68.84097,11.988594,1003.2417,79.708336,0,7,1.9,0.2,4.099999999999998
2021-07-20,33.8,27.1,29.558334,0.0,89.77586,54.663967,20.46941,1003.3083,95.583336,0,7,3.1000001,1.9,6.699999999999996
2021-07-21,33.25,27.2,29.604166,0.0,91.8653,54.31608,16.343367,1002.7708,92.583336,0,7,0.0,3.1000001,6.050000000000001
2021-07-22,34.1,28.65,30.29167,0.0,85.1866,52.155445,15.463246,1001.71674,99.583336,1,7,0.0,0.0,5.450000000000003
2021-07-23,32.25,26.75,29.20833,1.2,74.218,59.425972,18.204042,1000.39575,96.875,1,7,0.0,0.0,5.5
2021-07-24,32.0,26.15,28.537498,6.9000006,91.202446,59.40309,21.794127,999.66254,81.916664,1,7,1.2,0.0,5.850000000000001
2021-07-25,33.95,26.65,29.158333,4.5999994,85.65537,52.913216,19.523155,1000.67084,75.041664,0,7,6.9000006,1.2,7.300000000000004
2021-07-26,34.05,26.55,29.814583,0.5,84.13225,54.615322,24.122686,1001.0376,36.791668,0,7,4.5999994,6.9000006,7.4999999999999964
2021-07-27,35.35,27.4,30.493752,0.0,87.6852,47.49215,20.380579,1000.0959,79.125,0,7,0.5,4.5999994,7.950000000000003
2021-07-28,35.3,28.25,30.906248,0.8000001,84.98713,47.76845,18.58451,999.8667,82.625,1,7,0.0,0.5,7.049999999999997
2021-07-29,34.8,27.9,31.06875,2.1000001,89.28759,51.082253,19.08,1001.5334,88.125,1,7,0.8000001,0.0,6.899999999999999
2021-07-30,35.85,29.0,31.418755,3.1,81.22684,47.048676,14.904173,1002.38727,81.583336,0,7,2.1000001,0.8000001,6.850000000000001
2021-07-31,36.5,29.8,32.05,0.8,74.38804,44.040268,18.11841,1001.68756,85.541664,0,7,3.1,2.1000001,6.699999999999999
2021-08-01,36.35,29.4,31.856247,0.1,80.47799,43.733177,23.507753,1000.6458,98.291664,0,8,0.8,3.1,6.950000000000003
2021-08-02,36.25,30.1,32.266663,0.1,75.76396,40.73305,18.472595,1000.6833,97.958336,0,8,0.1,0.8,6.149999999999999
2021-08-03,37.0,29.85,32.852085,0.1,66.3502,39.53702,18.39878,1001.6416,99.5,0,8,0.1,0.1,7.149999999999999
2021-08-04,36.45,29.8,32.72083,0.1,66.34011,38.147396,21.892027,1001.67914,99.5,0,8,0.1,0.1,6.650000000000002
2021-08-05,36.6,30.6,32.568752,0.6,70.74941,40.0817,20.304129,1001.6707,97.791664,0,8,0.1,0.1,6.0
2021-08-06,37.7,30.7,32.962498,0.0,73.180046,37.97958,20.288164,1002.571,97.375,0,8,0.6,0.1,7.0000000000000036
2021-08-07,37.85,30.0,32.868748,0.0,72.09922,37.787308,24.162947,1003.89166,99.416664,0,8,0.0,0.6,7.850000000000001
2021-08-08,36.3,29.8,32.529167,0.0,81.25782,41.692814,20.87379,1004.5083,89.291664,0,8,0.0,0.0,6.4999999999999964
2021-08-09,35.6,29.1,32.297916,0.1,81.217186,45.02305,19.453327,1003.8,82.666664,1,8,0.0,0.0,6.5
2021-08-10,35.85,28.65,31.549997,1.7,87.672424,43.787647,17.595861,1003.9417,86.166664,1,8,0.1,0.0,7.200000000000003
2021-08-11,33.25,28.8,30.708334,4.6,83.41287,60.10242,20.288164,1007.14166,87.208336,1,8,1.7,0.1,4.449999999999999
2021-08-12,33.3,26.75,29.499998,10.900001,92.875854,54.683235,19.523155,1008.0415,93.583336,1,8,4.6,1.7,6.549999999999997
2021-08-13,34.6,27.55,30.079168,8.0,89.67514,50.506794,17.786331,1005.13324,84.416664,0,8,10.900001,4.6,7.050000000000001
2021-08-14,34.2,27.9,30.722921,0.0,75.89097,50.763462,20.674156,1004.97906,92.916664,1,8,8.0,10.900001,6.300000000000004
2021-08-15,34.1,25.75,29.335417,4.2,95.07002,51.370926,21.734581,1008.91656,62.916668,0,8,0.0,8.0,8.350000000000001
2021-08-16,31.9,26.05,28.87708,1.0,92.017456,62.316944,20.172853,1011.25006,42.583332,0,8,4.2,0.0,5.849999999999998
2021-08-17,31.75,26.65,29.335417,0.0,92.60564,63.57749,15.941944,1009.48334,7.6666665,0,8,1.0,4.2,5.100000000000001
2021-08-18,33.05,26.95,29.89583,0.0,90.43899,57.481766,16.87398,1007.11237,31.875,0,8,0.0,1.0,6.099999999999998
2021-08-19,32.4,27.15,29.84167,0.0,85.55196,55.20236,19.694992,1007.6418,70.375,0,8,0.0,0.0,5.25
2021-08-20,32.4,26.1,29.57708,0.0,89.83807,57.899242,19.914217,1008.67084,32.25,0,8,0.0,0.0,6.299999999999997
2021-08-21,32.5,27.2,29.81875,0.0,90.4861,53.613472,20.12461,1007.7793,35.0,0,8,0.0,0.0,5.300000000000001
2021-08-22,32.6,27.0,29.839586,0.6,88.57304,56.206776,17.673029,1006.2832,48.416668,0,8,0.0,0.0,5.600000000000001
2021-08-23,33.85,26.3,29.797913,0.7,87.72396,47.962418,20.88,1005.41254,57.166668,0,8,0.6,0.0,7.550000000000001
2021-08-24,32.4,27.65,30.029165,0.0,85.04965,59.067802,20.316889,1005.51245,34.208332,0,8,0.7,0.6,4.75
2021-08-25,32.65,26.75,29.637497,1.0,86.19965,55.04881,17.992796,1006.1875,39.541668,1,8,0.0,0.7,5.899999999999999
2021-08-26,31.5,26.0,28.327082,13.5,89.293526,63.12104,23.277834,1007.7375,53.625,1,8,1.0,0.0,5.5
2021-08-27,30.5,25.05,27.752083,7.8999996,95.0449,67.22756,19.9954,1008.63763,57.708332,1,8,13.5,1.0,5.449999999999999
2021-08-28,30.15,24.55,27.643745,4.3,94.172005,67.624344,15.725037,1008.46246,72.458336,1,8,7.8999996,13.5,5.599999999999998
2021-08-29,28.55,25.3,26.589584,12.1,93.921715,79.63417,15.617529,1009.08344,92.0,1,8,4.3,7.8999996,3.25
2021-08-30,29.25,25.25,27.285418,2.1000001,95.33709,76.717125,14.021525,1009.2248,95.166664,1,8,12.1,4.3,4.0
2021-08-31,28.9,25.1,27.339584,3.9999998,95.61805,79.04474,11.212135,1009.16675,85.125,0,8,2.1000001,12.1,3.799999999999997
2021-09-01,29.95,25.7,27.881247,0.6,93.100235,70.495346,13.891522,1008.30835,66.791664,1,9,3.9999998,2.1000001,4.25
2021-09-02,29.5,26.1,27.7125,4.3999996,87.99176,72.78136,12.599998,1007.3875,98.166664,0,9,0.6,3.9999998,3.3999999999999986
2021-09-03,29.0,26.25,27.477083,0.4,92.85286,70.86213,9.72,1006.5791,99.166664,1,9,4.3999996,0.6,2.75
2021-09-04,30.1,24.85,27.245832,23.200003,94.75636,71.74051,9.983106,1007.1499,98.75,1,9,0.4,4.3999996,5.25
2021-09-05,30.15,25.7,27.560417,6.2999997,93.93925,64.23531,14.618837,1008.73755,58.208332,1,9,23.200003,0.4,4.449999999999999
2021-09-06,29.0,24.95,27.414583,8.6,93.90625,76.96208,12.397806,1009.0625,75.291664,1,9,6.2999997,23.200003,4.050000000000001
2021-09-07,27.45,25.65,26.39792,25.3,92.84259,81.742676,11.4862,1007.4668,99.666664,1,9,8.6,6.2999997,1.8000000000000007
2021-09-08,29.75,26.0,27.450003,16.500002,93.395836,71.74051,20.523157,1006.94995,84.375,1,9,25.3,8.6,3.75
2021-09-09,29.75,25.05,27.40625,4.2999997,95.34221,75.70894,12.849528,1007.94165,83.458336,1,9,16.500002,25.3,4.699999999999999
2021-09-10,28.45,25.9,27.09375,37.700005,90.125145,78.041885,31.765793,1005.4834,100.0,1,9,4.2999997,16.500002,2.5500000000000007
2021-09-11,27.0,25.9,26.425001,85.399994,91.487434,82.92595,49.004974,1000.6917,99.625,1,9,37.700005,4.2999997,1.1000000000000014
2021-09-12,26.6,25.8,26.227081,77.0,92.56586,86.94175,33.47032,1001.7415,95.666664,1,9,85.399994,37.700005,0.8000000000000007
2021-09-13,28.85,26.15,27.225004,18.500002,94.801895,81.42772,23.893261,1004.4292,84.708336,1,9,77.0,85.399994,2.700000000000003
2021-09-14,30.0,26.0,27.82292,15.400002,95.08788,78.49517,23.598541,1008.74164,78.125,0,9,18.500002,77.0,4.0
2021-09-15,30.05,25.25,27.883331,0.1,98.52241,75.53062,27.859905,1010.30426,83.833336,0,9,15.400002,18.500002,4.800000000000001
2021-09-16,30.35,25.5,27.706247,0.9000001,97.94436,72.926506,23.03156,1009.38745,79.666664,0,9,0.1,15.400002,4.850000000000001
2021-09-17,29.9,25.65,27.852083,0.1,97.65114,75.44424,12.261158,1009.07495,27.333334,0,9,0.9000001,0.1,4.25
2021-09-18,29.65,26.0,27.966667,0.3,91.51763,78.184875,12.43434,1009.3958,81.75,1,9,0.1,0.9000001,3.6499999999999986
2021-09-19,28.35,25.25,26.950003,3.0000002,94.48428,77.53125,15.1884165,1009.0708,66.916664,1,9,0.3,0.1,3.1000000000000014
2021-09-20,28.85,25.55,26.766668,11.500002,94.2204,80.19223,15.580141,1008.6375,74.333336,1,9,3.0000002,0.3,3.3000000000000007
2021-09-21,29.15,24.75,26.93125,7.2000003,94.74875,76.06926,11.726277,1008.1501,71.708336,1,9,11.500002,3.0000002,4.399999999999999
2021-09-22,29.0,24.85,27.162498,3.0,94.184685,77.423706,12.303366,1008.50415,61.666668,1,9,7.2000003,11.500002,4.149999999999999
2021-09-23,27.65,25.85,26.745836,37.399998,93.10766,81.503784,42.354733,1006.2373,99.666664,1,9,3.0,7.2000003,1.7999999999999972
2021-09-24,29.3,25.45,27.022917,8.2,94.20993,76.3201,34.92,1007.6001,96.958336,1,9,37.399998,3.0,3.8500000000000014
2021-09-25,29.1,25.1,26.935411,6.6,97.936775,76.74726,20.87379,1009.0793,80.333336,1,9,8.2,37.399998,4.0
2021-09-26,28.7,24.65,26.89583,1.5,95.64197,79.92668,14.145756,1009.52075,36.916668,1,9,6.6,8.2,4.050000000000001
2021-09-27,29.35,25.15,27.214584,1.3000001,96.19938,74.28363,15.1884165,1009.7666,21.75,1,9,1.5,6.6,4.200000000000003
2021-09-28,29.2,25.1,27.247915,1.5000001,94.19943,78.81617,15.141414,1009.425,50.958332,1,9,1.3000001,1.5,4.099999999999998
2021-09-29,29.25,24.5,27.264585,2.0,98.21868,77.64089,12.738099,1008.64594,27.333334,0,9,1.5000001,1.3000001,4.75
2021-09-30,29.85,24.15,27.35,0.5,99.40446,73.497955,16.73516,1009.01227,32.708332,0,9,2.0,1.5000001,5.700000000000003
2021-10-01,29.45,24.3,27.25833,0.0,99.104836,74.09411,15.893093,1009.30835,28.125,1,10,0.5,2.0,5.149999999999999
2021-10-02,29.55,25.3,27.404165,1.9000002,94.216225,71.21252,16.595179,1009.60834,53.541668,1,10,0.0,0.5,4.25
2021-10-03,29.3,24.85,27.281252,1.1,95.05928,74.738434,13.910169,1009.57495,60.208332,1,10,1.9000002,0.0,4.449999999999999
2021-10-04,28.55,25.8,26.699999,11.4,94.50823,78.51806,21.605999,1009.1001,86.208336,1,10,1.1,1.9000002,2.75
2021-10-05,28.2,25.9,26.864584,10.699999,92.83231,84.72939,16.79314,1007.7168,94.5,1,10,11.4,1.1,2.3000000000000007
2021-10-06,27.2,25.6,26.189583,79.8,92.563225,83.19844,36.721764,1003.02924,100.0,1,10,10.699999,11.4,1.5999999999999979
2021-10-07,27.85,26.05,26.68958,27.399996,91.75183,85.5371,30.472675,1000.5166,100.0,1,10,79.8,10.699999,1.8000000000000007
2021-10-08,28.1,24.75,26.547913,11.500001,90.01607,80.60777,29.914679,1001.0125,99.916664,0,10,27.399996,79.8,3.3500000000000014
2021-10-09,32.25,24.8,28.364584,0.1,94.18256,55.758354,24.967499,1002.77905,91.041664,1,10,11.500001,27.399996,7.449999999999999
2021-10-10,29.95,25.55,27.606253,8.8,96.52424,76.41909,16.595179,1004.21674,89.666664,1,10,0.1,11.500001,4.399999999999999
2021-10-11,29.55,25.85,27.254164,4.4,95.08079,80.5418,19.09358,1005.12085,69.333336,1,10,8.8,0.1,3.6999999999999993
2021-10-12,27.8,24.4,26.043749,2.3999999,86.964386,73.45335,40.08952,1004.0833,99.875,1,10,4.4,8.8,3.400000000000002
2021-10-13,25.45,22.55,23.820833,19.400002,92.090324,75.95469,21.096123,1001.7166,100.0,1,10,2.3999999,4.4,2.8999999999999986
2021-10-14,27.8,24.7,26.475,4.7000003,91.139565,78.16186,14.241629,1005.4458,98.166664,1,10,19.400002,2.3999999,3.1000000000000014
2021-10-15,28.5,24.5,26.083334,33.9,93.60355,83.24957,12.738099,1007.56244,98.833336,1,10,4.7000003,19.400002,4.0
2021-10-16,27.1,24.95,26.039581,66.0,91.174255,83.437195,46.22882,1009.1501,100.0,1,10,33.9,4.7000003,2.150000000000002
2021-10-17,27.5,24.15,25.891668,40.7,95.030396,81.994484,51.61953,1009.9834,100.0,1,10,66.0,33.9,3.3500000000000014
2021-10-18,27.55,24.55,26.031252,5.8999987,93.9305,81.51003,12.324414,1013.6125,100.0,1,10,40.7,66.0,3.0
2021-10-19,28.0,25.15,26.268747,3.9999993,94.50228,78.92027,18.720001,1014.85004,91.333336,1,10,5.8999987,40.7,2.8500000000000014
2021-10-20,28.8,23.65,26.331251,5.3999996,95.29773,77.58982,12.904882,1013.39575,74.125,1,10,3.9999993,5.8999987,5.150000000000002
2021-10-21,28.95,23.55,26.335417,8.2,95.30292,80.47725,15.815435,1012.70416,48.583332,1,10,5.3999996,3.9999993,5.399999999999999
2021-10-22,26.6,24.05,25.3375,31.9,92.455505,81.594696,33.60557,1015.1125,91.875,1,10,8.2,5.3999996,2.5500000000000007
2021-10-23,25.2,24.15,24.785418,49.499996,91.069626,81.962616,30.962095,1015.9875,100.0,1,10,31.9,8.2,1.0500000000000007
2021-10-24,26.0,23.7,24.908333,22.900003,90.21229,79.36204,29.157776,1015.0959,98.166664,1,10,49.499996,31.9,2.3000000000000007
2021-10-25,26.9,23.25,25.045832,5.999999,93.830536,72.01219,26.674032,1013.51666,92.125,1,10,22.900003,49.499996,3.6499999999999986
2021-10-26,27.2,24.25,25.472914,13.400001,92.47452,72.34811,29.035288,1012.0666,99.666664,1,10,5.999999,22.900003,2.9499999999999993
2021-10-27,26.35,23.75,25.033335,60.399994,96.155914,84.87456,25.764534,1011.9998,100.0,1,10,13.400001,5.999999,2.6000000000000014
2021-10-28,27.15,24.4,25.608335,12.299999,94.76404,82.19888,18.171976,1013.875,95.5,1,10,60.399994,13.400001,2.75
2021-10-29,27.65,24.45,25.88125,14.3,93.88412,78.871574,14.654254,1014.88336,97.083336,1,10,12.299999,60.399994,3.1999999999999993
2021-10-30,26.4,23.8,25.018747,14.6,93.582695,83.86273,12.015589,1014.8875,89.958336,1,10,14.3,12.299999,2.599999999999998
2021-10-31,27.4,23.75,25.468748,3.4999998,94.997604,81.00299,15.021105,1014.8291,81.208336,1,10,14.6,14.3,3.6499999999999986
2021-11-01,27.3,23.7,25.714584,2.8,95.28395,81.20283,10.8955765,1014.7209,56.458332,1,11,3.4999998,14.6,3.6000000000000014
2021-11-02,27.25,23.5,25.597918,2.1000001,95.58748,79.77301,12.387348,1014.44586,79.041664,1,11,2.8,3.4999998,3.75
2021-11-03,27.25,23.55,25.61458,2.3,94.74875,81.92163,15.509274,1013.50006,54.333332,1,11,2.1000001,2.8,3.6999999999999993
2021-11-04,27.85,23.15,25.893753,1.3000001,99.397064,77.95542,11.525623,1012.37494,60.833332,0,11,2.3,2.1000001,4.700000000000003
2021-11-05,28.0,23.9,26.068754,0.70000005,97.34636,79.15075,13.276144,1010.02924,34.875,0,11,1.3000001,2.3,4.100000000000001
2021-11-06,28.75,23.75,26.231253,0.0,98.21538,74.64946,19.164719,1008.7334,49.25,1,11,0.70000005,1.3000001,5.0
2021-11-07,28.25,24.2,26.6875,9.0,93.025154,73.58846,14.186923,1010.89996,50.041668,1,11,0.0,0.70000005,4.050000000000001
2021-11-08,26.95,23.25,24.858335,38.3,91.57864,75.13598,30.993471,1014.18744,99.333336,1,11,9.0,0.0,3.6999999999999993
2021-11-09,25.6,23.2,24.200003,2.5,91.28713,73.44934,26.208395,1015.92084,99.916664,1,11,38.3,9.0,2.400000000000002
2021-11-10,25.1,22.35,23.620834,8.000001,92.081696,73.59135,25.376808,1015.45844,100.0,1,11,2.5,38.3,2.75
2021-11-11,24.5,22.65,23.766665,6.4999995,91.01504,83.907684,17.935081,1014.9292,99.416664,1,11,8.000001,2.5,1.8500000000000014
2021-11-12,26.75,23.55,25.116663,17.5,91.03114,71.20397,31.487143,1015.13324,100.0,1,11,6.4999995,8.000001,3.1999999999999993
2021-11-13,24.15,22.65,23.410421,21.4,89.61933,77.05864,28.66468,1015.35004,100.0,1,11,17.5,6.4999995,1.5
2021-11-14,24.95,23.4,24.391663,21.2,91.32464,80.43464,24.693481,1014.1875,100.0,1,11,21.4,17.5,1.5500000000000007
2021-11-15,25.35,24.35,24.972918,17.700003,92.20083,81.72526,20.304129,1012.6084,94.375,1,11,21.2,21.4,1.0
2021-11-16,27.5,24.3,25.627083,7.2999997,93.59432,73.28047,17.10284,1013.0584,94.708336,1,11,17.700003,21.2,3.1999999999999993
2021-11-17,26.6,23.6,25.056252,32.4,93.84622,82.8796,20.945072,1013.375,94.833336,1,11,7.2999997,17.700003,3.0
2021-11-18,26.45,23.6,24.674997,24.1,93.56866,80.637115,26.552288,1011.83344,80.5,0,11,32.4,7.2999997,2.849999999999998
2021-11-19,27.0,22.4,24.927084,0.4,96.14314,73.01455,12.224107,1009.9209,44.208332,0,11,24.1,32.4,4.600000000000001
2021-11-20,26.75,22.8,25.083334,0.4,96.15875,79.91385,12.074766,1010.425,62.166668,1,11,0.4,24.1,3.9499999999999993
2021-11-21,27.35,23.9,25.558332,1.2,96.450874,79.993965,12.303366,1011.9834,44.25,1,11,0.4,0.4,3.450000000000003
2021-11-22,26.85,23.75,25.168753,8.2,89.39417,80.68244,31.667723,1014.11237,83.25,1,11,1.2,0.4,3.1000000000000014
2021-11-23,24.4,22.95,23.716667,15.800001,89.3526,81.01086,31.072817,1016.4292,99.291664,1,11,8.2,1.2,1.4499999999999993
2021-11-24,24.7,23.2,23.793753,3.8,84.542145,75.55455,27.691935,1016.425,99.958336,0,11,15.800001,8.2,1.5
2021-11-25,24.85,22.2,23.472916,0.70000005,92.070206,74.88738,19.443333,1015.8875,69.166664,1,11,3.8,15.800001,2.650000000000002
2021-11-26,25.3,23.05,24.135414,1.1,87.172264,70.71972,20.957443,1015.7126,81.125,1,11,0.70000005,3.8,2.25
2021-11-27,25.0,23.0,24.116669,21.199999,89.645195,73.346825,35.864742,1015.52484,100.0,1,11,1.1,0.70000005,2.0
2021-11-28,24.8,23.35,24.352081,26.4,90.521614,82.6569,37.30302,1014.07513,100.0,1,11,21.199999,1.1,1.4499999999999993
2021-11-29,25.15,23.75,24.454168,16.0,88.850105,76.37664,36.102455,1014.09174,100.0,1,11,26.4,21.199999,1.3999999999999986
2021-11-30,25.5,21.7,23.804167,3.0999997,88.961784,60.315254,34.674183,1017.0124,95.458336,1,11,16.0,26.4,3.8000000000000007
2021-12-01,24.8,20.9,22.57292,2.6,89.18774,61.26458,24.967497,1018.2041,78.708336,1,12,3.0999997,16.0,3.900000000000002
2021-12-02,24.0,20.95,22.506248,1.1,82.530525,63.745064,24.863466,1018.8958,70.416664,0,12,2.6,3.0999997,3.0500000000000007
2021-12-03,23.85,19.45,21.364584,1.0,89.6482,57.39782,22.66857,1019.4709,60.125,0,12,1.1,2.6,4.400000000000002
2021-12-04,23.4,19.9,21.768751,0.4,85.253716,51.27853,21.611996,1018.7249,83.833336,1,12,1.0,1.1,3.5
2021-12-05,22.15,20.4,21.30208,24.700006,86.21189,77.65373,24.967497,1017.54175,100.0,1,12,0.4,1.0,1.75
2021-12-06,23.1,19.45,21.15625,3.3000002,85.49265,69.64643,21.434364,1018.0251,92.666664,1,12,24.700006,0.4,3.650000000000002
2021-12-07,22.6,20.3,21.300001,2.8999999,88.052895,73.72885,16.676977,1017.86664,83.5,1,12,3.3000002,24.700006,2.3000000000000007
2021-12-08,23.0,21.2,22.097916,20.499996,94.61434,76.517784,21.479664,1017.8083,98.375,1,12,2.8999999,3.3000002,1.8000000000000007
2021-12-09,25.8,20.8,23.081247,6.799999,90.38831,71.66578,19.137648,1018.89594,42.666668,1,12,20.499996,2.8999999,5.0
2021-12-10,24.85,19.45,22.645834,1.3000001,96.03136,64.27724,17.786331,1017.72504,45.458332,1,12,6.799999,20.499996,5.400000000000002
2021-12-11,24.2,21.85,22.916666,5.900001,90.956665,76.68768,20.447239,1017.96246,78.625,1,12,1.3000001,6.799999,2.349999999999998
2021-12-12,24.7,22.1,23.40625,3.6,89.059746,75.82075,24.363249,1018.19604,93.083336,1,12,5.900001,1.3000001,2.599999999999998
2021-12-13,23.5,21.55,22.2875,10.400001,90.90105,78.47508,26.161375,1017.7666,94.375,1,12,3.6,5.900001,1.9499999999999993
2021-12-14,23.5,21.2,22.325003,3.3999994,96.39402,80.249115,17.87718,1015.3708,99.791664,1,12,10.400001,3.6,2.3000000000000007
2021-12-15,24.05,21.75,22.939583,12.700002,97.584946,87.26214,14.759999,1013.62085,96.375,1,12,3.3999994,10.400001,2.3000000000000007
2021-12-16,25.8,21.5,23.877083,1.1,97.577705,80.24154,12.313894,1014.32074,67.0,1,12,12.700002,3.3999994,4.300000000000001
2021-12-17,25.35,22.25,23.422915,6.3,89.059746,77.314926,23.565569,1016.18744,97.25,1,12,1.1,12.700002,3.1000000000000014
2021-12-18,23.9,21.55,22.660418,9.9,86.835106,74.08986,34.66858,1017.1624,97.791664,1,12,6.3,1.1,2.349999999999998
2021-12-19,21.45,19.6,20.597918,30.7,89.98479,80.9851,37.8,1014.85406,100.0,0,12,9.9,6.3,1.8499999999999979
2021-12-20,22.65,18.85,20.622917,0.0,89.58054,71.56203,32.271744,1014.4334,66.958336,0,12,30.7,9.9,3.799999999999997
2021-12-21,23.15,20.15,21.720833,0.3,89.2071,76.54107,22.59699,1015.7375,100.0,0,12,0.0,30.7,3.0
2021-12-22,23.8,21.1,22.260416,0.0,94.023155,75.929726,21.407139,1015.10834,73.5,0,12,0.3,0.0,2.6999999999999993
2021-12-23,23.65,20.55,22.214584,0.2,96.65914,79.7123,14.759999,1014.51245,97.416664,1,12,0.0,0.3,3.099999999999998
2021-12-24,24.9,21.3,23.043753,2.5,94.37256,77.52339,11.019764,1015.01245,89.75,1,12,0.2,0.0,3.599999999999998
2021-12-25,23.4,22.05,22.789583,35.1,94.079895,84.824425,18.416384,1016.5666,94.333336,1,12,2.5,0.2,1.3499999999999979
2021-12-26,23.05,21.7,22.608332,20.8,91.48694,85.7906,41.23532,1017.9709,100.0,1,12,35.1,2.5,1.3500000000000014
2021-12-27,22.3,20.65,21.243752,142.6,93.13161,88.461075,36.04677,1019.82916,100.0,1,12,20.8,35.1,1.6500000000000021
2021-12-28,23.0,21.15,22.406252,31.700003,91.79634,85.30728,29.144442,1019.2083,86.083336,1,12,142.6,20.8,1.8500000000000014
2021-12-29,24.25,21.6,22.75,5.200001,90.343254,83.589516,21.313093,1019.98334,67.0,1,12,31.700003,142.6,2.6499999999999986
2021-12-30,23.9,20.95,22.314585,4.5999994,89.7411,78.582695,28.04305,1021.41254,65.458336,1,12,5.200001,31.700003,2.9499999999999993
2021-12-31,23.35,21.0,22.079165,7.7000003,93.43824,74.40708,23.233252,1020.83344,70.208336,1,12,4.5999994,5.200001,2.3500000000000014
2022-01-01,24.1,21.15,22.227081,13.199999,94.32693,77.043434,19.174856,1019.8916,96.041664,1,1,7.7000003,4.5999994,2.950000000000003
2022-01-02,22.95,20.95,22.033333,9.800001,92.87657,81.64682,25.476198,1018.88336,98.458336,1,1,13.199999,7.7000003,2.0
2022-01-03,23.8,19.25,21.629168,2.1000001,98.453964,76.16636,15.575981,1017.43756,89.291664,1,1,9.800001,13.199999,4.550000000000001
2022-01-04,24.0,21.25,22.61875,3.7,94.612366,79.82126,13.779114,1016.0083,82.833336,1,1,2.1000001,9.800001,2.75
2022-01-05,24.15,21.45,22.675003,1.5000002,96.983604,83.0657,15.827721,1015.4666,76.583336,1,1,3.7,2.1000001,2.6999999999999993
2022-01-06,24.95,20.6,22.827082,1.8000002,99.692986,75.63425,12.661564,1016.70844,92.291664,1,1,1.5000002,3.7,4.349999999999998
2022-01-07,24.85,21.4,22.735418,7.5,94.32693,72.41646,12.738099,1017.80835,72.708336,1,1,1.8000002,1.5000002,3.450000000000003
2022-01-08,23.6,21.25,22.729166,6.9999995,94.64794,82.01826,17.399586,1016.2583,95.416664,1,1,7.5,1.8000002,2.3500000000000014
2022-01-09,24.1,20.55,22.641668,3.9999998,98.166756,79.834816,11.367109,1015.1584,56.0,0,1,6.9999995,7.5,3.5500000000000007
2022-01-10,25.0,21.4,23.195831,0.6,94.62823,77.7771,16.42247,1015.60004,54.625,1,1,3.9999998,6.9999995,3.6000000000000014
2022-01-11,23.9,21.15,22.356249,5.2000003,91.17003,80.7281,17.727943,1017.50415,75.75,1,1,0.6,3.9999998,2.75
2022-01-12,23.75,20.05,21.81875,3.1,96.35488,77.83349,14.830076,1017.9917,68.375,1,1,5.2000003,0.6,3.6999999999999993
2022-01-13,24.35,19.25,22.147917,2.9999995,100.0,73.92197,16.23596,1018.0833,66.541664,0,1,3.1,5.2000003,5.100000000000001
2022-01-14,23.75,19.55,21.758333,0.4,97.56226,79.26011,12.9249525,1017.0417,35.375,0,1,2.9999995,3.1,4.199999999999999
2022-01-15,24.7,18.65,21.960419,0.2,96.03582,72.12963,16.171976,1016.76245,54.75,1,1,0.4,2.9999995,6.050000000000001
2022-01-16,25.1,20.6,22.620834,1.6000001,100.0,74.031265,14.417988,1016.41656,34.583332,1,1,0.2,0.4,4.5
2022-01-17,24.35,21.2,22.797918,2.6000001,89.272545,78.85463,15.379206,1017.4041,63.75,1,1,1.6000001,0.2,3.150000000000002
2022-01-18,22.75,21.0,21.641668,25.0,92.88956,81.91352,24.717085,1017.3459,97.916664,1,1,2.6000001,1.6000001,1.75
2022-01-19,22.3,19.45,21.041666,17.700003,95.431526,84.172295,19.681828,1015.9792,91.541664,1,1,25.0,2.6000001,2.8500000000000014
2022-01-20,23.75,20.45,22.097916,4.8,95.169586,73.812035,14.241629,1014.7458,61.041668,0,1,17.700003,25.0,3.3000000000000007
2022-01-21,24.4,20.2,22.654167,0.4,96.35081,75.789116,11.090103,1013.4334,53.541668,0,1,4.8,17.700003,4.199999999999999
2022-01-22,25.5,20.6,22.99375,0.0,99.38537,73.65921,19.083395,1010.8291,23.375,1,1,0.4,4.8,4.899999999999999
2022-01-23,26.2,20.45,23.404165,2.0,99.6919,80.11665,19.813087,1010.7917,43.291668,1,1,0.0,0.4,5.75
2022-01-24,26.25,21.15,23.695833,2.7,99.69572,80.60466,11.503113,1011.67487,54.041668,0,1,2.0,0.0,5.100000000000001
2022-01-25,24.65,20.45,22.8125,0.8,100.0,85.21473,10.829958,1013.3083,52.833332,0,1,2.7,2.0,4.199999999999999
2022-01-26,24.95,19.75,22.8375,0.5,100.0,82.89844,13.37825,1013.65826,35.083332,1,1,0.8,2.7,5.199999999999999
2022-01-27,25.65,20.35,23.022919,1.1,100.0,76.635124,13.979872,1013.8542,40.625,0,1,0.5,0.8,5.299999999999997
2022-01-28,25.65,20.1,23.15625,0.2,100.0,73.91196,16.87398,1012.7752,43.25,0,1,1.1,0.5,5.549999999999997
2022-01-29,25.85,21.85,23.764582,0.2,96.10302,78.378944,19.493261,1011.47504,26.375,1,1,0.2,1.1,4.0
2022-01-30,25.4,21.95,23.320831,44.699997,93.5382,80.254814,17.698677,1012.6624,89.375,1,1,0.2,0.2,3.4499999999999993
2022-01-31,24.05,20.3,21.708334,2.9,86.57608,78.900665,28.673721,1013.89575,93.916664,1,1,44.699997,0.2,3.75
2022-02-01,24.0,19.75,21.264584,1.2,91.93335,75.961296,27.212759,1014.8582,86.791664,0,2,2.9,44.699997,4.25
2022-02-02,24.85,20.55,22.337496,0.0,87.0586,73.32114,24.703976,1015.58746,55.375,0,2,1.2,2.9,4.300000000000001
2022-02-03,23.5,20.1,21.454165,0.3,86.09453,77.314095,30.96837,1016.36255,77.875,1,2,0.0,1.2,3.3999999999999986
2022-02-04,22.9,20.85,21.5625,8.5,92.28952,76.74205,27.059933,1017.8416,100.0,1,2,0.3,0.0,2.049999999999997
2022-02-05,22.7,21.1,21.887503,9.400001,88.41168,79.14828,22.97522,1018.10004,99.0,1,2,8.5,0.3,1.5999999999999979
2022-02-06,23.95,19.55,22.091667,1.8000002,97.24062,73.62436,19.881649,1016.18317,83.208336,0,2,9.400001,8.5,4.399999999999999
2022-02-07,26.0,20.15,22.954168,0.0,100.0,75.99388,18.94024,1013.3582,56.541668,0,2,1.8000002,9.400001,5.850000000000001
2022-02-08,25.45,21.85,23.697916,0.8,97.883194,87.881966,18.331741,1014.12933,59.25,1,2,0.0,1.8000002,3.599999999999998
2022-02-09,25.45,22.5,23.814583,2.1000001,97.59841,83.75755,16.904673,1014.6543,56.208332,0,2,0.8,0.0,2.9499999999999993
2022-02-10,24.9,20.55,23.149996,0.6,99.385155,85.45975,13.5515,1013.69995,59.958332,1,2,2.1000001,0.8,4.349999999999998
2022-02-11,25.4,21.75,23.614584,2.2,99.69551,81.7376,20.523157,1013.2375,60.083332,1,2,0.6,2.1000001,3.6499999999999986
2022-02-12,25.0,22.25,23.808332,1.4000001,96.99703,77.06236,21.03152,1011.87506,91.833336,1,2,2.2,0.6,2.75
2022-02-13,25.5,22.0,24.168749,8.1,94.97003,79.96973,18.214718,1011.1833,84.625,1,2,1.4000001,2.2,3.5
2022-02-14,23.85,21.5,22.387503,1.3000001,90.61662,78.575516,19.373219,1013.88336,99.916664,1,2,8.1,1.4000001,2.3500000000000014
2022-02-15,23.65,21.7,22.687502,1.7,89.29169,80.0211,14.799459,1013.07904,100.0,1,2,1.3000001,8.1,1.9499999999999993
2022-02-16,23.6,22.2,22.835417,3.5999997,96.70357,85.864944,11.113451,1010.8708,98.791664,0,2,1.7,1.3000001,1.4000000000000021
2022-02-17,26.2,22.85,24.270834,0.1,97.30875,84.545135,19.959719,1009.8,77.875,0,2,3.5999997,1.7,3.349999999999998
2022-02-18,27.65,23.15,25.097916,0.1,98.20075,81.97027,22.45315,1010.3457,51.291668,1,2,0.1,3.5999997,4.5
2022-02-19,27.6,20.0,23.610418,4.3999996,96.74233,80.37881,32.619255,1012.1084,71.958336,0,2,0.1,0.1,7.600000000000001
2022-02-20,20.3,18.2,19.241667,0.6,81.74594,77.38143,32.52177,1016.6584,98.083336,0,2,4.3999996,0.1,2.1000000000000014
2022-02-21,20.1,18.05,18.835417,0.2,82.691986,73.89116,21.650938,1018.30835,100.0,0,2,0.6,4.3999996,2.0500000000000007
2022-02-22,22.1,18.85,19.88542,0.5,84.64652,69.89791,35.31121,1019.86255,91.958336,0,2,0.2,0.6,3.25
2022-02-23,19.25,17.95,18.60625,0.70000005,84.256454,75.170425,34.77868,1022.12915,99.875,1,2,0.5,0.2,1.3000000000000007
2022-02-24,20.1,18.65,19.202082,6.1000004,93.029755,76.79424,21.518847,1022.2832,100.0,1,2,0.70000005,0.5,1.4500000000000028
2022-02-25,21.05,19.05,20.397913,5.899999,93.37279,82.19266,14.764389,1020.49994,100.0,1,2,6.1000004,0.70000005,2.0
2022-02-26,22.15,20.95,21.508331,6.0999994,91.1476,79.817604,19.9954,1019.24585,100.0,1,2,5.899999,6.1000004,1.1999999999999993
2022-02-27,23.6,17.85,21.300001,2.3999999,97.206055,74.4903,16.42247,1017.17084,79.833336,0,2,6.0999994,5.899999,5.75
2022-02-28,24.45,20.0,22.254164,0.1,96.34532,75.56253,16.93531,1015.2876,76.333336,0,2,2.3999999,6.0999994,4.449999999999999
2022-03-01,25.05,21.4,23.285416,0.1,95.497215,82.14643,17.114204,1015.3376,51.208332,0,3,0.1,2.3999999,3.650000000000002
2022-03-02,24.65,20.45,23.012499,0.1,99.07929,82.14643,14.386494,1015.38324,44.083332,0,3,0.1,0.1,4.199999999999999
2022-03-03,24.4,19.75,22.495834,0.1,100.0,79.84162,13.797912,1013.946,40.833332,0,3,0.1,0.1,4.649999999999999
2022-03-04,25.9,21.05,23.862501,0.2,99.38748,77.43413,19.469976,1011.85834,70.0,0,3,0.1,0.1,4.849999999999998
2022-03-05,25.6,22.6,24.125,0.4,98.193306,83.26721,17.654688,1011.41675,62.208332,0,3,0.2,0.1,3.0
2022-03-06,26.55,23.0,24.772917,0.2,98.49694,84.13225,21.407139,1011.76666,76.666664,1,3,0.4,0.2,3.5500000000000007
2022-03-07,25.7,21.9,23.964584,2.7999997,94.14864,83.927635,20.291357,1014.87085,63.791668,0,3,0.2,0.4,3.8000000000000007
2022-03-08,24.65,20.05,22.63125,0.1,92.82424,58.94481,18.359999,1014.51245,50.166668,0,3,2.7999997,0.2,4.599999999999998
2022-03-09,24.3,20.3,22.387499,0.0,96.65289,62.374863,13.004921,1013.4375,70.875,0,3,0.1,2.7999997,4.0
2022-03-10,25.9,20.35,22.98333,0.6,100.0,55.98725,11.435313,1012.58746,81.416664,0,3,0.0,0.1,5.549999999999997
2022-03-11,25.0,21.25,23.179167,0.90000004,99.08451,77.51593,14.458382,1011.5,67.333336,0,3,0.6,0.0,3.75
2022-03-12,25.45,19.45,22.9,0.4,100.0,77.78446,15.5843,1010.95844,68.541664,0,3,0.90000004,0.6,6.0
2022-03-13,25.65,21.3,23.758333,0.1,99.08415,79.072044,17.518356,1010.7,74.666664,0,3,0.4,0.90000004,4.349999999999998
2022-03-14,25.9,22.65,24.502083,0.4,94.667564,80.27465,17.373497,1010.17084,69.5,0,3,0.1,0.4,3.25
2022-03-15,26.35,23.05,24.566668,0.70000005,94.395195,81.08255,15.542662,1009.2126,59.125,0,3,0.4,0.1,3.3000000000000007
2022-03-16,26.05,22.65,24.458336,0.1,96.710915,80.083405,15.84,1008.88324,37.583332,0,3,0.70000005,0.4,3.400000000000002
2022-03-17,26.95,23.25,24.970835,0.0,100.0,81.668915,17.313717,1007.70416,54.333332,1,3,0.1,0.70000005,3.6999999999999993
2022-03-18,26.4,23.7,25.143747,7.399999,97.921455,84.09966,8.78872,1008.3208,97.083336,1,3,0.0,0.1,2.6999999999999993
2022-03-19,26.85,23.75,25.243752,1.5000001,99.400856,83.654724,16.394829,1007.8958,73.458336,0,3,7.399999,0.0,3.1000000000000014
2022-03-20,28.45,23.85,25.837503,0.0,100.0,78.27613,22.238562,1008.6416,90.916664,1,3,1.5000001,7.399999,4.599999999999998
2022-03-21,29.0,24.7,26.497917,5.3999996,98.51584,79.04474,22.473343,1009.97504,93.5,0,3,0.0,1.5000001,4.300000000000001
2022-03-22,29.2,24.4,26.593752,0.0,99.4029,80.67858,23.277834,1009.98755,86.166664,1,3,5.3999996,0.0,4.800000000000001
2022-03-23,28.65,23.6,26.279165,1.9000001,97.03133,81.60266,14.345898,1010.64996,79.125,0,3,0.0,5.3999996,5.049999999999997
2022-03-24,27.35,24.75,26.00625,0.5,97.05206,79.067924,15.978486,1009.93335,78.958336,0,3,1.9000001,0.0,2.6000000000000014
2022-03-25,30.05,24.35,27.254164,0.0,99.700806,77.332695,23.83624,1009.0999,25.708334,0,3,0.5,1.9000001,5.699999999999999
2022-03-26,30.3,25.3,28.018747,0.0,98.22922,79.894615,13.896187,1009.7751,18.541666,1,3,0.0,0.5,5.0
2022-03-27,30.2,24.2,27.481253,2.3,92.02314,75.99668,20.598795,1010.72504,66.25,0,3,0.0,0.0,6.0
2022-03-28,26.0,23.9,24.814583,0.8,86.01677,74.88453,30.633865,1013.6416,93.625,0,3,2.3,0.0,2.1000000000000014
2022-03-29,27.25,24.05,25.472918,0.90000004,92.74141,72.36561,24.216522,1012.29584,59.875,1,3,0.8,2.3,3.1999999999999993
2022-03-30,27.75,23.9,25.537493,3.9,93.85968,75.62288,22.553936,1011.67914,90.625,1,3,0.90000004,0.8,3.8500000000000014
2022-03-31,25.3,23.95,24.72917,65.7,93.29977,87.109245,31.869658,1011.79156,100.0,1,3,3.9,0.90000004,1.3500000000000014
2022-04-01,24.85,22.85,24.345833,170.80003,92.98969,88.39931,29.655787,1013.5168,100.0,1,4,65.7,3.9,2.0
2022-04-02,23.25,20.35,21.789581,44.3,90.53829,76.53332,42.45253,1018.3374,99.458336,1,4,170.80003,65.7,2.8999999999999986
2022-04-03,21.65,20.4,20.987497,15.000002,89.416534,83.26905,27.820337,1018.3,100.0,1,4,44.3,170.80003,1.25
2022-04-04,24.2,21.55,23.154167,6.0,86.32298,72.058334,24.95452,1018.52094,99.583336,1,4,15.000002,44.3,2.6499999999999986
2022-04-05,25.55,22.95,24.2125,2.8999999,90.99562,75.92328,25.744402,1016.8042,71.958336,1,4,6.0,15.000002,2.6000000000000014
2022-04-06,26.05,21.5,23.679167,1.2,95.20878,73.979,21.542923,1015.93335,80.166664,0,4,2.8999999,6.0,4.550000000000001
2022-04-07,25.9,19.4,23.239584,0.0,99.38069,70.36562,18.72346,1015.10834,82.208336,0,4,1.2,2.8999999,6.5
2022-04-08,26.15,19.5,23.235415,0.1,99.38022,64.534134,14.113653,1013.83344,41.125,0,4,0.0,1.2,6.649999999999999
2022-04-09,25.25,19.9,22.870832,0.0,99.077225,69.36513,12.783802,1011.7791,51.375,0,4,0.1,0.0,5.350000000000001
2022-04-10,26.5,21.8,24.164581,0.0,95.84121,72.705154,16.92383,1010.6165,32.75,0,4,0.0,0.1,4.699999999999999
2022-04-11,26.65,22.95,24.772917,0.0,97.01481,80.1631,17.698677,1009.3501,57.25,0,4,0.0,0.0,3.6999999999999993
2022-04-12,27.5,23.15,25.302086,0.0,100.0,79.32735,20.969805,1006.8999,68.75,0,4,0.0,0.0,4.350000000000001
2022-04-13,27.9,24.05,25.941668,0.0,99.104836,84.47106,14.618837,1006.5334,76.208336,0,4,0.0,0.0,3.849999999999998
2022-04-14,28.4,23.75,26.079168,0.3,98.22726,81.35943,15.94601,1007.5708,67.375,0,4,0.0,0.0,4.649999999999999
2022-04-15,28.4,25.05,26.489584,0.8000001,97.64073,84.08088,19.48661,1008.3001,82.208336,0,4,0.3,0.0,3.349999999999998
2022-04-16,28.05,25.05,26.349998,0.70000005,93.926125,80.84301,25.44566,1009.1834,65.416664,1,4,0.8000001,0.3,3.0
2022-04-17,28.1,23.45,25.868752,3.2000003,97.91217,75.89097,19.05281,1011.47485,88.875,1,4,0.70000005,0.8000001,4.650000000000002
2022-04-18,27.05,23.35,25.210413,2.7,93.035255,79.48515,19.803272,1013.67505,75.625,1,4,3.2000003,0.70000005,3.6999999999999993
2022-04-19,26.05,23.5,24.604166,2.0,87.77066,79.610886,21.288757,1014.07916,51.125,1,4,2.7,3.2000003,2.5500000000000007
2022-04-20,25.8,23.2,24.512499,7.699999,95.84734,80.04341,25.812277,1012.45844,76.541664,0,4,2.0,2.7,2.6000000000000014
2022-04-21,27.65,23.85,25.564585,0.2,97.9145,79.10941,15.716793,1010.82495,53.375,0,4,7.699999,2.0,3.799999999999997
2022-04-22,29.0,24.8,26.689585,0.0,97.05532,73.98681,20.393293,1009.68744,80.333336,0,4,0.2,7.699999,4.199999999999999
2022-04-23,28.9,25.25,26.862497,0.0,99.11082,81.173386,17.81909,1008.38324,52.083332,1,4,0.0,0.2,3.6499999999999986
2022-04-24,30.05,25.4,27.506254,1.7,98.81729,79.821625,21.629978,1006.66254,48.333332,0,4,0.0,0.0,4.650000000000002
2022-04-25,30.35,25.65,27.691668,0.0,99.40819,78.05988,22.702845,1006.3584,55.625,0,4,1.7,0.0,4.700000000000003
2022-04-26,30.95,26.0,28.087502,0.0,99.410614,78.34065,22.380884,1005.8084,78.0,0,4,0.0,1.7,4.949999999999999
2022-04-27,30.4,25.9,28.022917,0.0,98.240906,79.71204,21.479666,1006.97504,40.25,0,4,0.0,0.0,4.5
2022-04-28,30.4,25.65,27.856249,0.0,95.63878,70.7255,26.89419,1008.0916,71.208336,1,4,0.0,0.0,4.75
2022-04-29,29.55,25.25,27.477083,2.5,91.68969,74.970604,18.171976,1008.95435,82.125,1,4,0.0,0.0,4.300000000000001
2022-04-30,28.2,25.65,26.820837,3.0999992,89.01044,80.379845,19.862083,1007.73334,99.708336,1,4,2.5,0.0,2.5500000000000007
2022-05-01,28.15,23.4,25.768751,24.100002,88.762886,78.98126,28.257132,1008.05835,100.0,1,5,3.0999992,2.5,4.75
2022-05-02,24.85,22.9,23.554167,5.1999993,86.6279,80.3488,35.43578,1012.12915,99.958336,1,5,24.100002,3.0999992,1.9500000000000028
2022-05-03,24.65,22.7,23.545832,2.8999999,86.6373,78.3685,26.459389,1013.48334,99.083336,0,5,5.1999993,24.100002,1.9499999999999993
2022-05-04,25.95,23.25,24.6875,0.0,87.796486,71.214714,23.795427,1012.07916,94.541664,0,5,2.8999999,5.1999993,2.6999999999999993
2022-05-05,26.85,24.1,25.481249,0.1,94.440025,71.65127,16.981165,1010.27905,74.041664,0,5,0.0,2.8999999,2.75
2022-05-06,27.25,24.55,25.939583,0.2,100.0,82.18086,14.799459,1009.6917,83.583336,1,5,0.1,0.0,2.6999999999999993
2022-05-07,28.1,24.6,26.358335,1.9000001,98.22266,80.307976,14.764389,1010.00415,89.583336,1,5,0.2,0.1,3.5
2022-05-08,28.15,24.9,26.343752,1.4000001,96.7651,79.893425,14.20062,1010.15845,85.958336,1,5,1.9000001,0.2,3.25
2022-05-09,28.55,25.3,27.047915,1.9000002,95.910866,82.593605,16.645864,1009.34174,71.5,1,5,1.4000001,1.9000001,3.25
2022-05-10,30.3,25.15,27.233332,1.9000001,96.77103,77.58441,16.981165,1007.5708,66.041664,0,5,1.9000002,1.4000001,5.150000000000002
2022-05-11,30.15,25.9,28.03125,0.2,95.94059,79.369255,14.654254,1006.5749,34.333332,0,5,1.9000001,1.9000002,4.25
2022-05-12,31.45,26.25,28.479166,0.2,100.0,78.83185,14.578888,1005.3625,86.0,0,5,0.2,1.9000001,5.199999999999999
2022-05-13,33.55,26.0,28.764582,0.0,100.0,58.306965,16.418526,1005.1208,80.625,1,5,0.2,0.2,7.549999999999997
2022-05-14,31.3,26.3,28.170835,7.7000003,96.22705,76.517494,14.904173,1007.48737,92.291664,1,5,0.0,0.2,5.0
2022-05-15,31.1,25.95,28.19792,11.200001,94.79811,78.389885,13.849477,1007.79584,89.833336,1,5,7.7000003,0.0,5.150000000000002
2022-05-16,27.9,24.45,25.85,1.7,87.24759,76.33496,32.714474,1010.2751,99.041664,1,5,11.200001,7.7000003,3.4499999999999993
2022-05-17,26.6,24.65,25.35,3.6,88.11924,80.90093,17.313717,1011.3584,96.375,1,5,1.7,11.200001,1.9500000000000028
2022-05-18,27.2,24.65,25.860418,3.2999995,93.615135,80.97753,18.532133,1011.2542,87.125,1,5,3.6,1.7,2.5500000000000007
2022-05-19,28.4,24.95,26.831251,3.4000003,94.75636,76.87224,13.479583,1009.7583,85.208336,1,5,3.2999995,3.6,3.4499999999999993
2022-05-20,28.6,24.75,26.658333,11.1,95.60842,79.2262,14.021525,1007.65845,89.75,1,5,3.4000003,3.2999995,3.8500000000000014
2022-05-21,28.6,25.25,26.90417,1.4000001,93.649666,77.82996,11.966954,1004.6541,93.5,0,5,11.1,3.4000003,3.3500000000000014
2022-05-22,29.95,25.2,27.6625,0.4,98.52297,78.255875,16.676977,1001.8625,97.791664,1,5,1.4000001,11.1,4.75
2022-05-23,30.8,26.1,28.285421,2.9,99.70467,76.54012,15.782622,1003.7375,98.958336,1,5,0.4,1.4000001,4.699999999999999
2022-05-24,29.9,25.55,27.981253,1.3000001,99.113754,74.389755,9.387651,1006.8667,93.166664,1,5,2.9,0.4,4.349999999999998
2022-05-25,30.55,25.7,27.910418,2.2999997,97.37445,74.249825,13.513193,1005.84155,97.708336,1,5,1.3000001,2.9,4.850000000000001
2022-05-26,32.3,26.0,29.212502,2.6999998,98.25125,64.28962,11.090103,1003.1374,99.166664,1,5,2.2999997,1.3000001,6.299999999999997
2022-05-27,33.4,25.85,28.402082,8.8,96.80396,55.063908,12.72283,1002.1833,96.208336,1,5,2.6999998,2.2999997,7.549999999999997
2022-05-28,31.35,25.4,28.33333,3.9999995,96.20215,67.65599,17.414474,1002.8709,49.666668,0,5,8.8,2.6999998,5.950000000000003
2022-05-29,32.0,25.55,28.57708,0.70000005,96.78752,61.964928,15.876775,1003.7541,15.25,0,5,3.9999995,8.8,6.449999999999999
2022-05-30,31.8,26.5,29.060415,0.3,96.51659,65.700874,11.879999,1004.08746,61.583332,1,5,0.70000005,3.9999995,5.300000000000001
2022-05-31,31.9,26.65,29.027084,5.1,97.95716,67.91668,10.464797,1005.0666,80.166664,1,5,0.3,0.70000005,5.25
2022-06-01,31.65,26.1,28.552084,7.7999997,97.95716,71.435875,15.84409,1005.2292,73.916664,0,6,5.1,0.3,5.549999999999997
2022-06-02,32.3,26.7,29.314589,0.8,92.34747,68.427895,13.363711,1005.1291,94.375,1,6,7.7999997,5.1,5.599999999999998
2022-06-03,33.9,26.45,29.581251,4.0,93.99362,53.309013,21.647945,1005.13336,93.416664,0,6,0.8,7.7999997,7.449999999999999
2022-06-04,36.05,27.0,30.477081,0.8000001,88.707664,42.728592,22.183128,1005.18335,74.125,0,6,4.0,0.8,9.049999999999997
2022-06-05,35.25,27.05,30.466667,0.2,96.83061,50.582226,15.111424,1004.00836,96.541664,0,6,0.8000001,4.0,8.2
2022-06-06,34.25,26.75,30.012503,0.2,92.336555,50.17548,18.075441,1004.05,99.583336,1,6,0.2,0.8000001,7.5
2022-06-07,34.25,26.3,29.487503,1.2,94.53203,49.845657,18.0,1005.0042,99.958336,0,6,0.2,0.2,7.949999999999999
2022-06-08,32.4,26.35,29.27917,0.5,98.25251,61.072483,17.533146,1005.25415,99.916664,0,6,1.2,0.2,6.049999999999997
2022-06-09,33.3,27.65,30.09375,0.0,98.55098,54.21271,19.191748,1004.96655,100.0,0,6,0.5,1.2,5.649999999999999
2022-06-10,34.2,27.25,30.289581,0.0,94.60832,52.81543,18.581022,1004.8333,100.0,1,6,0.0,0.5,6.950000000000003
2022-06-11,36.15,26.35,30.243752,3.5,96.51279,44.758087,20.883102,1006.1458,100.0,0,6,0.0,0.0,9.799999999999997
2022-06-12,33.25,26.85,30.04583,0.0,92.33108,60.565277,17.25373,1006.32086,96.666664,0,6,3.5,0.0,6.399999999999999
2022-06-13,33.9,27.3,30.760414,0.0,95.133934,51.1647,17.595861,1005.75,99.958336,0,6,0.0,3.5,6.599999999999998
2022-06-14,34.9,27.75,31.008337,0.0,91.85086,47.15231,16.704155,1006.7292,100.0,0,6,0.0,0.0,7.149999999999999
2022-06-15,32.3,26.5,29.027084,0.1,93.69983,64.25825,18.64369,1008.625,98.958336,0,6,0.0,0.0,5.799999999999997
2022-06-16,33.15,26.75,30.066668,0.0,91.249176,58.895905,20.746122,1007.6624,86.916664,0,6,0.1,0.0,6.399999999999999
2022-06-17,35.2,27.45,30.933332,0.1,89.9837,44.917107,22.427162,1006.3708,55.083332,0,6,0.0,0.1,7.7500000000000036
2022-06-18,37.05,28.35,32.0125,0.0,83.67655,41.645542,22.915916,1005.2917,93.083336,0,6,0.1,0.0,8.699999999999996
2022-06-19,36.85,28.0,31.731249,0.0,82.857216,40.272545,28.001427,1004.05,73.333336,0,6,0.0,0.1,8.850000000000001
2022-06-20,36.45,27.75,31.25208,0.6,87.633995,41.15093,27.103003,1002.73334,92.541664,0,6,0.0,0.0,8.700000000000003
2022-06-21,36.75,27.85,31.610415,0.1,86.05724,36.11831,20.188908,1004.2126,83.208336,1,6,0.6,0.0,8.899999999999999
2022-06-22,35.45,27.2,30.366667,1.1,87.83455,41.91735,21.479664,1007.5667,97.166664,0,6,0.1,0.6,8.250000000000004
2022-06-23,32.1,27.0,29.277084,0.1,89.10267,60.866566,26.729847,1007.9583,71.958336,0,6,1.1,0.1,5.100000000000001
2022-06-24,31.45,26.2,28.497917,0.6,88.24366,65.66007,22.104116,1006.7334,90.291664,0,6,0.1,1.1,5.25
2022-06-25,31.4,26.7,28.997917,0.0,89.346115,61.646675,18.668005,1006.4875,73.416664,0,6,0.6,0.1,4.699999999999999
2022-06-26,32.95,26.3,29.497915,0.0,89.056725,57.112064,17.76081,1007.80835,42.625,0,6,0.0,0.6,6.650000000000002
2022-06-27,33.15,27.45,30.316664,0.0,90.225586,53.98723,16.563911,1006.1165,39.125,0,6,0.0,0.0,5.699999999999999
2022-06-28,34.5,27.5,30.737497,0.2,94.57327,50.852203,18.331741,1002.94995,96.375,0,6,0.0,0.0,7.0
2022-06-29,34.1,28.25,31.200003,0.1,86.34159,52.900803,16.831684,1000.85004,93.916664,1,6,0.2,0.0,5.850000000000001
2022-06-30,31.9,28.05,29.581251,4.0,88.14142,63.049236,14.707222,1000.6167,100.0,1,6,0.1,0.2,3.849999999999998
2022-07-01,28.95,26.95,27.939585,6.7,94.017334,77.55325,11.885453,1000.00836,100.0,1,7,4.0,0.1,2.0
2022-07-02,31.15,25.7,28.566664,14.599998,87.408424,66.213066,14.039999,1000.229,100.0,0,7,6.7,4.0,5.449999999999999
2022-07-03,35.45,28.2,30.918749,0.0,92.196884,48.97975,19.914215,1001.4207,99.875,0,7,14.599998,6.7,7.2500000000000036
2022-07-04,35.25,27.85,30.839582,0.0,85.19166,49.824493,16.454008,1002.02094,97.208336,1,7,0.0,14.599998,7.399999999999999
2022-07-05,36.1,26.75,30.404161,6.7999997,96.23803,46.125374,18.0,1003.77496,99.041664,1,7,0.0,0.0,9.350000000000001
2022-07-06,33.05,26.35,29.218748,2.1,95.94203,58.050873,14.799459,1004.72925,100.0,1,7,6.7999997,0.0,6.699999999999996
2022-07-07,32.95,26.45,28.533333,23.1,94.25163,61.8018,17.283749,1005.1916,99.875,1,7,2.1,6.7999997,6.5000000000000036
2022-07-08,30.65,26.05,28.266665,3.5,94.24126,76.07353,14.77755,1004.8958,99.791664,1,7,23.1,2.1,4.599999999999998
2022-07-09,29.15,25.2,27.018747,16.600002,93.12002,76.849655,17.873554,1004.30426,99.583336,1,7,3.5,23.1,3.9499999999999993
2022-07-10,27.7,25.45,26.624998,10.200001,92.816864,80.54959,21.794127,1003.69165,99.958336,1,7,16.600002,3.5,2.25
2022-07-11,29.4,25.05,27.037497,4.7999997,95.619644,78.410774,15.379206,1003.8626,62.958332,1,7,10.200001,16.600002,4.349999999999998
2022-07-12,29.5,25.05,27.212503,6.499999,94.19312,78.17061,17.673029,1003.5291,78.125,1,7,4.7999997,10.200001,4.449999999999999
2022-07-13,29.95,25.25,27.46667,10.200002,94.20153,75.066345,12.9249525,1002.66656,84.666664,1,7,6.499999,4.7999997,4.699999999999999
2022-07-14,29.8,25.5,27.710413,4.6,95.34557,75.85744,13.684735,1003.79584,49.416668,0,7,10.200002,6.499999,4.300000000000001
2022-07-15,30.2,25.8,28.135416,0.3,95.92577,75.99668,13.104198,1004.98334,41.083332,0,7,4.6,10.200002,4.399999999999999
2022-07-16,31.2,26.2,28.506254,0.0,93.68167,73.50475,14.689588,1005.7541,93.75,1,7,0.3,4.6,5.0
2022-07-17,31.95,26.45,29.016668,2.2,93.72468,67.9457,13.527572,1005.1209,75.541664,0,7,0.0,0.3,5.5
2022-07-18,32.6,27.1,29.891665,0.0,89.76515,60.385986,15.281989,1003.79584,80.791664,1,7,2.2,0.0,5.5
2022-07-19,32.05,26.35,28.85,1.6,94.24749,68.60266,16.489416,1004.38745,97.458336,1,7,0.0,2.2,5.699999999999996
2022-07-20,29.8,25.9,27.70417,5.7000003,92.83231,76.39631,17.174677,1005.9624,73.375,1,7,1.6,0.0,3.900000000000002
2022-07-21,30.8,25.2,28.06875,2.6000001,95.05029,68.5688,22.26477,1009.00006,85.5,0,7,5.7000003,1.6,5.600000000000001
2022-07-22,31.15,25.35,28.35833,0.6,97.64594,68.430824,19.137648,1009.90845,82.458336,0,7,2.6000001,5.7000003,5.799999999999997
2022-07-23,30.9,25.3,28.491669,0.3,95.62443,64.39316,16.299694,1008.8543,23.375,0,7,0.6,2.6000001,5.599999999999998
2022-07-24,31.7,25.7,28.839584,0.7,99.40842,57.688175,16.954432,1007.7751,5.9583335,0,7,0.3,0.6,6.0
2022-07-25,32.0,25.55,29.11458,0.0,97.06935,58.14565,18.374111,1008.0625,57.041668,0,7,0.7,0.3,6.449999999999999
2022-07-26,31.85,26.45,29.266665,0.0,92.0345,55.359013,19.110542,1007.43335,36.541668,0,7,0.0,0.7,5.400000000000002
2022-07-27,31.95,26.15,29.170832,0.1,90.92385,61.396923,17.566378,1007.0208,66.291664,0,7,0.0,0.0,5.800000000000001
2022-07-28,32.75,26.75,29.622911,0.0,90.15299,54.19343,16.42247,1006.44165,25.75,0,7,0.1,0.0,6.0
2022-07-29,32.25,27.0,29.958334,0.0,91.249176,59.786026,16.418526,1005.27094,57.291668,0,7,0.0,0.1,5.25
2022-07-30,33.3,27.2,30.379166,0.0,89.6497,53.88499,16.1198,1003.96246,38.541668,0,7,0.0,0.0,6.099999999999998
2022-07-31,33.6,26.7,29.518751,0.90000004,86.45839,55.44592,18.057508,1004.3125,37.166668,1,7,0.0,0.0,6.900000000000002
2022-08-01,33.05,27.1,29.7125,1.1,89.379776,52.84995,16.1198,1005.1416,63.791668,0,8,0.90000004,0.0,5.949999999999996
2022-08-02,32.8,26.5,29.202085,0.70000005,92.31187,57.712635,16.575644,1006.5459,57.25,1,8,1.1,0.90000004,6.299999999999997
2022-08-03,32.2,26.5,29.212502,1.1,93.14717,63.324455,15.408671,1006.41254,91.666664,1,8,0.70000005,1.1,5.700000000000003
2022-08-04,32.9,26.3,29.199999,2.8000002,89.85246,55.661217,18.581022,1004.9124,75.625,1,8,1.1,0.70000005,6.599999999999998
2022-08-05,33.65,26.2,28.78125,3.1,92.58186,50.175076,19.35314,1004.74585,97.833336,0,8,2.8000002,1.1,7.449999999999999
2022-08-06,32.25,25.9,28.847918,0.3,93.66799,56.233883,14.386494,1004.33746,100.0,1,8,3.1,2.8000002,6.350000000000001
2022-08-07,30.8,25.6,27.925001,10.700001,92.56054,65.94359,20.570463,1003.97076,100.0,1,8,0.3,3.1,5.199999999999999
2022-08-08,27.5,24.65,25.94375,38.800003,96.48848,81.994484,17.826363,1002.675,100.0,1,8,10.700001,0.3,2.8500000000000014
2022-08-09,28.5,25.35,26.610418,8.7,93.36244,76.65671,11.525623,1001.69165,100.0,1,8,38.800003,10.700001,3.1499999999999986
2022-08-10,31.55,25.75,27.535418,6.4000006,95.07002,68.0615,14.799459,1001.9458,100.0,0,8,8.7,38.800003,5.800000000000001
2022-08-11,31.65,25.8,28.341667,0.2,94.50627,63.7689,16.418526,1004.32086,99.083336,1,8,6.4000006,8.7,5.849999999999998
2022-08-12,30.6,26.15,28.316666,2.3000002,96.51659,73.75126,19.694992,1006.8042,99.875,0,8,0.2,6.4000006,4.450000000000003
2022-08-13,31.6,25.85,28.414581,0.4,96.214645,65.31851,14.264361,1007.1875,64.875,0,8,2.3000002,0.2,5.75
2022-08-14,31.15,26.1,28.570831,0.0,93.41247,68.72685,10.365251,1006.7458,55.833332,1,8,0.4,2.3000002,5.049999999999997
2022-08-15,32.0,25.4,28.322916,1.4000001,91.69865,64.38809,15.111424,1005.39166,68.041664,1,8,0.0,0.4,6.600000000000001
2022-08-16,31.05,25.8,28.185417,3.3,94.51419,66.132225,14.8257065,1005.3499,96.291664,0,8,1.4000001,0.0,5.25
2022-08-17,31.45,25.9,28.743752,1.0,93.4006,65.42233,20.774214,1005.4583,70.458336,1,8,3.3,1.4000001,5.550000000000001
2022-08-18,31.75,25.9,28.510416,1.9,95.0754,64.89697,17.076298,1005.02924,59.541668,1,8,1.0,3.3,5.850000000000001
2022-08-19,31.9,26.25,28.395834,6.0,92.579155,63.641243,12.4811535,1003.575,100.0,1,8,1.9,1.0,5.649999999999999
2022-08-20,28.35,25.85,26.922915,7.6,92.84259,78.84368,14.578888,1003.4209,100.0,0,8,6.0,1.9,2.5
2022-08-21,32.15,25.5,28.912498,0.0,97.648544,63.124306,21.407139,1004.5999,47.083332,1,8,7.6,6.0,6.649999999999999
2022-08-22,32.2,25.75,28.910416,1.3,90.89802,62.569622,17.651016,1006.2,58.875,0,8,0.0,7.6,6.450000000000003
2022-08-23,31.6,25.3,28.40625,0.0,93.080345,66.88116,18.947083,1005.8416,95.75,1,8,1.3,0.0,6.300000000000001
2022-08-24,32.25,26.6,28.891665,1.3,89.07205,65.989044,15.745627,1003.08746,95.833336,1,8,0.0,1.3,5.649999999999999
2022-08-25,33.3,26.45,28.85,2.3,90.13909,55.373554,14.799459,1003.2209,100.0,0,8,1.3,0.0,6.849999999999998
2022-08-26,32.9,26.2,29.231249,0.0,97.670876,57.123898,18.057508,1007.5708,86.458336,0,8,2.3,1.3,6.699999999999999
2022-08-27,31.75,26.3,29.26458,1.0,96.51154,63.41859,15.575981,1008.2751,92.541664,0,8,0.0,2.3,5.449999999999999
2022-08-28,31.6,26.25,29.15625,0.70000005,93.13731,60.388176,16.62249,1008.22925,30.5,1,8,1.0,0.0,5.350000000000001
2022-08-29,31.6,27.05,29.070831,2.1,89.638794,60.765953,19.852295,1009.6001,82.416664,0,8,0.70000005,1.0,4.550000000000001
2022-08-30,30.95,25.35,28.522917,0.1,95.91232,70.42115,15.379206,1008.2334,88.416664,0,8,2.1,0.70000005,5.599999999999998
2022-08-31,31.9,26.05,29.1875,0.3,91.73711,61.571102,17.935081,1006.89594,53.458332,0,8,0.1,2.1,5.849999999999998
2022-09-01,32.25,26.1,29.227081,0.5,95.36582,59.090767,15.7908325,1007.82086,48.166668,1,9,0.3,0.1,6.149999999999999
2022-09-02,32.45,27.0,29.204168,1.6,87.26088,59.246635,22.530937,1007.1541,75.333336,1,9,0.5,0.3,5.450000000000003
2022-09-03,32.75,25.95,29.120834,2.1000001,90.70181,61.573364,22.68,1005.8374,98.125,0,9,1.6,0.5,6.800000000000001
2022-09-04,33.15,26.45,29.518753,0.2,94.25371,57.034245,22.782625,1006.2957,66.5,0,9,2.1000001,1.6,6.699999999999999
2022-09-05,33.2,25.6,29.15833,0.5,90.61569,54.966885,27.475807,1007.0791,61.166668,1,9,0.2,2.1000001,7.600000000000001
2022-09-06,31.95,24.5,28.137505,10.9,94.47029,61.396923,21.599998,1008.05414,78.666664,1,9,0.5,0.2,7.449999999999999
2022-09-07,27.05,24.8,26.045832,13.800001,94.75066,83.682495,14.77755,1009.27924,99.875,1,9,10.9,0.5,2.25
2022-09-08,29.8,25.9,27.666666,15.400001,91.463135,71.74934,22.930048,1010.16254,99.958336,1,9,13.800001,10.9,3.900000000000002
2022-09-09,29.35,25.1,27.397913,4.7,93.941444,78.87167,16.267857,1010.90845,80.875,1,9,15.400001,13.800001,4.25
2022-09-10,29.55,24.65,27.060417,3.6000001,96.19242,77.96689,17.786331,1010.7126,69.625,1,9,4.7,15.400001,4.900000000000002
2022-09-11,30.05,24.15,27.435417,5.4,95.58748,68.396034,17.49615,1009.37915,46.583332,1,9,3.6000001,4.7,5.900000000000002
2022-09-12,29.5,25.15,27.668753,2.4,100.0,74.02815,13.755579,1008.79175,31.791666,0,9,5.4,3.6000001,4.350000000000001
2022-09-13,30.3,25.5,28.072916,0.3,94.77733,70.34805,13.905509,1009.146,40.666668,1,9,2.4,5.4,4.800000000000001
2022-09-14,31.2,25.4,27.970835,4.0999994,94.512215,69.17801,11.592894,1008.67505,73.166664,1,9,0.3,2.4,5.800000000000001
2022-09-15,31.35,25.3,28.041664,1.1,95.35067,66.45218,17.148247,1006.52075,64.416664,1,9,4.0999994,0.3,6.050000000000001
2022-09-16,31.05,24.8,27.931252,3.0,94.466255,66.39194,19.829433,1005.7,22.208334,1,9,1.1,4.0999994,6.25
2022-09-17,32.4,25.1,28.254166,1.8000001,96.492355,61.681194,13.004921,1006.4416,22.25,1,9,3.0,1.1,7.299999999999997
2022-09-18,30.85,24.9,27.754168,4.1,95.61166,66.220474,14.84318,1007.24585,86.416664,1,9,1.8000001,3.0,5.950000000000003
2022-09-19,31.15,24.5,27.883333,2.5,94.45413,63.29034,22.608458,1006.75824,96.583336,1,9,4.1,1.8000001,6.649999999999999
2022-09-20,31.55,25.0,28.004166,1.8000001,92.51503,61.86626,17.22742,1006.67084,98.958336,1,9,2.5,4.1,6.550000000000001
2022-09-21,27.5,24.9,26.24792,16.400002,94.1868,81.71199,10.739832,1007.43756,96.708336,1,9,1.8000001,2.5,2.6000000000000014
2022-09-22,28.05,25.2,26.495834,13.799999,94.19943,78.92721,13.493999,1007.92914,100.0,1,9,16.400002,1.8000001,2.8500000000000014
2022-09-23,28.05,24.45,26.579168,18.4,95.88533,76.75918,10.990322,1007.97504,99.416664,1,9,13.799999,16.400002,3.6000000000000014
2022-09-24,27.65,24.85,26.13125,12.400001,93.06532,80.03384,9.726665,1007.96246,99.541664,1,9,18.4,13.799999,2.799999999999997
2022-09-25,28.15,24.0,26.268753,15.700001,95.58263,79.17135,16.766108,1008.9499,90.666664,1,9,12.400001,18.4,4.149999999999999
2022-09-26,27.65,25.3,26.27917,5.1999993,95.91832,77.61863,19.296133,1007.0124,99.833336,1,9,15.700001,12.400001,2.349999999999998
2022-09-27,26.95,25.25,26.075003,130.3,89.25189,84.85897,56.966515,996.45825,100.0,1,9,5.1999993,15.700001,1.6999999999999993
2022-09-28,30.2,25.35,27.329168,6.6,87.140686,70.540924,46.085625,997.88336,97.041664,1,9,130.3,5.1999993,4.849999999999998
2022-09-29,28.8,24.35,26.483332,36.999996,94.75636,71.77104,13.104198,1004.7375,97.166664,1,9,6.6,130.3,4.449999999999999
2022-09-30,30.8,24.7,27.133337,8.400001,95.31833,72.570076,13.854155,1007.51666,96.791664,1,9,36.999996,6.6,6.100000000000001
2022-10-01,29.65,25.35,27.099998,6.1000004,94.78678,77.98123,17.399586,1009.07086,100.0,1,10,8.400001,36.999996,4.299999999999997
2022-10-02,29.5,23.95,26.777082,3.0,94.71801,74.547295,20.192118,1009.91254,82.708336,1,10,6.1000004,8.400001,5.550000000000001
2022-10-03,28.45,23.9,26.333334,5.1,97.033516,77.342766,12.682018,1011.15826,57.625,1,10,3.0,6.1000004,4.550000000000001
2022-10-04,27.85,24.35,26.139582,8.7,97.33551,72.93822,15.745627,1012.2375,87.833336,1,10,5.1,3.0,3.5
2022-10-05,28.25,24.5,25.781248,19.5,92.22882,81.110535,16.923828,1012.30005,99.083336,1,10,8.7,5.1,3.75
2022-10-06,28.3,24.3,26.449999,5.899999,96.17562,78.43327,18.448023,1012.0417,58.291668,1,10,19.5,8.7,4.0
2022-10-07,28.5,24.6,26.877083,3.8000002,93.89077,75.497284,20.345573,1011.71246,77.833336,1,10,5.899999,19.5,3.8999999999999986
2022-10-08,27.7,23.75,25.741667,13.900001,94.71031,79.35466,18.374111,1012.40424,99.375,1,10,3.8000002,5.899999,3.9499999999999993
2022-10-09,27.1,24.3,25.504168,48.799995,93.343216,83.61012,23.617756,1013.95825,100.0,1,10,13.900001,3.8000002,2.8000000000000007
2022-10-10,26.05,24.1,25.30208,43.6,90.79027,76.71921,29.337238,1014.79156,100.0,1,10,48.799995,13.900001,1.9499999999999993
2022-10-11,27.8,23.6,25.606247,1.5000001,89.67466,67.36543,27.153164,1013.72925,66.375,1,10,43.6,48.799995,4.199999999999999
2022-10-12,26.75,23.6,24.941668,5.499999,89.65628,74.01241,23.219301,1012.89575,77.291664,1,10,1.5000001,43.6,3.1499999999999986
2022-10-13,26.85,23.5,25.518751,12.400001,90.198296,63.212425,34.32105,1010.20416,100.0,1,10,5.499999,1.5000001,3.3500000000000014
2022-10-14,26.55,23.55,24.912498,188.59999,92.50694,80.94835,59.1847,1004.35425,100.0,1,10,12.400001,5.499999,3.0
2022-10-15,28.15,24.8,26.164583,17.900002,93.899666,76.35028,21.734581,1007.8457,99.833336,1,10,188.59999,12.400001,3.349999999999998
2022-10-16,27.9,22.55,25.614586,4.5,85.07931,69.231766,22.930048,1011.5417,100.0,0,10,17.900002,188.59999,5.349999999999998
2022-10-17,28.75,23.7,26.129164,0.0,77.936325,60.23842,32.385994,1010.9209,100.0,0,10,4.5,17.900002,5.050000000000001
2022-10-18,28.45,24.0,26.125002,0.5,79.32955,54.829914,35.69813,1010.5625,100.0,1,10,0.0,4.5,4.449999999999999
2022-10-19,26.05,22.2,23.725004,1.3000002,86.28928,72.18096,41.36712,1010.24585,95.666664,0,10,0.5,0.0,3.8500000000000014
2022-10-20,27.45,22.2,24.483335,0.0,87.91615,68.12804,21.068459,1012.7791,80.875,1,10,1.3000002,0.5,5.25
2022-10-21,28.75,23.3,25.874998,1.7,91.38045,66.938934,24.717085,1013.24164,79.125,1,10,0.0,1.3000002,5.449999999999999
2022-10-22,25.95,24.25,25.004164,24.699999,94.73343,83.76869,15.629971,1013.82495,99.0,0,10,1.7,0.0,1.6999999999999993
2022-10-23,27.35,23.1,25.566666,0.9000001,95.84429,76.931305,21.485697,1013.2168,77.25,1,10,24.699999,1.7,4.25
2022-10-24,29.35,24.45,26.527084,5.1,92.47992,61.946163,23.863409,1011.92487,78.375,1,10,0.9000001,24.699999,4.900000000000002
2022-10-25,25.7,24.4,25.189585,66.0,92.520386,87.37759,20.545246,1012.9458,100.0,1,10,5.1,0.9000001,1.3000000000000007
2022-10-26,28.25,24.85,26.612505,2.2,88.131775,73.64423,23.664352,1012.5291,93.25,1,10,66.0,5.1,3.3999999999999986
2022-10-27,27.4,24.65,25.900002,4.1,91.94855,73.28047,20.371038,1012.79175,86.583336,1,10,2.2,66.0,2.75
2022-10-28,27.7,24.3,25.877083,3.6999998,83.88554,67.76009,28.551426,1012.3791,100.0,1,10,4.1,2.2,3.3999999999999986
2022-10-29,26.55,23.8,25.18125,6.399999,88.861984,74.28936,28.079998,1011.77924,98.916664,0,10,3.6999998,4.1,2.75
2022-10-30,27.45,24.25,25.68125,0.8000001,82.603546,63.233505,26.282465,1010.7375,96.375,1,10,6.399999,3.6999998,3.1999999999999993
2022-10-31,27.3,23.1,25.035416,1.1000001,80.94629,66.23709,39.134167,1011.1418,96.333336,0,10,0.8000001,6.399999,4.199999999999999
2022-11-01,26.8,20.7,23.993752,0.0,88.15039,60.803703,31.877792,1011.4958,90.708336,0,11,1.1000001,0.8000001,6.100000000000001
2022-11-02,27.25,18.45,23.216667,0.0,98.44517,51.214516,23.03156,1011.2249,81.5,0,11,0.0,1.1000001,8.8
2022-11-03,25.95,19.55,23.20833,0.0,98.15151,61.139065,21.542923,1013.4499,22.833334,0,11,0.0,0.0,6.399999999999999
2022-11-04,26.75,21.2,24.020836,0.0,95.80734,69.231766,27.645092,1015.2166,28.416666,1,11,0.0,0.0,5.550000000000001
2022-11-05,26.3,22.3,24.222918,1.5000001,94.38493,75.39313,22.42427,1016.33344,33.333332,0,11,0.0,0.0,4.0
2022-11-06,26.1,21.8,24.145834,0.70000005,96.0987,74.21477,22.862125,1015.4417,24.666666,0,11,1.5000001,0.0,4.300000000000001
2022-11-07,26.2,22.05,24.310415,0.1,95.81973,73.76052,20.570463,1014.6917,21.708334,0,11,0.70000005,1.5000001,4.149999999999999
2022-11-08,27.65,23.55,25.316668,0.2,92.1699,66.30856,24.826952,1014.1792,66.708336,1,11,0.1,0.70000005,4.099999999999998
2022-11-09,26.65,23.75,25.125,2.2000003,96.44561,81.62567,21.26744,1014.27496,70.5,1,11,0.2,0.1,2.8999999999999986
2022-11-10,27.05,23.25,25.285416,2.2000003,93.830536,80.215935,15.580141,1013.87085,56.0,1,11,2.2000003,0.2,3.8000000000000007
2022-11-11,26.85,23.6,25.297918,4.5,96.450874,80.182915,12.594856,1013.6875,74.375,1,11,2.2000003,2.2000003,3.25
2022-11-12,26.95,24.5,25.570831,7.3999996,93.90185,76.622444,14.336861,1012.9126,96.958336,1,11,4.5,2.2000003,2.4499999999999993
2022-11-13,27.05,24.25,25.714584,7.5,92.75187,82.18086,14.408997,1013.13336,79.875,1,11,7.3999996,4.5,2.8000000000000007
2022-11-14,27.15,23.95,25.714584,5.7999997,94.146515,82.19888,13.551501,1013.175,83.958336,1,11,7.5,7.3999996,3.1999999999999993
2022-11-15,27.0,24.05,25.558334,1.7000002,93.88412,82.891174,13.089354,1012.29596,57.458332,1,11,5.7999997,7.5,2.9499999999999993
2022-11-16,27.55,23.95,25.6875,1.7,95.29773,80.95845,12.313894,1011.4123,40.958332,1,11,1.7000002,5.7999997,3.6000000000000014
2022-11-17,27.45,24.6,25.972921,1.7000002,93.326385,83.977776,10.787993,1011.3958,42.75,1,11,1.7,1.7000002,2.849999999999998
2022-11-18,27.65,23.55,25.904161,1.8000001,94.9903,79.10941,13.281023,1012.39166,99.416664,1,11,1.7000002,1.7,4.099999999999998
2022-11-19,26.55,24.3,25.15625,23.399998,94.46023,80.406265,19.33639,1010.9834,99.666664,1,11,1.8000001,1.7000002,2.25
2022-11-20,25.9,24.4,25.175001,28.5,91.39277,84.305504,19.513195,1009.4167,100.0,1,11,23.399998,1.8000001,1.5
2022-11-21,25.4,24.0,24.895836,30.500004,95.8868,88.15676,23.34455,1008.04584,98.208336,1,11,28.5,23.399998,1.3999999999999986
2022-11-22,26.95,24.8,25.754168,7.6999993,94.754524,82.156815,11.720751,1008.91675,80.125,1,11,30.500004,28.5,2.1499999999999986
2022-11-23,26.75,24.8,25.91667,3.3999996,93.899666,83.90118,14.007655,1010.31256,81.708336,1,11,7.6999993,30.500004,1.9499999999999993
2022-11-24,27.65,24.65,26.222918,2.8999999,96.76745,82.25876,18.193361,1011.9416,88.333336,1,11,3.3999996,7.6999993,3.0
2022-11-25,27.9,23.5,25.916666,1.6,96.14742,81.03472,15.496736,1012.49176,54.125,1,11,2.8999999,3.3999996,4.399999999999999
2022-11-26,26.75,24.5,25.643747,3.3999999,93.321556,83.33551,15.192682,1011.5666,90.916664,1,11,1.6,2.8999999,2.25
2022-11-27,27.8,24.15,26.100004,1.3000002,99.40154,79.84673,17.555307,1009.99164,48.583332,1,11,3.3999999,1.6,3.650000000000002
2022-11-28,28.7,24.65,26.700003,1.1,100.0,81.65177,16.746773,1010.59576,39.708332,0,11,1.3000002,3.3999999,4.050000000000001
2022-11-29,28.5,22.25,26.045832,0.0,100.0,81.1357,20.140705,1011.6042,28.083334,1,11,1.1,1.3000002,6.25
2022-11-30,28.4,23.25,25.700003,3.4999995,96.74233,76.18204,13.698934,1013.1834,53.583332,1,11,0.0,1.1,5.149999999999999
2022-12-01,26.1,23.35,24.643751,58.300007,94.41564,83.04939,40.53798,1013.8584,92.625,1,12,3.4999995,0.0,2.75
2022-12-02,25.05,23.9,24.354172,42.4,90.777084,85.224945,39.047966,1013.2417,99.833336,1,12,58.300007,3.4999995,1.1500000000000021
2022-12-03,25.35,23.65,24.41667,36.199997,94.99396,83.995865,29.62518,1013.0791,99.666664,1,12,42.4,58.300007,1.7000000000000028
2022-12-04,25.55,24.15,24.8375,26.2,91.37118,83.008965,27.776047,1014.2459,96.458336,1,12,36.199997,42.4,1.4000000000000021
2022-12-05,25.05,23.3,24.143747,16.9,89.66363,79.834816,34.94968,1015.2332,100.0,1,12,26.2,36.199997,1.75
2022-12-06,25.05,23.3,24.131248,5.7999997,84.84021,75.61834,25.567604,1014.82086,78.625,1,12,16.9,26.2,1.75
2022-12-07,24.6,23.7,24.164581,10.599999,89.40549,81.60096,23.1774,1014.33344,91.958336,1,12,5.7999997,16.9,0.9000000000000021
2022-12-08,25.25,23.5,24.387503,8.7,90.773796,81.95037,26.230639,1014.1416,96.833336,1,12,10.599999,5.7999997,1.75
2022-12-09,24.6,22.85,23.627083,12.7,91.83183,81.38837,19.770523,1013.32074,99.958336,1,12,8.7,10.599999,1.75
2022-12-10,24.05,21.65,22.752083,6.6999993,90.626785,79.0777,16.263872,1013.66235,85.375,1,12,12.7,8.7,2.400000000000002
2022-12-11,24.2,20.8,22.320831,12.0,90.56908,74.82194,18.79255,1014.64996,98.833336,1,12,6.6999993,12.7,3.3999999999999986
2022-12-12,23.45,19.9,21.691666,9.9,89.12539,70.588066,24.57511,1016.31683,80.166664,1,12,12.0,6.6999993,3.5500000000000007
2022-12-13,22.85,19.45,20.897919,9.2,86.87835,60.254726,21.707731,1017.01245,65.458336,1,12,9.9,12.0,3.400000000000002
2022-12-14,23.35,19.4,21.264584,1.2,82.80027,67.09889,25.582806,1017.2417,85.958336,0,12,9.2,9.9,3.950000000000003
2022-12-15,23.8,20.0,21.729166,0.0,89.97759,69.56093,21.794127,1014.07495,79.125,1,12,1.2,9.2,3.8000000000000007
2022-12-16,24.25,21.4,23.150002,3.6,91.817055,74.08507,31.056128,1014.34155,99.958336,1,12,0.0,1.2,2.8500000000000014
2022-12-17,22.7,18.9,20.9375,20.500002,89.57851,72.03282,41.9288,1020.2,100.0,1,12,3.6,0.0,3.8000000000000007
2022-12-18,19.5,18.7,19.1375,1.9000001,76.32838,64.99301,36.71294,1020.4124,98.416664,1,12,20.500002,3.6,0.8000000000000007
2022-12-19,20.85,19.1,19.802082,2.8,92.1787,64.002396,20.268991,1016.4751,99.916664,1,12,1.9000001,20.500002,1.75
2022-12-20,23.1,20.0,21.59375,2.7,88.63371,72.33292,18.720001,1014.0334,95.958336,1,12,2.8,1.9000001,3.1000000000000014
2022-12-21,22.55,20.0,21.312502,14.3,92.638084,80.05436,29.308508,1014.3377,99.916664,0,12,2.7,2.8,2.5500000000000007
2022-12-22,22.75,18.15,20.725,0.3,96.903404,65.87561,24.482647,1014.56256,87.5,0,12,14.3,2.7,4.600000000000001
2022-12-23,22.5,19.05,21.570833,0.4,96.6214,66.36457,19.681828,1015.98334,59.916668,0,12,0.3,14.3,3.4499999999999993
2022-12-24,23.5,19.25,21.775002,0.8000001,81.47289,61.590385,25.984919,1017.45404,63.75,0,12,0.4,0.3,4.25
2022-12-25,24.15,17.9,21.402082,0.8000001,96.59205,55.55428,17.782686,1018.3833,49.208332,1,12,0.8000001,0.4,6.25
2022-12-26,23.2,19.05,21.449999,3.9,93.684135,69.84785,19.33639,1018.8499,81.25,1,12,0.8000001,0.8000001,4.149999999999999
2022-12-27,24.2,19.25,21.629166,2.7000003,94.532036,63.54065,18.39878,1018.3874,85.666664,1,12,3.9,0.8000001,4.949999999999999
2022-12-28,22.4,20.55,21.564583,14.499998,90.60648,81.101616,20.371038,1018.3791,97.333336,1,12,2.7000003,3.9,1.8499999999999979
2022-12-29,22.6,20.9,21.664583,11.8,86.998924,77.66313,31.89202,1020.37933,96.583336,1,12,14.499998,2.7000003,1.7000000000000028
2022-12-30,22.15,18.9,20.9625,2.8000004,89.584335,74.00525,26.758923,1021.4709,68.166664,1,12,11.8,14.499998,3.25
2022-12-31,22.9,19.5,21.027084,1.6,89.070465,67.2206,24.066206,1020.7041,79.166664,1,12,2.8000004,11.8,3.3999999999999986
2023-01-01,21.55,19.85,20.595835,8.7,91.95101,76.77505,29.96662,1019.57086,100.0,1,1,1.6,2.8000004,1.6999999999999993
2023-01-02,22.25,20.25,21.2875,15.900001,93.141655,80.835815,24.379204,1019.82086,100.0,1,1,8.7,1.6,2.0
2023-01-03,21.9,21.0,21.43958,11.000002,91.45606,82.051796,23.34455,1019.67084,100.0,1,1,15.900001,8.7,0.8999999999999986
2023-01-04,22.45,21.2,21.947916,8.900002,88.97757,82.37564,26.66188,1018.8208,100.0,1,1,11.000002,15.900001,1.25
2023-01-05,23.35,21.3,22.364586,3.2,86.84436,79.10615,26.562046,1019.39154,98.958336,1,1,8.900002,11.000002,2.0500000000000007
2023-01-06,22.5,20.4,21.4625,8.099999,86.148506,71.94688,31.983318,1019.57495,100.0,0,1,3.2,8.900002,2.1000000000000014
2023-01-07,22.0,20.25,20.804165,0.8000001,88.84652,73.988266,19.914217,1017.1499,100.0,1,1,8.099999,3.2,1.75
2023-01-08,21.9,20.25,21.218748,5.1000004,92.28385,80.23166,20.46941,1015.9875,100.0,1,1,0.8000001,8.099999,1.6499999999999986
2023-01-09,23.75,20.75,21.85417,10.0,94.59844,80.26247,19.33639,1016.0041,100.0,0,1,5.1000004,0.8000001,3.0
2023-01-10,24.4,19.0,21.835417,0.8000001,96.31786,80.36868,17.727943,1014.8416,67.416664,0,1,10.0,5.1000004,5.399999999999999
2023-01-11,24.8,20.15,22.391668,0.1,97.251976,80.421486,26.111792,1013.26263,70.208336,0,1,0.8000001,10.0,4.650000000000002
2023-01-12,25.0,21.2,22.733332,0.0,96.98473,81.40725,16.394829,1011.81256,42.166668,0,1,0.1,0.8000001,3.8000000000000007
2023-01-13,24.75,18.95,22.527082,0.0,98.774536,87.315605,12.88981,1010.16675,32.166668,0,1,0.0,0.1,5.800000000000001
2023-01-14,26.85,19.25,22.879168,0.0,100.0,76.80287,10.24578,1008.7043,45.458332,1,1,0.0,0.0,7.600000000000001
2023-01-15,26.35,20.25,23.164581,1.2,99.691444,79.0372,21.862406,1012.021,45.041668,1,1,0.0,0.0,6.100000000000001
2023-01-16,21.8,19.6,20.566668,24.199999,89.15663,82.85405,27.534704,1017.59174,100.0,1,1,1.2,0.0,2.1999999999999993
2023-01-17,22.05,20.15,20.791666,18.099998,92.826836,78.07021,25.264202,1019.24585,100.0,1,1,24.199999,1.2,1.9000000000000021
2023-01-18,21.25,19.1,20.152082,2.1000001,87.66386,79.44315,26.758923,1020.3416,100.0,1,1,18.099998,24.199999,2.1499999999999986
2023-01-19,21.95,18.4,20.410418,1.3000001,93.902695,70.69947,20.466246,1019.3542,81.333336,0,1,2.1000001,18.099998,3.5500000000000007
2023-01-20,22.4,19.7,20.920835,0.70000005,91.0636,75.4692,22.702845,1018.31256,94.875,0,1,1.3000001,2.1000001,2.6999999999999993
2023-01-21,22.25,19.95,21.152082,0.0,94.868935,79.06385,16.595179,1015.6333,93.083336,0,1,0.70000005,1.3000001,2.3000000000000007
2023-01-22,23.9,19.7,22.031248,0.2,97.85119,79.54764,14.264361,1013.57086,53.166668,1,1,0.0,0.70000005,4.199999999999999
2023-01-23,24.7,20.75,22.937498,4.5,96.66411,82.12212,20.291357,1014.3,60.75,1,1,0.2,0.0,3.9499999999999993
2023-01-24,22.8,19.0,20.362497,22.1,92.06445,72.49772,38.848316,1019.55414,97.0,0,1,4.5,0.2,3.8000000000000007
2023-01-25,21.0,18.6,19.727083,0.90000004,96.31095,69.20167,24.187069,1017.30414,94.833336,1,1,22.1,4.5,2.3999999999999986
2023-01-26,22.0,19.35,21.199999,1.4000001,96.64035,78.30855,17.072504,1015.3042,88.208336,1,1,0.90000004,22.1,2.6499999999999986
2023-01-27,22.1,18.85,20.510416,22.2,90.3328,79.78341,32.2396,1018.2751,98.916664,1,1,1.4000001,0.90000004,3.25
2023-01-28,19.5,17.25,18.533333,14.900001,89.176384,74.42046,28.745949,1019.63336,99.958336,0,1,22.2,1.4000001,2.25
2023-01-29,20.2,17.2,18.766668,0.3,82.28565,62.504467,29.268686,1020.7585,88.0,0,1,14.900001,22.2,3.0
2023-01-30,19.45,15.1,17.704166,0.0,97.772224,71.868904,17.283749,1018.6624,83.75,0,1,0.3,14.900001,4.35
2023-01-31,21.55,16.65,19.860418,0.0,95.96224,68.81671,12.783802,1013.83746,54.625,0,1,0.0,0.3,4.900000000000002
2023-02-01,23.45,18.55,21.529167,0.0,97.237465,82.211075,14.154915,1013.07916,40.083332,1,2,0.0,0.0,4.899999999999999
2023-02-02,23.85,20.7,22.63125,3.999999,98.18047,86.18268,9.885262,1014.20013,89.541664,0,2,0.0,0.0,3.150000000000002
2023-02-03,25.0,20.55,22.918747,0.2,99.07896,84.47587,12.682018,1013.9585,33.791668,0,2,3.999999,0.0,4.449999999999999
2023-02-04,25.3,21.3,23.11875,0.3,99.38864,83.48655,16.454008,1012.7126,43.916668,0,2,0.2,3.999999,4.0
2023-02-05,25.55,20.55,23.206251,0.1,99.385155,80.27465,20.12461,1011.96246,41.166668,0,2,0.3,0.2,5.0
2023-02-06,25.3,21.35,23.333334,0.0,98.78095,84.497215,18.175545,1011.21246,83.166664,0,2,0.1,0.3,3.9499999999999993
2023-02-07,25.85,22.0,23.966665,0.2,97.28867,82.499855,19.523155,1012.0041,65.375,0,2,0.0,0.1,3.8500000000000014
2023-02-08,26.15,22.7,24.089584,0.0,96.13034,79.86691,22.702845,1012.29584,47.291668,0,2,0.2,0.0,3.4499999999999993
2023-02-09,25.9,22.85,24.170832,0.2,95.559875,81.999275,22.930048,1012.24585,54.083332,0,2,0.0,0.2,3.049999999999997
2023-02-10,26.55,22.05,24.137499,0.1,98.187904,77.988785,21.900904,1012.04156,58.625,0,2,0.2,0.0,4.5
2023-02-11,26.4,22.35,24.225,0.0,100.0,80.38662,23.358425,1010.85425,45.958332,0,2,0.1,0.2,4.049999999999997
2023-02-12,26.7,22.55,24.322914,0.0,100.0,82.64172,21.470612,1010.6335,52.625,0,2,0.0,0.1,4.149999999999999
2023-02-13,27.1,23.25,24.789583,0.0,98.49975,84.92637,15.941944,1010.80005,67.25,1,2,0.0,0.0,3.8500000000000014
2023-02-14,25.75,22.7,24.002085,8.8,97.619705,85.80552,23.113008,1014.25,87.5,1,2,0.0,0.0,3.0500000000000007
2023-02-15,23.6,21.1,22.493752,14.400001,90.626785,82.76917,29.460672,1018.0667,96.958336,1,2,8.8,0.0,2.5
2023-02-16,23.8,20.65,22.245836,5.3,87.27989,74.98969,27.66384,1019.08344,53.25,1,2,14.400001,8.8,3.150000000000002
2023-02-17,23.75,20.65,22.131248,5.2,90.84159,71.91498,17.786331,1017.0666,74.666664,1,2,5.3,14.400001,3.1000000000000014
2023-02-18,23.85,20.75,22.614584,3.2,96.36573,79.8009,11.983188,1015.3875,74.166664,1,2,5.2,5.3,3.1000000000000014
2023-02-19,24.5,21.55,22.966667,1.6,88.45286,75.570496,19.917469,1016.11255,83.083336,1,2,3.2,5.2,2.9499999999999993
2023-02-20,24.95,20.2,22.4125,3.8000004,90.57588,66.582504,18.947083,1017.0374,87.291664,1,2,1.6,3.2,4.75
2023-02-21,23.7,19.55,22.231249,3.6999993,89.37066,73.29161,22.077717,1018.10425,79.625,1,2,3.8000004,1.6,4.149999999999999
2023-02-22,23.0,20.9,22.016665,6.3000007,89.7337,78.66982,14.934577,1017.3291,89.291664,1,2,3.6999993,3.8000004,2.1000000000000014
2023-02-23,24.85,17.3,21.4125,1.2,100.0,67.40223,15.807239,1015.56244,55.458332,1,2,6.3000007,3.6999993,7.550000000000001
2023-02-24,24.05,19.3,21.956251,3.5000002,95.4264,70.309685,22.828087,1018.8125,69.333336,1,2,1.2,6.3000007,4.75
2023-02-25,23.0,19.45,21.585419,11.599998,90.76138,72.08771,30.378967,1022.78735,80.916664,1,2,3.5000002,1.2,3.5500000000000007
2023-02-26,22.3,19.8,20.906252,9.699999,85.54889,74.743164,28.312117,1023.75824,67.5,1,2,11.599998,3.5000002,2.5
2023-02-27,21.55,20.15,20.8,25.800001,90.82161,78.98605,22.401142,1022.00006,100.0,1,2,9.699999,11.599998,1.4000000000000021
2023-02-28,23.1,20.6,21.854164,13.999999,94.001114,79.91292,21.382906,1019.83746,97.125,1,2,25.800001,9.699999,2.5
2023-03-01,24.15,19.95,21.956253,2.8999999,94.265915,75.04672,19.862083,1020.11237,51.375,1,3,13.999999,25.800001,4.199999999999999
2023-03-02,23.9,18.05,21.385416,1.2,100.0,64.082954,16.563911,1021.25415,65.625,1,3,2.8999999,13.999999,5.849999999999998
2023-03-03,24.35,19.65,22.00625,2.0000002,93.958916,70.92161,15.778516,1021.64594,50.5,1,3,1.2,2.8999999,4.700000000000003
2023-03-04,24.1,20.15,22.079165,5.2,91.66418,74.10188,20.87379,1021.61676,29.375,1,3,2.0000002,1.2,3.950000000000003
2023-03-05,24.0,18.1,21.145834,1.9000002,100.0,70.69969,20.018072,1020.43744,40.166668,1,3,5.2,2.0000002,5.899999999999999
2023-03-06,24.05,19.55,21.864578,1.5,98.76475,68.46457,13.276144,1018.5291,41.541668,1,3,1.9000002,5.2,4.5
2023-03-07,24.9,17.0,21.204166,1.2,98.74007,65.53525,17.873556,1017.82495,31.833334,0,3,1.5,1.9000002,7.899999999999999
2023-03-08,24.55,18.55,22.231253,0.1,100.0,73.429245,14.404499,1017.5334,34.125,0,3,1.2,1.5,6.0
2023-03-09,24.3,18.05,21.891668,0.3,100.0,72.91184,12.397806,1017.1834,28.208334,0,3,0.1,1.2,6.25
2023-03-10,24.75,19.0,22.241669,0.0,99.06808,69.70401,15.84,1015.0293,25.0,0,3,0.3,0.1,5.75
2023-03-11,25.3,20.3,22.879166,0.0,99.692245,65.783165,13.339445,1015.8,52.541668,1,3,0.0,0.3,5.0
2023-03-12,24.8,22.25,23.320833,1.2000002,97.889496,78.46905,14.081477,1017.42914,64.0,1,3,0.0,0.0,2.5500000000000007
2023-03-13,24.55,20.95,22.564583,5.1999993,93.15421,71.6814,21.710716,1016.8833,92.083336,0,3,1.2000002,0.0,3.6000000000000014
2023-03-14,23.55,20.45,21.950003,0.7,95.47883,78.776726,15.941944,1013.89594,59.458332,0,3,5.1999993,1.2000002,3.1000000000000014
2023-03-15,25.45,21.2,23.641668,0.90000004,95.212326,74.56487,21.288757,1014.5,89.333336,0,3,0.7,5.1999993,4.25
2023-03-16,25.6,21.25,23.654167,0.8000001,98.17841,77.12269,17.654688,1015.27905,92.083336,1,3,0.90000004,0.7,4.350000000000001
2023-03-17,26.1,22.15,24.020834,1.2,94.069046,75.08227,17.462784,1013.85004,70.666664,0,3,0.8000001,0.90000004,3.950000000000003
2023-03-18,25.85,22.85,24.285414,0.5,91.83479,76.71921,18.391735,1012.7209,71.791664,0,3,1.2,0.8000001,3.0
2023-03-19,26.65,22.6,24.627083,0.0,94.37666,72.2867,22.19773,1011.07916,85.166664,0,3,0.5,1.2,4.049999999999997
2023-03-20,28.0,22.9,25.112503,0.0,99.39592,74.52749,22.862123,1009.1875,41.333332,0,3,0.0,0.5,5.100000000000001
2023-03-21,29.35,23.55,26.0,0.0,98.80404,84.08088,19.416653,1007.13745,39.041668,0,3,0.0,0.0,5.800000000000001
2023-03-22,30.1,24.2,26.368752,0.0,99.10417,82.79102,19.602652,1006.12085,12.166667,0,3,0.0,0.0,5.900000000000002
2023-03-23,31.2,24.45,27.020834,0.0,99.4029,79.76831,23.358425,1006.3459,47.333332,0,3,0.0,0.0,6.75
2023-03-24,28.85,24.4,26.44792,0.0,98.22656,84.61322,19.06301,1008.1543,49.583332,0,3,0.0,0.0,4.450000000000003
2023-03-25,28.85,23.75,26.097916,0.0,98.80264,76.93966,23.540806,1008.425,52.5,0,3,0.0,0.0,5.100000000000001
2023-03-26,28.35,24.55,26.087502,0.0,94.4562,78.73253,26.6327,1009.6834,65.208336,1,3,0.0,0.0,3.8000000000000007
2023-03-27,29.1,24.15,26.262499,3.4999998,95.58748,72.71267,20.192118,1011.7417,76.916664,1,3,0.0,0.0,4.950000000000003
2023-03-28,26.95,24.4,25.566668,2.7,92.195244,81.19023,12.9249525,1013.1667,72.791664,1,3,3.4999998,0.0,2.5500000000000007
2023-03-29,26.8,24.2,25.472916,1.6000001,95.017715,81.32897,15.596767,1012.0457,72.916664,1,3,2.7,3.4999998,2.6000000000000014
2023-03-30,26.9,24.55,25.643747,1.1000001,92.20369,82.4167,13.397612,1010.3918,84.708336,0,3,1.6000001,2.7,2.349999999999998
2023-03-31,28.05,24.5,26.231247,0.1,95.598785,77.02887,21.434364,1010.1416,64.708336,0,3,1.1000001,1.6000001,3.5500000000000007
2023-04-01,28.5,24.35,26.356253,0.1,97.33551,79.45671,21.96,1009.13745,73.458336,0,4,0.1,1.1000001,4.149999999999999
2023-04-02,29.05,24.3,26.422915,0.0,98.21607,75.14762,23.241617,1008.0417,61.541668,0,4,0.1,0.1,4.75
2023-04-03,29.7,24.65,26.98542,0.0,99.702644,75.242905,22.862123,1007.3916,43.166668,0,4,0.0,0.1,5.050000000000001
2023-04-04,30.9,25.15,27.44375,0.0,99.11017,73.429634,24.86868,1006.26263,34.791668,0,4,0.0,0.0,5.75
2023-04-05,32.1,25.7,28.345833,0.0,100.0,70.85741,21.829777,1006.89166,14.958333,0,4,0.0,0.0,6.400000000000002
2023-04-06,31.65,25.4,27.914587,0.2,98.230545,68.478676,21.41319,1008.6501,10.541667,1,4,0.0,0.0,6.25
2023-04-07,29.1,25.25,26.98333,2.3000002,91.414276,75.60736,17.015474,1013.05005,40.541668,1,4,0.2,0.0,3.8500000000000014
2023-04-08,28.7,23.4,26.160418,4.2999997,95.28226,72.86337,16.24394,1015.3582,31.166666,0,4,2.3000002,0.2,5.300000000000001
2023-04-09,27.55,23.7,25.606249,0.4,94.71226,76.97641,18.455048,1013.92505,56.833332,0,4,4.2999997,2.3000002,3.8500000000000014
2023-04-10,28.45,25.1,26.612497,0.0,91.133255,75.23839,24.717085,1010.84174,85.208336,0,4,0.4,4.2999997,3.349999999999998
2023-04-11,29.65,24.5,26.99375,0.0,97.341446,73.4056,25.161398,1009.21674,35.458332,1,4,0.0,0.4,5.149999999999999
2023-04-12,28.65,25.45,26.770834,2.0,94.78302,80.19879,19.562946,1009.39185,68.25,0,4,0.0,0.0,3.1999999999999993
2023-04-13,29.25,26.0,27.218744,0.1,91.18995,78.15636,23.241617,1009.03754,62.625,0,4,2.0,0.0,3.25
2023-04-14,29.45,25.85,27.518751,0.1,97.65458,78.878624,23.157824,1008.06256,63.458332,1,4,0.1,2.0,3.599999999999998
2023-04-15,29.55,24.3,26.875,2.6,97.334564,80.79362,20.447239,1009.075,89.041664,0,4,0.1,0.1,5.25
2023-04-16,28.1,25.3,26.679167,0.9000001,95.33881,78.69754,15.281989,1009.0291,99.125,0,4,2.6,0.1,2.8000000000000007
2023-04-17,30.35,25.5,27.525002,0.0,99.70381,72.649254,24.248613,1008.5083,77.875,0,4,0.9000001,2.6,4.850000000000001
2023-04-18,31.85,26.15,28.468752,0.0,99.41038,74.924484,22.314192,1006.62915,2.875,0,4,0.0,0.9000001,5.700000000000003
2023-04-19,36.6,26.3,29.88125,0.0,99.12191,46.651173,25.068514,1002.79175,6.25,0,4,0.0,0.0,10.3
2023-04-20,36.95,27.25,30.324999,0.0,99.99999,43.626835,20.617662,1002.17084,24.75,1,4,0.0,0.0,9.700000000000003
2023-04-21,38.3,26.25,30.243746,4.7999997,97.086494,39.927467,21.650938,1004.14996,40.0,0,4,0.0,0.0,12.049999999999997
2023-04-22,31.95,26.65,28.683334,0.0,98.248695,63.843,21.67487,1005.9917,37.75,0,4,4.7999997,0.0,5.300000000000001
2023-04-23,31.6,26.5,28.479166,0.0,90.68203,71.63896,26.368616,1008.9041,79.166664,0,4,0.0,4.7999997,5.100000000000001
2023-04-24,29.55,25.85,27.410416,0.2,93.70891,79.12715,20.345573,1010.7332,53.75,1,4,0.0,0.0,3.6999999999999993
2023-04-25,28.9,24.35,26.93125,3.1,93.622086,73.270485,16.981165,1011.08325,60.958332,1,4,0.2,0.0,4.549999999999997
2023-04-26,28.2,24.3,26.237503,2.3999999,92.74926,75.92208,19.09358,1011.8293,71.791664,0,4,3.1,0.2,3.8999999999999986
2023-04-27,28.4,25.25,26.760416,0.9000001,90.05498,74.368,15.277749,1011.33344,48.166668,0,4,2.3999999,3.1,3.1499999999999986
2023-04-28,29.5,25.6,27.45208,0.0,92.27051,72.974525,23.0653,1009.99585,52.291668,0,4,0.9000001,2.3999999,3.8999999999999986
2023-04-29,29.45,24.5,27.129168,0.3,94.73918,75.436356,23.411074,1009.96246,50.916668,0,4,0.0,0.9000001,4.949999999999999
2023-04-30,28.8,24.6,26.627083,0.90000004,90.27489,68.988304,22.226902,1011.3,62.208332,0,4,0.3,0.0,4.199999999999999
2023-05-01,28.15,24.75,26.533335,0.4,91.67481,71.88249,15.876775,1011.61255,60.958332,0,5,0.90000004,0.3,3.3999999999999986
2023-05-02,29.05,25.15,27.370836,0.0,97.357056,72.485435,17.654688,1011.4626,32.458332,0,5,0.4,0.90000004,3.900000000000002
2023-05-03,30.6,25.65,28.045837,0.1,95.35067,66.70183,22.253124,1009.89575,41.333332,0,5,0.0,0.4,4.950000000000003
2023-05-04,31.55,25.9,28.658335,0.0,97.36579,69.09396,23.83896,1005.78754,64.166664,0,5,0.1,0.0,5.650000000000002
2023-05-05,33.2,27.15,29.512499,0.0,96.819046,65.06411,25.567604,1002.82074,49.583332,0,5,0.0,0.1,6.050000000000004
2023-05-06,33.45,27.95,30.427078,0.0,97.12034,69.67179,23.266697,1001.89996,31.791666,0,5,0.0,0.0,5.5000000000000036
2023-05-07,34.2,28.1,30.762499,0.0,91.914055,67.01723,21.38897,1002.7791,43.125,1,5,0.0,0.0,6.100000000000001
2023-05-08,32.9,26.4,28.652082,2.1,91.4844,52.973785,30.735231,1007.4543,95.541664,0,5,0.0,0.0,6.5
2023-05-09,28.85,25.8,27.662498,0.70000005,95.35574,77.63357,16.263872,1008.81683,81.458336,1,5,2.1,0.0,3.0500000000000007
2023-05-10,29.85,25.7,27.647917,19.099998,95.35405,76.32773,14.277983,1009.42914,92.125,1,5,0.70000005,2.1,4.150000000000002
2023-05-11,29.3,25.9,27.445833,5.3,92.006,80.28379,14.417988,1010.42914,95.375,1,5,19.099998,0.70000005,3.400000000000002
2023-05-12,29.4,25.75,27.18125,13.200001,92.82459,79.11345,12.4811535,1010.9751,99.583336,1,5,5.3,19.099998,3.6499999999999986
2023-05-13,28.9,25.8,27.004168,2.8999999,85.60992,75.57598,25.630886,1011.2585,91.625,0,5,13.200001,5.3,3.099999999999998
2023-05-14,29.15,25.0,26.945831,0.7,94.50228,71.63433,27.288855,1010.6834,86.041664,1,5,2.8999999,13.200001,4.149999999999999
2023-05-15,30.45,25.45,27.352083,6.5,96.49488,72.29393,22.253124,1009.80853,74.541664,0,5,0.7,2.8999999,5.0
2023-05-16,32.0,25.85,28.629168,0.2,98.237656,74.94829,18.374111,1007.8335,93.125,0,5,6.5,0.7,6.149999999999999
2023-05-17,35.85,26.15,30.0375,0.1,98.245476,50.5818,25.282152,1006.94995,64.458336,0,5,0.2,6.5,9.700000000000003
2023-05-18,36.05,26.75,30.581247,0.0,98.54298,50.028107,19.08,1006.0125,53.875,0,5,0.1,0.2,9.299999999999997
2023-05-19,36.35,27.35,30.704168,0.0,99.99999,40.63488,15.349684,1005.4585,31.5,0,5,0.0,0.1,9.0
2023-05-20,34.7,27.45,30.52917,0.0,93.487564,53.074215,20.240196,1006.19165,84.291664,0,5,0.0,0.0,7.2500000000000036
2023-05-21,33.6,27.95,30.362501,0.0,90.341446,61.93284,20.188908,1006.9915,69.083336,0,5,0.0,0.0,5.650000000000002
2023-05-22,35.2,28.45,31.360418,0.0,89.49805,47.308975,17.388409,1006.8125,50.083332,0,5,0.0,0.0,6.7500000000000036
2023-05-23,35.95,27.55,31.116661,0.0,90.744415,45.529263,21.398056,1006.4041,6.6666665,1,5,0.0,0.0,8.400000000000002
2023-05-24,34.45,26.55,29.625,2.0,92.60304,54.493366,22.68,1007.32495,61.583332,1,5,0.0,0.0,7.900000000000002
2023-05-25,32.8,26.7,29.093748,2.8999999,93.1496,57.793884,17.068707,1008.35004,62.291668,1,5,2.0,0.0,6.099999999999998
2023-05-26,32.25,25.7,28.877083,2.2,95.63878,59.033295,18.775301,1008.03766,18.166666,0,5,2.8999999,2.0,6.550000000000001
2023-05-27,31.95,26.45,29.243752,1.0,88.00012,64.03463,19.110542,1007.0791,23.166666,1,5,2.2,2.8999999,5.5
2023-05-28,30.4,25.5,27.94375,4.9,93.66112,71.204666,16.595179,1007.2209,43.166668,1,5,1.0,2.2,4.899999999999999
2023-05-29,30.8,25.9,28.395834,1.6,94.51026,70.22938,18.581022,1007.3167,20.458334,0,5,4.9,1.0,4.900000000000002
2023-05-30,31.25,26.15,28.862497,0.0,96.79574,67.02203,18.278645,1005.69995,43.125,0,5,1.6,4.9,5.100000000000001
2023-05-31,32.75,27.45,30.283333,0.0,85.024086,59.933384,16.418526,1003.81244,50.666668,0,5,0.0,1.6,5.300000000000001
2023-06-01,34.95,27.9,31.04167,0.0,80.906715,47.387947,20.188908,1003.21265,29.125,0,6,0.0,0.0,7.050000000000004
2023-06-02,35.65,27.75,31.258337,0.0,87.090164,44.762165,24.514387,1004.84174,54.75,0,6,0.0,0.0,7.899999999999999
2023-06-03,35.8,27.75,31.322916,0.3,91.565636,43.055992,16.80857,1006.0083,29.25,1,6,0.0,0.0,8.049999999999997
2023-06-04,33.4,26.05,29.262497,7.2,93.43134,59.01061,17.10284,1005.696,65.75,1,6,0.3,0.0,7.349999999999998
2023-06-05,32.15,26.4,28.999994,2.5000002,92.87841,63.50378,20.808498,1004.95844,97.625,1,6,7.2,0.3,5.75
2023-06-06,30.35,25.9,27.762499,15.400001,93.117584,74.021034,11.019764,1005.2417,99.791664,1,6,2.5000002,7.2,4.450000000000003
2023-06-07,30.9,26.4,27.889585,11.099998,92.58186,69.8295,14.685176,1006.3792,100.0,1,6,15.400001,2.5000002,4.5
2023-06-08,30.2,26.65,28.572916,1.9000001,95.68761,73.64301,15.459054,1005.0083,98.041664,1,6,11.099998,15.400001,3.5500000000000007
2023-06-09,31.85,26.45,29.05208,20.0,94.81313,64.692,16.700275,1003.51666,95.625,0,6,1.9000001,11.099998,5.400000000000002
2023-06-10,33.65,27.0,29.554169,0.5,90.4424,56.46907,19.64228,1002.196,97.5,1,6,20.0,1.9000001,6.649999999999999
2023-06-11,34.1,27.35,30.137497,2.8999999,89.747246,56.745647,17.673029,1002.0749,96.75,0,6,0.5,20.0,6.75
2023-06-12,34.9,28.6,30.65625,0.1,84.853874,48.65143,21.461555,1003.33325,100.0,0,6,2.8999999,0.5,6.299999999999997
2023-06-13,35.95,28.3,30.925005,0.0,92.17476,47.36061,24.014996,1003.99585,97.333336,0,6,0.1,2.8999999,7.650000000000002
2023-06-14,34.85,28.4,31.014587,0.0,85.75286,51.55968,15.137133,1005.6624,99.958336,0,6,0.0,0.1,6.450000000000003
2023-06-15,33.8,28.1,31.00625,0.0,89.76871,51.29519,17.208603,1005.2166,98.5,1,6,0.0,0.0,5.699999999999996
2023-06-16,35.85,26.75,30.316666,2.2,93.43134,46.48135,21.650938,1005.52496,98.958336,1,6,0.0,0.0,9.100000000000001
2023-06-17,33.25,27.15,29.612501,1.2,89.379776,57.402523,18.94024,1006.44574,89.833336,0,6,2.2,0.0,6.100000000000001
2023-06-18,34.5,27.0,30.118752,0.70000005,93.72917,49.935173,17.786331,1006.1958,97.375,0,6,1.2,2.2,7.5
2023-06-19,34.05,27.4,30.527084,0.1,89.997696,51.670914,16.418526,1005.6458,36.833332,0,6,0.70000005,1.2,6.649999999999999
2023-06-20,33.65,27.35,30.437498,0.0,88.337746,54.134453,15.94601,1005.9875,14.0,0,6,0.1,0.70000005,6.299999999999997
2023-06-21,34.4,27.85,31.208334,0.0,91.032486,48.670403,14.81259,1006.53326,29.625,0,6,0.0,0.1,6.549999999999997
2023-06-22,35.7,27.8,31.579165,0.0,86.397766,41.855606,17.782688,1005.7834,21.833334,0,6,0.0,0.0,7.900000000000002
2023-06-23,35.3,28.0,31.445831,0.9,83.81493,45.915188,17.57744,1004.95416,85.375,1,6,0.0,0.0,7.299999999999997
2023-06-24,33.5,27.9,30.402086,1.4,87.62543,57.046043,19.110542,1004.8376,100.0,1,6,0.9,0.0,5.600000000000001
2023-06-25,34.1,26.65,29.51667,2.6,92.051544,53.27139,20.172853,1005.8791,93.375,1,6,1.4,0.9,7.450000000000003
2023-06-26,32.05,26.2,28.841667,1.8000001,94.80564,68.787674,21.188072,1006.51666,99.75,1,6,2.6,1.4,5.849999999999998
2023-06-27,31.8,25.25,28.595835,3.6,95.052055,69.67697,21.218632,1007.9626,74.833336,1,6,1.8000001,2.6,6.550000000000001
2023-06-28,33.6,26.15,29.550001,1.5,95.084335,55.421803,17.673029,1007.7126,49.375,0,6,3.6,1.8000001,7.450000000000003
2023-06-29,34.2,26.05,29.674995,0.6,95.93462,51.383533,13.207634,1005.8459,42.666668,0,6,1.5,3.6,8.150000000000002
2023-06-30,36.5,26.75,30.666672,0.8,95.121574,44.443813,12.849528,1004.7292,56.5,1,6,0.6,1.5,9.75
2023-07-01,36.55,26.25,30.379166,15.8,95.37759,44.322197,16.56,1005.82495,95.541664,1,7,0.8,0.6,10.299999999999997
2023-07-02,36.5,26.4,30.30625,4.3999996,92.339264,43.906487,16.039202,1006.60834,94.458336,0,7,15.8,0.8,10.100000000000001
2023-07-03,35.5,26.75,30.772917,0.3,88.02525,41.262142,18.668005,1007.09174,100.0,1,7,4.3999996,15.8,8.75
2023-07-04,34.7,26.0,29.78125,1.3000001,95.08255,48.935215,13.779114,1007.54156,60.916668,0,7,0.3,4.3999996,8.700000000000003
2023-07-05,34.35,26.3,29.991667,0.0,86.7362,48.81912,18.11841,1007.39154,7.6666665,0,7,1.3000001,0.3,8.05
2023-07-06,34.8,27.05,30.44583,0.0,87.52628,48.612682,20.774214,1007.7126,45.125,0,7,0.0,1.3000001,7.7499999999999964
2023-07-07,34.05,27.2,30.345835,0.0,92.3502,55.315086,18.057508,1008.04584,11.083333,0,7,0.0,0.0,6.849999999999998
2023-07-08,34.7,27.2,30.679167,0.8,94.561554,53.741413,16.075521,1008.0417,34.416668,0,7,0.0,0.0,7.5000000000000036
2023-07-09,34.45,26.1,29.827085,0.7,93.68167,52.693336,16.563911,1008.2124,30.875,0,7,0.8,0.0,8.350000000000001
2023-07-10,34.0,26.25,29.87708,0.0,93.43134,54.712578,16.56,1007.75836,23.583334,0,7,0.7,0.8,7.75
2023-07-11,34.85,27.05,30.58333,1.0,94.28263,49.25922,17.283749,1007.3459,58.791668,0,7,0.0,0.7,7.800000000000001
2023-07-12,35.3,26.85,30.866663,0.0,92.88096,48.64569,16.676977,1006.9626,30.5,0,7,1.0,0.0,8.449999999999996
2023-07-13,35.75,27.4,31.350004,0.0,91.00393,46.880173,17.651016,1005.32074,77.791664,1,7,0.0,1.0,8.350000000000001
2023-07-14,35.95,25.9,30.43542,5.4,93.11508,46.698917,22.771244,1004.0418,77.166664,0,7,0.0,0.0,10.050000000000004
2023-07-15,34.8,26.8,30.59583,0.3,91.50859,53.27139,14.113652,1001.71674,86.875,1,7,5.4,0.0,7.9999999999999964
2023-07-16,33.45,26.9,29.333338,7.1000004,91.8364,58.588722,15.546833,999.6084,100.0,1,7,0.3,5.4,6.550000000000004
2023-07-17,31.05,27.25,29.216667,1.2,79.84001,68.45375,14.934577,999.1792,100.0,0,7,7.1000004,0.3,3.8000000000000007
2023-07-18,36.0,27.25,30.929167,0.0,82.23434,46.9454,14.113652,1001.03754,95.791664,1,7,1.2,7.1000004,8.75
2023-07-19,34.55,26.6,29.960419,10.800001,95.38262,50.993816,19.70815,1003.5,69.833336,1,7,0.0,1.2,7.949999999999996
2023-07-20,32.95,25.9,29.127083,2.8,91.53568,61.172375,17.377226,1005.39166,52.583332,1,7,10.800001,0.0,7.050000000000004
2023-07-21,32.25,26.35,29.260414,3.2999997,93.14468,61.811726,19.164719,1007.95416,55.541668,1,7,2.8,10.800001,5.899999999999999
2023-07-22,31.7,25.7,28.04167,7.7,94.51419,66.72128,15.856356,1009.3459,62.083332,1,7,3.2999997,2.8,6.0
2023-07-23,31.85,25.05,28.375,6.6,93.91072,63.63064,14.973576,1007.6125,63.083332,1,7,7.7,3.2999997,6.800000000000001
2023-07-24,32.15,24.95,28.147917,5.4999995,96.76622,59.425972,15.03835,1006.3833,49.125,1,7,6.6,7.7,7.199999999999999
2023-07-25,32.3,25.4,28.602083,1.7000002,94.77355,61.28979,19.022177,1005.8748,46.791668,0,7,5.4999995,6.6,6.899999999999999
2023-07-26,33.95,25.25,29.714582,0.8,97.06721,50.098866,19.296133,1004.0125,65.291664,0,7,1.7000002,5.4999995,8.700000000000003
2023-07-27,37.05,27.75,31.260416,0.0,86.854836,42.346382,19.134262,1000.9792,98.458336,1,7,0.8,1.7000002,9.299999999999997
2023-07-28,37.8,26.9,30.920835,4.0,91.29555,43.653736,15.408671,1000.0208,67.708336,1,7,0.0,0.8,10.899999999999999
2023-07-29,35.95,27.4,30.106249,6.7000003,91.56265,49.852596,13.37825,1002.10815,87.458336,1,7,4.0,0.0,8.550000000000004
2023-07-30,34.3,27.25,29.825003,7.5,87.8049,55.447533,10.44,1003.75,92.458336,0,7,6.7000003,4.0,7.049999999999997
2023-07-31,34.25,27.65,30.160416,0.5,91.082954,52.66848,15.315873,1004.47076,99.75,0,7,7.5,6.7000003,6.600000000000001
2023-08-01,34.15,27.0,29.729166,0.1,84.43388,52.010227,11.720751,1003.96246,99.791664,1,8,0.5,7.5,7.149999999999999
2023-08-02,32.75,26.65,28.824997,5.9,86.44905,49.030773,17.49615,1003.80005,99.958336,0,8,0.1,0.5,6.100000000000001
2023-08-03,32.75,27.75,30.25625,0.2,82.024704,55.07309,20.140705,1004.1042,99.958336,0,8,5.9,0.1,5.0
2023-08-04,32.2,27.65,29.920835,0.6,73.30436,56.636932,17.826363,1006.2876,96.125,0,8,0.2,5.9,4.550000000000004
2023-08-05,37.55,27.85,32.13125,0.0,69.257324,37.59025,18.328207,1005.4875,90.666664,0,8,0.6,0.2,9.699999999999996
2023-08-06,38.3,27.9,32.78959,0.0,69.47872,35.53903,22.218153,1003.071,70.0,0,8,0.0,0.6,10.399999999999999
2023-08-07,38.5,27.2,32.46458,0.0,75.76582,31.931065,18.709612,1003.1875,44.416668,0,8,0.0,0.0,11.3
2023-08-08,38.85,28.05,32.104168,0.1,72.88053,34.075237,21.129883,1004.7834,58.333332,0,8,0.0,0.0,10.8
2023-08-09,39.65,28.15,32.247917,0.0,80.88873,33.14879,20.833395,1005.9084,90.541664,0,8,0.1,0.0,11.5
2023-08-10,38.95,27.65,32.35208,0.3,82.518684,35.714485,21.42227,1005.1248,54.291668,1,8,0.0,0.1,11.300000000000004
2023-08-11,38.25,29.45,32.420834,1.5,73.77612,38.244892,18.374111,1004.05835,90.166664,0,8,0.3,0.0,8.8
2023-08-12,38.1,28.7,32.902084,0.3,70.693085,37.163975,20.620804,1003.4583,92.291664,1,8,1.5,0.3,9.400000000000002
2023-08-13,38.65,28.4,32.54375,2.7,73.92044,36.074654,16.78156,1003.81244,64.666664,1,8,0.3,1.5,10.25
2023-08-14,37.95,27.45,31.427084,2.9,87.5609,38.16397,16.375053,1004.90015,75.708336,1,8,2.7,0.3,10.500000000000004
2023-08-15,37.2,27.2,31.210417,1.4000001,90.99119,40.738914,15.7908325,1006.2168,92.416664,1,8,2.9,2.7,10.000000000000004
2023-08-16,35.4,26.8,30.927084,1.4,90.15647,46.607273,16.1198,1006.61237,76.875,0,8,1.4000001,2.9,8.599999999999998
2023-08-17,35.7,26.65,30.56875,0.4,93.706604,45.24579,20.188908,1005.7376,34.375,0,8,1.4,1.4000001,9.050000000000004
2023-08-18,35.85,26.75,31.087502,0.2,86.45839,45.502926,15.893093,1004.68335,86.375,0,8,0.4,1.4,9.100000000000001
2023-08-19,35.55,26.6,30.874992,0.6,87.74957,45.84112,16.923828,1005.05426,88.666664,0,8,0.2,0.4,8.949999999999996
2023-08-20,34.75,26.35,29.916666,0.90000004,90.93675,51.069614,21.626984,1005.5708,98.083336,1,8,0.6,0.2,8.399999999999999
2023-08-21,34.95,26.2,29.487503,1.9,95.369194,49.357613,14.973577,1006.2249,96.541664,1,8,0.90000004,0.6,8.750000000000004
2023-08-22,32.75,26.45,29.170835,1.4000001,93.97633,59.65132,11.988594,1005.6707,96.291664,1,8,1.9,0.90000004,6.300000000000001
2023-08-23,35.1,26.85,29.985418,2.1,92.05721,48.44686,12.904882,1004.6082,98.625,1,8,1.4000001,1.9,8.25
2023-08-24,34.8,26.3,29.710417,21.9,93.96548,50.315598,14.759999,1005.62933,94.916664,0,8,2.1,1.4000001,8.499999999999996
2023-08-25,34.85,27.2,30.585413,0.90000004,93.726944,46.64465,11.808878,1005.60834,85.291664,1,8,21.9,2.1,7.650000000000002
2023-08-26,36.4,27.4,31.035418,2.3,93.73592,43.613346,15.990646,1004.2334,96.5,0,8,0.90000004,21.9,9.0
2023-08-27,37.6,26.55,31.262499,0.0,88.104225,41.599308,14.186923,1002.2041,92.875,1,8,2.3,0.90000004,11.05
2023-08-28,37.35,26.4,31.152084,8.099999,91.75771,40.530846,15.509274,1002.5208,97.333336,1,8,0.0,2.3,10.950000000000003
2023-08-29,33.4,25.8,28.868746,12.8,95.36582,59.365215,20.447239,1003.92914,100.0,1,8,8.099999,0.0,7.599999999999998
2023-08-30,32.6,25.65,28.439583,3.7000003,93.67253,59.361053,23.540806,1005.3833,94.958336,1,8,12.8,8.099999,6.950000000000003
2023-08-31,29.1,26.2,27.241669,8.1,93.124985,74.003334,12.313894,1005.33746,96.75,0,8,3.7000003,12.8,2.900000000000002
2023-09-01,32.6,24.9,28.816671,0.0,93.06036,54.346485,23.132626,1004.1375,72.583336,0,9,8.1,3.7000003,7.700000000000003
2023-09-02,35.45,25.65,30.302084,0.0,90.35064,42.04675,22.314194,1002.5749,82.166664,1,9,0.0,8.1,9.800000000000004
2023-09-03,36.35,25.65,30.243746,9.4,94.78302,38.997696,20.456745,1002.5042,56.333332,1,9,0.0,0.0,10.700000000000003
2023-09-04,33.0,25.5,29.114584,2.5,93.36963,53.974922,20.957443,1004.31665,66.625,1,9,9.4,0.0,7.5
2023-09-05,32.2,25.55,28.23958,3.3,95.064674,63.832436,14.4,1005.9666,97.5,0,9,2.5,9.4,6.650000000000002
2023-09-06,30.9,25.45,28.22708,1.0,96.20215,72.15686,9.422101,1006.9749,90.291664,1,9,3.3,2.5,5.449999999999999
2023-09-07,31.9,26.0,28.610415,5.7000003,95.08079,65.184814,12.096214,1007.0251,98.625,1,9,1.0,3.3,5.899999999999999
2023-09-08,31.35,25.4,27.914583,5.1,97.93827,70.27516,12.620554,1006.52924,88.875,1,9,5.7000003,1.0,5.950000000000003
2023-09-09,32.45,25.25,28.206251,6.1999993,96.77336,65.68777,13.324863,1005.39594,99.833336,1,9,5.1,5.7000003,7.200000000000003
2023-09-10,34.2,25.45,28.441666,10.400001,96.2174,54.596622,16.676977,1005.1958,99.375,0,9,6.1999993,5.1,8.750000000000004
2023-09-11,33.35,26.25,29.499998,0.0,88.386406,55.721214,12.758432,1005.29584,99.958336,0,9,10.400001,6.1999993,7.100000000000001
2023-09-12,34.3,26.1,29.341665,0.8000001,89.94491,51.840385,18.014393,1005.67084,96.333336,1,9,0.0,10.400001,8.199999999999996
2023-09-13,34.0,25.6,28.852087,1.4000001,94.80375,51.97264,12.620554,1005.8042,99.291664,1,9,0.8000001,0.0,8.399999999999999
2023-09-14,30.6,25.15,27.383337,11.4,95.34221,69.56525,12.979984,1006.36255,100.0,1,9,1.4000001,0.8000001,5.450000000000003
2023-09-15,29.8,24.5,26.908335,2.9,95.606834,75.042465,11.013882,1007.5623,98.958336,1,9,11.4,1.4000001,5.300000000000001
2023-09-16,30.2,25.1,27.189583,8.3,97.05965,74.21715,13.830749,1008.33746,99.458336,1,9,2.9,11.4,5.099999999999998
2023-09-17,30.3,25.4,27.558332,2.1,96.78638,73.72632,7.9526596,1008.45013,98.916664,1,9,8.3,2.9,4.900000000000002
2023-09-18,31.15,24.8,27.904167,1.4000001,95.33372,66.41204,13.627795,1009.85834,82.166664,1,9,2.1,8.3,6.349999999999998
2023-09-19,32.0,25.3,28.456251,1.6,93.640526,63.609394,12.768586,1010.27496,45.541668,1,9,1.4000001,2.1,6.699999999999999
2023-09-20,32.6,25.8,29.072914,1.3,95.07186,58.78078,15.629972,1009.2126,39.041668,1,9,1.6,1.4000001,6.800000000000001
2023-09-21,31.7,26.15,28.943748,2.1999998,94.80941,65.85732,12.224107,1009.46674,47.541668,0,9,1.3,1.6,5.550000000000001
2023-09-22,31.9,25.7,28.762503,0.2,93.37915,64.55009,14.529915,1009.20825,42.833332,1,9,2.1999998,1.3,6.199999999999999
2023-09-23,32.4,26.25,28.897919,6.3,90.14605,57.017494,18.057508,1008.39575,82.791664,1,9,0.2,2.1999998,6.149999999999999
2023-09-24,30.2,24.9,27.452085,17.099998,93.34087,69.69945,15.5843,1006.5208,99.958336,1,9,6.3,0.2,5.300000000000001
2023-09-25,26.65,25.25,25.995832,48.099995,94.24957,88.27651,19.881649,1002.5,100.0,1,9,17.099998,6.3,1.3999999999999986
2023-09-26,31.15,24.9,27.870834,11.3,96.48333,71.13539,13.276144,1004.5208,99.125,1,9,48.099995,17.099998,6.25
2023-09-27,31.9,24.9,27.727087,16.9,96.48848,65.184814,20.957443,1007.5542,99.875,1,9,11.3,48.099995,7.0
2023-09-28,29.4,24.95,27.043749,16.6,95.04126,81.00167,8.942214,1010.0459,99.791664,1,9,16.9,11.3,4.449999999999999
2023-09-29,29.9,25.25,27.625,5.0,95.910866,75.28244,18.057508,1011.2083,97.416664,0,9,16.6,16.9,4.649999999999999
2023-09-30,30.3,24.8,27.527082,0.8000001,95.32686,72.66643,20.523155,1009.7083,36.333332,1,9,5.0,16.6,5.5
2023-10-01,30.6,25.5,27.783335,2.2000003,96.209076,70.48621,16.981165,1009.1209,65.583336,1,10,0.8000001,5.0,5.100000000000001
2023-10-02,30.5,25.7,28.18958,3.8000002,95.64197,70.35721,16.434305,1009.6667,82.208336,1,10,2.2000003,0.8000001,4.800000000000001
2023-10-03,29.1,25.4,27.106249,13.900002,94.490326,79.28769,14.77755,1009.88324,85.958336,1,10,3.8000002,2.2000003,3.700000000000003
2023-10-04,29.85,25.15,27.42292,2.2999997,95.621254,77.318016,14.440443,1009.3125,69.208336,0,10,13.900002,3.8000002,4.700000000000003
2023-10-05,31.3,24.9,27.941668,0.6,97.34636,71.11754,11.841756,1008.3291,43.5,1,10,2.2999997,13.900002,6.400000000000002
2023-10-06,31.45,25.25,27.949997,1.8,93.68167,70.139366,11.770403,1008.55414,89.833336,1,10,0.6,2.2999997,6.199999999999999
2023-10-07,31.8,25.4,27.754168,11.599999,95.64036,63.92913,13.358861,1009.7041,97.666664,1,10,1.8,0.6,6.400000000000002
2023-10-08,30.6,24.3,27.597916,11.0,93.59432,71.24934,15.978486,1011.1292,96.375,1,10,11.599999,1.8,6.300000000000001
2023-10-09,27.3,25.15,26.112503,34.1,94.197334,79.06104,18.0,1012.54175,96.916664,1,10,11.0,11.599999,2.150000000000002
2023-10-10,28.35,24.45,25.94792,26.6,96.46389,79.20564,12.371645,1012.80835,85.958336,1,10,34.1,11.0,3.900000000000002
2023-10-11,29.15,24.6,26.18958,16.300001,95.32858,74.906456,24.29133,1013.56665,84.708336,1,10,26.6,34.1,4.549999999999997
2023-10-12,26.2,24.45,25.51667,72.59999,94.73724,86.66707,24.087738,1013.55414,100.0,1,10,16.300001,26.6,1.75
2023-10-13,26.2,25.15,25.55625,85.8,92.79875,86.92357,22.476227,1011.7751,100.0,1,10,72.59999,16.300001,1.0500000000000007
2023-10-14,25.7,24.85,25.360415,133.70001,94.20993,88.94825,22.26477,1010.0916,100.0,1,10,85.8,72.59999,0.8499999999999979
2023-10-15,26.5,24.65,25.212496,71.50001,91.65394,83.1184,30.962091,1009.97095,100.0,1,10,133.70001,85.8,1.8500000000000014
2023-10-16,26.95,24.7,25.625,31.699999,92.22882,83.42032,25.872454,1009.6582,100.0,1,10,71.50001,133.70001,2.25
2023-10-17,26.1,24.2,25.32917,46.1,95.017715,88.74313,26.932714,1008.91254,100.0,1,10,31.699999,71.50001,1.9000000000000021
2023-10-18,27.25,23.85,25.677084,6.7000003,95.58587,81.96417,7.771331,1009.45,99.958336,1,10,46.1,31.699999,3.3999999999999986
2023-10-19,29.45,23.95,26.554169,3.8,96.74717,72.11987,9.793058,1011.6458,85.083336,1,10,6.7000003,46.1,5.5
2023-10-20,30.55,24.15,26.922913,11.200002,93.6451,66.09172,17.651016,1012.9876,72.541664,0,10,3.8,6.7000003,6.400000000000002
2023-10-21,28.05,23.2,25.43125,0.1,91.29653,71.85595,26.250393,1014.8709,48.0,1,10,11.200002,3.8,4.850000000000001
2023-10-22,28.7,24.35,26.056252,10.099999,93.87967,71.97957,23.617756,1014.12933,84.041664,1,10,0.1,11.200002,4.349999999999998
2023-10-23,26.55,23.95,25.32292,32.6,96.16297,83.33551,24.187069,1012.9834,100.0,1,10,10.099999,0.1,2.6000000000000014
2023-10-24,27.45,24.6,25.935415,3.2999995,97.048805,81.183914,16.055353,1012.4167,93.208336,1,10,32.6,10.099999,2.849999999999998
2023-10-25,28.55,24.35,26.204165,7.499999,96.18687,81.55334,15.484185,1012.51666,96.208336,1,10,3.2999995,32.6,4.199999999999999
2023-10-26,28.75,24.0,26.591661,1.4,96.48333,82.13297,10.44,1012.28326,65.75,1,10,7.499999,3.2999995,4.75
2023-10-27,29.25,23.5,26.356249,1.8000001,95.85956,80.75537,12.522619,1011.87085,71.291664,1,10,1.4,7.499999,5.75
2023-10-28,29.45,24.45,26.82292,4.8999996,95.33709,77.133255,16.171976,1011.9792,72.583336,1,10,1.8000001,1.4,5.0
2023-10-29,28.35,24.1,25.975004,17.500002,94.16777,78.47574,15.646544,1012.88763,88.041664,1,10,4.8999996,1.8000001,4.25
2023-10-30,26.2,24.1,25.185417,37.100002,93.585,84.603355,15.596767,1014.2834,99.375,1,10,17.500002,4.8999996,2.099999999999998
2023-10-31,27.35,24.2,25.895834,17.300003,92.75711,74.73678,16.73516,1015.21674,95.291664,1,10,37.100002,17.500002,3.150000000000002
2023-11-01,27.75,24.75,25.606249,25.3,92.788376,74.48664,17.373497,1014.28735,97.333336,1,11,17.300003,37.100002,3.0
2023-11-02,27.4,23.9,25.435417,10.8,96.74834,82.47596,15.990646,1012.53345,96.083336,1,11,25.3,17.300003,3.5
2023-11-03,28.85,23.15,25.918753,5.4,96.72913,75.341606,13.849477,1011.14575,72.916664,1,11,10.8,25.3,5.700000000000003
2023-11-04,29.0,24.7,26.766665,2.2999997,95.31833,75.591675,11.609651,1011.5749,43.291668,1,11,5.4,10.8,4.300000000000001
2023-11-05,29.3,24.35,26.708336,2.5,97.33551,75.187386,16.394829,1012.29584,66.041664,1,11,2.2999997,5.4,4.949999999999999
2023-11-06,28.95,23.95,26.087502,8.3,95.87019,77.40168,14.77755,1013.25836,65.416664,1,11,2.5,2.2999997,5.0
2023-11-07,27.75,24.35,25.406252,17.199999,96.4613,84.083336,13.797913,1012.9375,99.916664,1,11,8.3,2.5,3.3999999999999986
2023-11-08,28.6,24.3,26.127085,3.3,97.334564,75.74056,20.188908,1012.00006,76.875,0,11,17.199999,8.3,4.300000000000001
2023-11-09,29.05,23.8,26.535418,0.6,97.62583,77.431076,14.693999,1012.73737,56.583332,1,11,3.3,17.199999,5.25
2023-11-10,29.15,24.25,26.6625,2.1,96.7793,76.98451,10.446206,1013.8625,52.708332,1,11,0.6,3.3,4.899999999999999
2023-11-11,29.15,24.2,26.454163,2.5000002,97.639854,80.742615,11.384198,1014.69995,37.916668,1,11,2.1,0.6,4.949999999999999
2023-11-12,28.1,24.0,25.793753,24.3,94.4339,80.99029,16.595179,1015.52924,69.291664,1,11,2.5000002,2.1,4.100000000000001
2023-11-13,26.3,23.65,24.929163,51.6,93.852936,82.803856,19.602652,1016.70013,99.083336,1,11,24.3,2.5000002,2.650000000000002
2023-11-14,25.75,24.1,24.956253,46.499996,92.75971,86.35951,21.67786,1016.8416,94.25,1,11,51.6,24.3,1.6499999999999986
2023-11-15,26.45,24.4,25.285418,14.299999,95.0268,84.06155,17.555307,1017.1792,93.791664,1,11,46.499996,51.6,2.0500000000000007
2023-11-16,27.95,23.05,24.964582,45.999996,90.25411,71.85595,29.528778,1019.9041,88.791664,1,11,14.299999,46.499996,4.899999999999999
2023-11-17,23.85,19.85,22.02917,9.500001,93.99448,61.68121,29.035288,1021.13324,98.083336,0,11,45.999996,14.299999,4.0
2023-11-18,24.7,22.15,23.43125,0.0,77.37512,56.22957,20.46941,1019.3166,81.0,1,11,9.500001,45.999996,2.5500000000000007
2023-11-19,24.25,21.35,22.695833,6.4000006,92.87914,65.97948,18.345877,1017.3084,93.041664,1,11,0.0,9.500001,2.8999999999999986
2023-11-20,26.1,22.2,23.956253,2.8999996,92.923164,63.565197,19.296135,1016.45416,95.833336,0,11,6.4000006,0.0,3.900000000000002
2023-11-21,26.75,20.95,23.7875,0.6,93.44547,61.75023,13.684735,1014.25,78.041664,1,11,2.8999996,6.4000006,5.800000000000001
2023-11-22,25.8,22.65,24.012503,5.1999993,95.5566,83.01473,11.592895,1013.35004,98.208336,1,11,0.6,2.8999996,3.150000000000002
2023-11-23,27.6,22.2,24.564583,1.8000002,94.94039,68.57663,15.978484,1014.55835,53.583332,0,11,5.1999993,0.6,5.400000000000002
2023-11-24,26.75,23.2,24.952082,0.2,88.562996,60.04374,14.982228,1016.0667,83.958336,1,11,1.8000002,5.1999993,3.5500000000000007
2023-11-25,25.65,24.15,24.925003,39.1,91.92544,75.111694,21.398056,1015.42926,99.166664,1,11,0.2,1.8000002,1.5
2023-11-26,26.65,23.7,25.304167,5.0999994,88.959984,70.583824,24.651457,1016.42487,80.875,0,11,39.1,0.2,2.9499999999999993
2023-11-27,26.4,21.35,23.97083,0.4,87.56126,59.22766,19.008545,1016.6123,53.083332,1,11,5.0999994,39.1,5.049999999999997
2023-11-28,25.8,22.85,24.237497,1.8000002,94.675354,65.72304,17.782686,1015.4959,89.75,1,11,0.4,5.0999994,2.9499999999999993
2023-11-29,25.95,23.2,24.485415,7.8999996,94.13157,82.017555,16.923828,1014.99994,92.25,1,11,1.8000002,0.4,2.75
2023-11-30,27.0,23.2,24.825003,43.6,95.868706,82.18086,14.408997,1015.62494,94.875,1,11,7.8999996,1.8000002,3.8000000000000007
2023-12-01,25.7,23.6,24.468752,44.000004,94.704506,85.04846,17.10284,1015.6084,97.333336,1,12,43.6,7.8999996,2.099999999999998
2023-12-02,26.75,23.6,24.816664,24.7,93.01503,81.16496,27.086262,1015.87085,94.375,1,12,44.000004,43.6,3.1499999999999986
2023-12-03,26.35,24.05,24.808332,13.299999,92.73878,81.11433,18.39878,1015.65405,97.0,1,12,24.7,44.000004,2.3000000000000007
2023-12-04,26.35,23.6,25.012499,5.4000006,93.84622,82.072205,19.228851,1014.30414,91.541664,0,12,13.299999,24.7,2.75
2023-12-05,26.7,22.25,24.552086,0.5,97.5975,80.42586,12.496719,1013.9792,81.541664,1,12,5.4000006,13.299999,4.449999999999999
2023-12-06,27.25,22.4,24.735418,2.1000001,95.82279,73.28047,16.055355,1015.41675,84.833336,1,12,0.5,5.4000006,4.850000000000001
2023-12-07,24.1,21.1,23.077082,17.700003,94.42374,86.173004,20.674158,1015.7292,96.25,0,12,2.1000001,0.5,3.0
2023-12-08,26.25,19.7,23.152084,0.0,97.241646,73.55973,9.585739,1013.9749,78.416664,0,12,17.700003,2.1000001,6.550000000000001
2023-12-09,27.1,19.85,23.379164,0.1,99.383514,75.44088,15.484185,1011.825,74.75,0,12,0.0,17.700003,7.25
2023-12-10,27.1,21.05,23.845835,0.0,99.38748,74.15382,14.707222,1011.6458,47.458332,0,12,0.1,0.0,6.050000000000001
2023-12-11,27.7,21.15,24.333334,0.1,99.39251,75.37858,14.332341,1013.1208,49.291668,1,12,0.0,0.1,6.550000000000001
2023-12-12,26.85,21.75,24.460413,2.7,97.88159,75.94161,15.03835,1014.62085,59.541668,1,12,0.1,0.0,5.100000000000001
2023-12-13,26.9,21.15,24.358332,1.5000002,98.17974,71.88903,10.464797,1015.93353,48.958332,0,12,2.7,0.1,5.75
2023-12-14,27.8,21.9,25.129166,0.5,97.905975,75.63079,10.829958,1015.08344,85.041664,0,12,1.5000002,2.7,5.900000000000002
2023-12-15,27.6,22.85,25.027084,0.2,98.19803,78.154686,11.367109,1013.8833,81.958336,1,12,0.5,1.5000002,4.75
2023-12-16,27.6,23.2,24.895834,9.1,94.14226,75.59926,19.022177,1016.27094,84.375,1,12,0.2,0.5,4.400000000000002
2023-12-17,25.35,23.1,23.862501,20.900002,91.58165,83.238625,19.296133,1017.3708,97.5,1,12,9.1,0.2,2.25
2023-12-18,26.0,22.2,23.93542,5.299999,96.404686,79.833275,12.768586,1017.12085,79.5,1,12,20.900002,9.1,3.8000000000000007
2023-12-19,25.9,22.9,23.9,5.1,91.828896,81.0571,24.122686,1017.41675,94.916664,1,12,5.299999,20.900002,3.0
2023-12-20,24.5,21.05,22.6,33.899998,91.18918,75.21562,26.980793,1018.81665,90.25,1,12,5.1,5.299999,3.4499999999999993
2023-12-21,21.5,19.8,20.591665,24.7,91.07984,78.48269,29.387999,1021.54175,100.0,1,12,33.899998,5.1,1.6999999999999993
2023-12-22,19.95,18.5,19.175,19.699999,92.739296,81.51765,29.308508,1023.9792,100.0,1,12,24.7,33.899998,1.4499999999999993
2023-12-23,20.75,19.55,20.216665,8.199999,89.097984,79.122375,26.400545,1023.7917,100.0,1,12,19.699999,24.7,1.1999999999999993
2023-12-24,20.9,18.95,19.985418,8.299999,92.46097,77.5635,26.009842,1024.2291,99.833336,1,12,8.199999,19.699999,1.9499999999999993
2023-12-25,21.75,19.05,20.520836,4.4,91.92451,74.41588,16.299694,1021.8625,90.166664,1,12,8.299999,8.199999,2.6999999999999993
2023-12-26,22.75,19.85,21.522917,7.700001,94.62027,77.678024,15.188415,1020.8501,98.75,1,12,4.4,8.299999,2.8999999999999986
2023-12-27,22.65,21.4,21.914581,33.000004,94.058174,85.53563,19.255793,1019.6125,99.333336,1,12,7.700001,4.4,1.25
2023-12-28,24.45,21.35,22.800003,56.0,96.404686,81.119896,23.4,1017.57086,96.041664,1,12,33.000004,7.700001,3.099999999999998
2023-12-29,24.8,23.15,23.772917,10.9000025,93.268105,82.15857,13.797912,1016.1458,94.0,1,12,56.0,33.000004,1.6500000000000021
2023-12-30,25.6,22.35,23.912498,3.7000003,96.70481,82.01144,13.896187,1015.5332,83.458336,1,12,10.9000025,56.0,3.25
2023-12-31,25.45,21.6,23.695831,2.2,92.95653,82.680565,15.9134655,1015.91656,95.583336,1,12,3.7000003,10.9000025,3.849999999999998
2024-01-01,25.3,22.5,23.731249,3.9,94.0864,75.90757,15.807239,1015.57495,91.041664,1,1,2.2,3.7000003,2.8000000000000007
2024-01-02,24.55,21.55,23.17708,2.4,96.38733,84.64882,9.531505,1015.5584,89.416664,1,1,3.9,2.2,3.0
2024-01-03,24.9,20.65,22.83333,7.200001,96.367096,75.15216,15.273505,1016.8542,76.916664,1,1,2.4,3.9,4.25
2024-01-04,25.0,19.3,22.329168,4.2999997,97.24473,70.838425,16.62249,1017.0708,51.083332,1,1,7.200001,2.4,5.699999999999999
2024-01-05,25.2,20.7,22.733332,2.1000001,97.56313,70.00721,12.605142,1017.0915,87.333336,1,1,4.2999997,7.200001,4.5
2024-01-06,24.95,21.05,23.070831,2.8000002,96.07693,71.76237,14.182355,1017.27924,92.125,1,1,2.1000001,4.2999997,3.8999999999999986
2024-01-07,24.55,21.85,23.120832,5.1000004,96.10738,76.28351,12.7279215,1016.92505,81.375,0,1,2.8000002,2.1000001,2.6999999999999993
2024-01-08,24.95,18.75,22.537498,0.4,97.85524,74.88738,9.983106,1015.7041,51.208332,0,1,5.1000004,2.8000002,6.199999999999999
2024-01-09,25.3,20.2,23.224998,0.1,94.335236,75.931145,11.879999,1014.804,69.0,1,1,0.4,5.1000004,5.100000000000001
2024-01-10,25.85,21.3,24.099998,1.7,96.38061,73.90357,16.167967,1015.04175,60.791668,1,1,0.1,0.4,4.550000000000001
2024-01-11,25.6,21.05,23.516665,1.2,96.67158,67.1327,18.25026,1015.8918,81.875,1,1,1.7,0.1,4.550000000000001
2024-01-12,25.65,20.0,22.933334,2.8000002,97.550316,68.62179,14.205182,1015.38745,45.666668,1,1,1.2,1.7,5.649999999999999
2024-01-13,24.8,20.25,22.493752,5.3,96.65161,66.95052,21.188072,1016.6167,67.083336,1,1,2.8000002,1.2,4.550000000000001
2024-01-14,25.3,19.65,22.46875,2.7000003,96.03727,69.38426,15.379206,1017.67487,71.416664,1,1,5.3,2.8000002,5.650000000000002
2024-01-15,24.95,20.35,22.491669,4.6,99.38445,70.21625,16.73516,1017.4792,57.5,1,1,2.7000003,5.3,4.599999999999998
2024-01-16,25.45,19.7,22.474998,5.8999996,95.76516,66.89326,14.685176,1017.1877,56.5,0,1,4.6,2.7000003,5.75
2024-01-17,25.35,20.25,23.091667,0.7,95.46539,68.54379,13.084402,1015.8958,68.208336,1,1,5.8999996,4.6,5.100000000000001
2024-01-18,25.3,19.25,22.404165,2.2,98.456894,74.53191,11.928989,1014.8208,55.0,0,1,0.7,5.8999996,6.050000000000001
2024-01-19,25.3,18.95,22.389585,0.2,96.017975,73.1716,13.896187,1014.2583,42.333332,0,1,2.2,0.7,6.350000000000001
2024-01-20,25.55,17.6,21.785416,0.0,97.50553,68.84648,14.081478,1015.39575,76.833336,0,1,0.2,2.2,7.949999999999999
2024-01-21,25.4,19.2,22.2875,0.0,96.028404,66.59276,13.5515,1016.875,49.791668,1,1,0.0,0.2,6.199999999999999
2024-01-22,25.75,20.75,23.104166,5.2000003,91.41563,68.854744,22.961115,1018.4624,72.125,1,1,0.0,0.0,5.0
2024-01-23,21.2,19.35,20.302084,18.4,90.29787,83.24579,25.460934,1022.2209,100.0,1,1,5.2000003,0.0,1.8499999999999979
2024-01-24,20.7,19.35,20.208332,34.800003,92.54077,86.63806,22.9724,1022.75,100.0,1,1,18.4,5.2000003,1.3499999999999979
2024-01-25,22.15,20.2,20.97292,24.399998,93.41171,84.166824,19.61587,1023.11255,100.0,1,1,34.800003,18.4,1.9499999999999993
2024-01-26,23.9,19.4,21.268751,10.199999,95.15344,70.018684,13.1041975,1022.42084,94.5,0,1,24.399998,34.800003,4.5
2024-01-27,24.0,19.8,21.39167,1.0,95.14625,73.17476,12.261158,1021.19165,97.208336,1,1,10.199999,24.399998,4.199999999999999
2024-01-28,23.35,20.1,21.535416,1.9000001,95.46203,78.46785,12.10157,1020.9832,97.625,0,1,1.0,10.199999,3.25
2024-01-29,23.85,18.4,21.035418,0.1,95.731865,77.60714,12.661564,1019.13745,91.25,0,1,1.9000001,1.0,5.450000000000003
2024-01-30,24.7,18.7,21.77083,0.4,96.9576,77.71818,12.57426,1017.7249,99.333336,0,1,0.1,1.9000001,6.0
2024-01-31,25.85,20.3,23.25625,0.0,96.95532,73.04068,16.862455,1016.16656,51.083332,0,1,0.4,0.1,5.550000000000001
2024-02-01,26.3,20.7,23.40625,0.0,99.38584,76.78769,19.483284,1015.51666,86.75,0,2,0.0,0.4,5.600000000000001
2024-02-02,26.1,20.9,23.55625,0.2,99.692986,80.06342,17.873554,1015.1416,43.291668,0,2,0.0,0.0,5.200000000000003
2024-02-03,26.65,21.35,23.839582,0.0,98.17974,74.98983,19.191748,1014.69586,41.416668,0,2,0.2,0.0,5.299999999999997
2024-02-04,26.75,21.35,24.099998,0.0,99.69516,80.43242,16.055353,1014.5959,47.125,0,2,0.0,0.2,5.399999999999999
2024-02-05,27.4,22.1,24.729164,0.2,99.69572,79.31367,19.386593,1015.2085,44.041668,0,2,0.0,0.0,5.299999999999997
2024-02-06,27.05,23.2,24.818747,0.1,94.68896,78.290886,18.25026,1014.91235,58.458332,0,2,0.2,0.0,3.8500000000000014
2024-02-07,27.35,22.65,24.90833,0.2,98.20338,77.391266,17.76081,1012.7708,73.791664,1,2,0.1,0.2,4.700000000000003
2024-02-08,27.15,21.95,24.195833,2.8,96.44171,80.72757,15.986593,1014.51245,86.75,1,2,0.2,0.1,5.199999999999999
2024-02-09,24.95,20.15,22.25625,2.1000001,85.579445,74.482414,31.487139,1020.0083,96.541664,1,2,2.8,0.2,4.800000000000001
2024-02-10,22.15,19.35,20.627085,2.7000003,87.13434,77.32981,27.219902,1023.42487,100.0,1,2,2.1000001,2.8,2.799999999999997
2024-02-11,22.35,19.5,21.487501,2.5000002,85.48241,76.882935,18.792551,1023.1418,95.541664,1,2,2.7000003,2.1000001,2.8500000000000014
2024-02-12,24.1,19.15,21.5,1.3000001,97.53461,65.75034,13.493999,1021.2625,76.916664,0,2,2.5000002,2.7000003,4.950000000000003
2024-02-13,24.45,20.35,22.614586,0.5,95.169586,69.24996,13.084402,1018.69165,57.875,1,2,1.3000001,2.5000002,4.099999999999998
2024-02-14,24.95,21.05,23.254166,1.6000001,94.63019,78.97423,17.462784,1016.6956,80.583336,1,2,0.5,1.3000001,3.8999999999999986
2024-02-15,25.0,19.45,22.845833,1.8000001,99.07124,78.96726,13.039754,1017.95844,87.208336,1,2,1.6000001,0.5,5.550000000000001
2024-02-16,25.1,18.85,22.458334,1.5000001,98.14165,74.968834,11.298495,1017.13324,46.541668,0,2,1.8000001,1.6000001,6.25
2024-02-17,25.3,20.15,22.735418,0.0,96.357605,75.16023,17.076298,1013.875,28.5,0,2,1.5000001,1.8000001,5.150000000000002
2024-02-18,26.7,20.95,23.697916,0.0,99.388374,77.68587,15.937878,1012.74585,73.291664,0,2,0.0,1.5000001,5.75
2024-02-19,27.55,21.6,24.614584,0.0,99.6971,79.813286,17.10284,1012.0874,87.125,0,2,0.0,0.0,5.949999999999999
2024-02-20,28.4,22.8,25.339579,0.2,99.09612,77.058754,17.418196,1011.3791,67.458336,0,2,0.0,0.0,5.599999999999998
2024-02-21,28.6,23.1,25.33542,0.0,99.698364,78.06339,20.12461,1011.5249,61.875,0,2,0.2,0.0,5.5
2024-02-22,28.65,23.4,25.464582,0.2,97.61176,76.76672,19.386593,1013.0832,50.75,1,2,0.0,0.2,5.25
2024-02-23,26.75,23.3,24.885414,1.8,94.429886,81.15233,22.89611,1015.4749,45.208332,1,2,0.2,0.0,3.4499999999999993
2024-02-24,26.55,20.7,23.758333,3.1000004,100.0,66.70088,16.923828,1016.9041,44.5,1,2,1.8,0.2,5.850000000000001
2024-02-25,26.55,21.6,23.643751,1.4000001,94.63612,70.94921,15.778516,1017.2249,51.166668,1,2,3.1000004,1.8,4.949999999999999
2024-02-26,26.25,22.45,24.18125,2.2,92.959114,71.11318,14.336861,1016.7207,72.833336,1,2,1.4000001,3.1000004,3.8000000000000007
2024-02-27,25.4,20.9,23.37292,3.3999994,97.26634,79.27249,18.440998,1016.28754,84.458336,1,2,2.2,1.4000001,4.5
2024-02-28,26.8,19.9,23.372917,1.3000001,98.46154,67.790955,14.182355,1014.2834,32.416668,1,2,3.3999994,2.2,6.900000000000002
2024-02-29,26.6,21.15,24.189583,1.2,96.37654,74.52503,14.05845,1014.85834,62.5,1,2,1.3000001,3.3999994,5.450000000000003
2024-03-01,25.55,21.2,22.914583,2.9,93.828255,78.78854,21.868332,1016.90845,85.208336,1,3,1.2,1.3000001,4.350000000000001
2024-03-02,22.3,20.8,21.414583,7.2999997,94.31437,79.30516,22.768396,1017.3791,99.916664,0,3,2.9,1.2,1.5
2024-03-03,25.5,20.7,22.800003,0.1,98.17292,75.7294,11.966954,1013.15826,57.5,0,3,7.2999997,2.9,4.800000000000001
2024-03-04,28.1,21.15,24.762497,0.0,99.393234,76.112595,19.681828,1009.3791,32.541668,0,3,0.1,7.2999997,6.950000000000003
2024-03-05,32.0,22.8,26.237501,0.0,98.794174,66.53227,16.171976,1007.04987,23.416666,0,3,0.0,0.1,9.2
2024-03-06,33.65,23.25,27.199997,0.0,97.9145,59.033504,19.809813,1008.0125,56.208332,0,3,0.0,0.0,10.399999999999999
2024-03-07,27.2,22.3,24.795832,0.2,96.99816,75.53609,20.06334,1012.429,50.541668,1,3,0.0,0.0,4.899999999999999
2024-03-08,26.6,22.55,24.60208,4.5999994,97.599266,76.134224,16.071491,1014.1416,61.5,1,3,0.2,0.0,4.050000000000001
2024-03-09,27.3,23.3,24.885416,3.7,96.72913,72.39186,13.441071,1014.1582,93.25,1,3,4.5999994,0.2,4.0
2024-03-10,27.4,22.8,24.835413,2.3999999,96.715744,75.33881,14.917212,1016.05414,77.291664,0,3,3.7,4.5999994,4.599999999999998
2024-03-11,27.45,20.85,23.762499,0.2,92.715126,70.220764,26.089447,1016.5752,47.375,0,3,2.3999999,3.7,6.599999999999998
2024-03-12,26.7,21.6,23.685417,0.0,95.50387,68.37266,19.559633,1015.6167,43.916668,0,3,0.2,2.3999999,5.099999999999998
2024-03-13,27.25,22.7,25.227083,0.3,92.74664,74.8424,20.608229,1013.55,61.333332,0,3,0.0,0.2,4.550000000000001
2024-03-14,28.0,24.3,25.652079,0.0,91.641945,72.7257,21.194187,1012.59155,49.75,0,3,0.3,0.0,3.6999999999999993
2024-03-15,27.7,23.05,25.11875,1.0,95.8428,73.554794,22.065973,1013.2375,57.666668,0,3,0.0,0.3,4.649999999999999
2024-03-16,28.75,22.6,25.402082,0.0,99.3948,69.58238,21.518847,1013.77094,45.291668,0,3,1.0,0.0,6.149999999999999
2024-03-17,28.4,22.75,25.4,0.0,98.79368,71.06839,21.194187,1013.0833,43.916668,0,3,0.0,1.0,5.649999999999999
2024-03-18,28.6,24.15,25.922918,0.0,94.446106,71.97073,20.393293,1012.7417,52.166668,1,3,0.0,0.0,4.450000000000003
2024-03-19,28.65,23.45,25.570831,3.7,89.693,69.831635,19.35314,1016.18335,60.5,1,3,0.0,0.0,5.199999999999999
2024-03-20,25.35,22.75,24.029167,7.200001,90.71738,79.50175,24.184391,1017.89996,84.708336,1,3,3.7,0.0,2.6000000000000014
2024-03-21,26.2,21.25,24.225,2.3999999,96.974594,72.65297,15.484185,1013.4001,35.833332,0,3,7.200001,3.7,4.949999999999999
2024-03-22,28.2,22.8,25.425003,0.0,94.41357,72.10105,22.057161,1009.60406,23.625,0,3,2.3999999,7.200001,5.399999999999999
2024-03-23,29.4,23.45,26.09375,0.0,96.145966,72.76422,22.17144,1009.73755,9.166667,0,3,0.0,2.3999999,5.949999999999999
2024-03-24,29.55,24.1,26.45208,0.0,98.51031,73.20246,20.771093,1011.64996,49.75,0,3,0.0,0.0,5.449999999999999
2024-03-25,29.25,24.6,26.418749,0.0,95.60199,72.70407,20.858265,1012.33746,59.333332,0,3,0.0,0.0,4.649999999999999
2024-03-26,29.15,24.1,26.339582,0.8000001,95.30292,70.13649,20.268991,1015.01263,39.708332,0,3,0.0,0.0,5.049999999999997
2024-03-27,29.3,23.55,26.260414,0.2,97.90987,68.48726,21.479666,1014.01245,27.208334,0,3,0.8000001,0.0,5.75
2024-03-28,30.3,24.45,26.922918,0.5,97.92375,68.47298,18.35647,1011.5293,98.125,0,3,0.2,0.8000001,5.850000000000001
2024-03-29,29.5,25.15,26.862503,0.70000005,98.230545,71.66091,12.864649,1012.70416,95.708336,0,3,0.5,0.2,4.350000000000001
2024-03-30,31.15,24.85,27.333334,0.0,98.81243,69.58393,19.803272,1011.7585,89.625,0,3,0.70000005,0.5,6.299999999999997
2024-03-31,32.65,25.0,28.329165,0.0,97.35415,67.098564,17.076298,1009.20844,16.416666,0,3,0.0,0.70000005,7.649999999999999
2024-04-01,34.35,25.05,28.433334,0.0,98.22595,57.145386,18.58451,1007.25,13.875,0,4,0.0,0.0,9.3
2024-04-02,34.0,25.25,28.702082,0.0,95.62604,60.57422,19.469975,1006.3833,20.916666,0,4,0.0,0.0,8.75
2024-04-03,33.05,25.75,28.862497,0.0,93.941444,66.57223,19.694992,1007.0125,29.166666,0,4,0.0,0.0,7.299999999999997
2024-04-04,32.1,25.5,28.360418,0.0,95.34557,67.19968,18.204042,1007.16675,22.125,0,4,0.0,0.0,6.600000000000001
2024-04-05,31.1,25.25,27.810417,0.0,88.548996,69.24384,24.514387,1007.8667,33.208332,0,4,0.0,0.0,5.850000000000001
2024-04-06,30.85,24.95,27.449997,0.1,93.624374,63.60948,24.387178,1008.0583,26.166666,0,4,0.0,0.0,5.900000000000002
2024-04-07,31.1,25.2,27.714579,0.0,96.48333,67.20332,21.461555,1007.8333,60.958332,0,4,0.1,0.0,5.900000000000002
2024-04-08,31.45,25.7,27.952085,0.0,90.07962,68.00347,20.268991,1010.3167,54.625,1,4,0.0,0.1,5.75
2024-04-09,30.15,25.15,27.535416,1.3000002,97.93447,67.21767,16.62249,1013.0251,73.083336,0,4,0.0,0.0,5.0
2024-04-10,30.9,24.3,27.252083,0.1,96.46389,57.628624,15.4800005,1013.34174,42.791668,0,4,1.3000002,0.0,6.599999999999998
2024-04-11,31.55,24.4,27.372915,0.4,97.04445,59.43435,19.917469,1012.8083,43.25,0,4,0.1,1.3000002,7.150000000000002
2024-04-12,31.2,24.8,27.635416,0.0,97.05314,61.745136,21.542923,1011.05835,52.708332,0,4,0.4,0.1,6.399999999999999
2024-04-13,30.9,24.2,27.422918,0.1,99.70061,65.47578,21.129885,1009.5876,34.041668,0,4,0.0,0.4,6.699999999999999
2024-04-14,32.55,24.5,28.012503,0.0,97.9245,57.22598,21.42227,1009.62915,37.25,0,4,0.1,0.0,8.049999999999997
2024-04-15,32.55,24.8,28.114584,0.0,98.51804,59.52865,24.149532,1010.1291,54.833332,0,4,0.0,0.1,7.7499999999999964
2024-04-16,31.65,25.3,27.75,0.0,95.34046,59.32295,21.288757,1008.60425,22.416666,0,4,0.0,0.0,6.349999999999998
2024-04-17,32.85,25.15,28.525002,0.0,96.1966,59.39527,21.897945,1007.32086,32.333332,0,4,0.0,0.0,7.700000000000003
2024-04-18,32.3,25.65,28.539583,0.0,97.65114,63.345795,19.164717,1006.1833,18.625,0,4,0.0,0.0,6.649999999999999
2024-04-19,32.25,26.0,28.866667,0.0,92.56054,64.99011,22.768398,1004.875,33.291668,0,4,0.0,0.0,6.25
2024-04-20,34.5,26.05,29.377083,0.0,95.36754,57.18057,21.794127,1004.8167,64.5,0,4,0.0,0.0,8.45
2024-04-21,35.7,26.05,29.877083,0.1,90.917435,46.160576,20.431387,1005.67084,63.375,0,4,0.0,0.0,9.650000000000002
2024-04-22,33.35,26.1,29.327085,0.0,92.84259,61.67218,20.948164,1005.52496,52.208332,0,4,0.1,0.0,7.25
2024-04-23,35.65,26.45,29.883331,0.0,93.41479,56.10272,19.586117,1005.4541,50.0,0,4,0.0,0.1,9.2
2024-04-24,32.3,26.25,28.925001,0.0,96.22429,67.61035,15.629971,1006.5002,54.041668,0,4,0.0,0.0,6.049999999999997
2024-04-25,36.1,27.1,30.23958,0.0,92.355675,52.027603,19.483284,1004.71655,19.083334,0,4,0.0,0.0,9.0
2024-04-26,38.35,28.8,32.020836,0.0,82.7333,38.389015,21.868332,1003.6834,17.916666,0,4,0.0,0.0,9.55
2024-04-27,39.05,27.05,31.897919,0.0,92.891136,34.659325,19.134262,1003.87085,8.541667,0,4,0.0,0.0,11.999999999999996
2024-04-28,36.75,27.7,31.204165,0.0,92.92659,51.418114,19.64558,1005.4751,5.8333335,0,4,0.0,0.0,9.05
2024-04-29,40.1,27.7,31.84167,0.0,91.833534,33.57759,20.211363,1004.71246,22.833334,0,4,0.0,0.0,12.400000000000002
2024-04-30,39.35,27.6,32.08333,0.0,91.286285,35.712746,23.4,1002.5667,47.291668,0,4,0.0,0.0,11.75
2024-05-01,39.65,27.0,31.818747,0.0,93.44076,33.28672,20.150354,1004.18744,54.625,0,5,0.0,0.0,12.649999999999999
2024-05-02,33.5,26.9,29.38542,0.0,92.06006,63.036533,26.420174,1007.33746,66.25,0,5,0.0,0.0,6.600000000000001
2024-05-03,32.0,26.55,28.779167,0.0,92.04021,64.959114,20.724247,1007.69165,83.416664,0,5,0.0,0.0,5.449999999999999
2024-05-04,32.25,26.5,28.937498,0.0,95.09678,57.805595,24.023088,1006.08746,86.25,0,5,0.0,0.0,5.75
2024-05-05,33.3,26.4,29.587502,0.0,97.37546,60.780144,19.296133,1007.56665,75.0,0,5,0.0,0.0,6.899999999999999
2024-05-06,31.95,26.55,28.979164,0.3,89.60227,66.92081,21.758419,1010.3125,68.041664,0,5,0.0,0.0,5.399999999999999
2024-05-07,31.35,24.75,28.489586,0.0,97.34337,65.07144,20.633371,1011.825,86.333336,0,5,0.3,0.0,6.600000000000001
2024-05-08,31.55,24.75,28.329168,0.5,98.22198,59.66081,16.575644,1010.89594,59.375,1,5,0.0,0.3,6.800000000000001
2024-05-09,31.85,25.6,28.71667,1.1,96.781624,60.455723,16.394829,1011.00433,70.875,0,5,0.5,0.0,6.25
2024-05-10,32.25,26.2,29.137499,0.5,95.65304,61.09468,15.941944,1010.7292,52.625,0,5,1.1,0.5,6.050000000000001
2024-05-11,32.8,27.2,29.789583,0.6,94.00442,58.167767,20.12461,1010.6501,83.375,1,5,0.5,1.1,5.599999999999998
2024-05-12,33.15,27.65,29.881254,1.8,91.31402,61.111084,20.268991,1009.3667,98.208336,1,5,0.6,0.5,5.5
2024-05-13,32.7,25.1,28.647919,13.2,97.06073,62.303913,14.24163,1010.0291,98.583336,1,5,1.8,0.6,7.600000000000001
2024-05-14,30.4,26.55,28.241663,2.5,93.704346,73.33738,9.114471,1010.375,96.5,1,5,13.2,1.8,3.849999999999998
2024-05-15,31.8,25.55,28.529167,5.9999995,93.66112,66.52227,13.397612,1011.37494,77.458336,1,5,2.5,13.2,6.25
2024-05-16,31.2,25.3,27.954168,6.6,94.486336,71.7814,16.78156,1010.5166,59.916668,0,5,5.9999995,2.5,5.899999999999999
2024-05-17,30.9,26.25,28.57083,0.90000004,93.683914,69.206276,12.55879,1008.67926,91.833336,0,5,6.6,5.9999995,4.649999999999999
2024-05-18,31.85,26.55,29.189589,0.2,92.04021,64.59179,14.345898,1005.47906,96.333336,0,5,0.90000004,6.6,5.300000000000001
2024-05-19,35.9,26.9,30.714584,1.0,92.88351,47.622074,15.580141,1003.59576,96.25,0,5,0.2,0.90000004,9.0
2024-05-20,34.35,26.3,29.404167,0.1,93.96548,54.130154,23.110207,1005.7417,99.958336,1,5,1.0,0.2,8.05
2024-05-21,30.3,24.95,27.029165,24.2,95.90035,76.46457,12.599999,1007.8042,99.5,1,5,0.1,1.0,5.350000000000001
2024-05-22,30.35,25.2,27.770836,3.6999998,95.33537,71.1868,11.592895,1007.8958,97.125,1,5,24.2,0.1,5.150000000000002
2024-05-23,30.15,25.15,27.402086,2.7999997,97.06504,74.39787,12.864649,1007.9333,98.458336,0,5,3.6999998,24.2,5.0
2024-05-24,31.15,25.8,28.422918,1.0,96.50257,71.986176,11.165805,1008.37085,73.583336,0,5,2.7999997,3.6999998,5.349999999999998
2024-05-25,32.45,26.8,29.456253,0.0,95.67667,67.268394,18.1041,1008.0459,86.833336,0,5,1.0,2.7999997,5.650000000000002
2024-05-26,33.75,26.75,29.941664,0.0,97.10136,62.87098,13.849476,1006.3916,81.875,0,5,0.0,1.0,7.0
2024-05-27,37.3,28.2,31.945831,0.0,87.17893,43.587475,14.512064,1003.68744,70.0,0,5,0.0,0.0,9.099999999999998
2024-05-28,36.05,27.95,31.737501,0.4,85.80181,51.8599,16.171976,1003.14154,99.75,0,5,0.0,0.0,8.099999999999998
2024-05-29,37.2,28.6,31.904167,0.70000005,88.06798,48.548862,11.159999,1002.2624,100.0,0,5,0.4,0.0,8.600000000000001
2024-05-30,35.05,27.85,31.077082,0.2,86.56087,52.06567,15.03835,1002.71246,100.0,1,5,0.70000005,0.4,7.199999999999996
2024-05-31,31.75,26.65,28.987501,3.0,94.82069,63.41859,11.753876,1006.4207,100.0,1,5,0.2,0.70000005,5.100000000000001
2024-06-01,32.85,26.05,28.639578,8.4,97.3687,66.7512,15.484185,1008.90015,99.583336,0,6,3.0,0.2,6.800000000000001
2024-06-02,33.7,26.5,29.716665,0.0,97.09713,58.85698,12.313894,1007.67914,80.75,1,6,8.4,3.0,7.200000000000003
2024-06-03,36.3,27.1,30.654167,4.2,90.536194,49.715637,18.709612,1005.8918,98.833336,1,6,0.0,8.4,9.199999999999996
2024-06-04,36.95,27.25,31.339582,4.3999996,93.4689,46.069107,18.25026,1005.6457,95.291664,1,6,4.2,0.0,9.700000000000003
2024-06-05,37.65,26.65,30.608332,7.4999995,94.27234,43.812374,14.689588,1007.375,99.916664,1,6,4.3999996,4.2,11.0
2024-06-06,34.9,27.6,31.025,1.9,93.19357,52.09782,16.418526,1007.63336,99.958336,1,6,7.4999995,4.3999996,7.299999999999997
2024-06-07,36.25,26.5,29.433334,14.2,93.706604,45.746777,14.255272,1005.7542,97.791664,1,6,1.9,7.4999995,9.75
2024-06-08,34.85,27.0,29.710413,10.3,93.7179,53.13595,18.359999,1004.3708,99.291664,1,6,14.2,1.9,7.850000000000001
2024-06-09,35.6,25.7,29.345833,20.100002,95.6372,51.747578,12.224107,1005.46674,97.416664,1,6,10.3,14.2,9.900000000000002
2024-06-10,34.6,27.05,29.599998,3.6999998,91.53869,53.716908,11.525623,1006.72504,98.083336,0,6,20.100002,10.3,7.550000000000001
2024-06-11,35.75,27.25,30.69375,0.6,93.740395,48.6145,18.36353,1006.85004,89.666664,0,6,3.6999998,20.100002,8.5
2024-06-12,37.05,27.1,31.27083,0.0,90.56272,44.186016,17.377226,1006.7415,90.833336,0,6,0.6,3.6999998,9.949999999999996
2024-06-13,38.05,27.45,32.08125,0.0,90.02924,41.719543,20.957443,1004.3001,74.833336,0,6,0.0,0.6,10.599999999999998
2024-06-14,37.4,28.25,32.260414,0.0,85.64555,41.98777,20.730501,1003.10834,72.5,0,6,0.0,0.0,9.149999999999999
2024-06-15,37.6,28.15,32.2375,0.0,92.13032,43.141804,21.261345,1003.5874,89.458336,0,6,0.0,0.0,9.450000000000003
2024-06-16,36.75,27.65,31.741667,0.3,95.69853,45.16309,18.581022,1004.82495,99.833336,0,6,0.0,0.0,9.100000000000001
2024-06-17,37.55,28.3,32.237495,0.0,88.9846,39.335697,21.707731,1004.51245,95.083336,1,6,0.3,0.0,9.249999999999996
2024-06-18,37.0,28.0,32.025005,3.0999997,89.44285,40.809887,16.055355,1004.01666,92.541664,1,6,0.0,0.3,9.0
2024-06-19,38.0,26.85,31.383333,10.8,93.99796,38.73955,13.551501,1003.5166,78.416664,0,6,3.0999997,0.0,11.149999999999999
2024-06-20,36.35,27.85,31.816664,0.0,86.62554,43.866653,17.595861,1003.32916,98.291664,0,6,10.8,3.0999997,8.5
2024-06-21,34.8,27.6,31.083338,0.6,89.67873,52.450714,16.24394,1003.1418,53.083332,1,6,0.0,10.8,7.199999999999996
2024-06-22,35.2,26.4,29.829165,7.0000005,92.03171,48.179432,16.418526,1002.8916,86.833336,1,6,0.6,0.0,8.800000000000004
2024-06-23,31.15,26.4,28.199999,25.800001,93.96982,67.21323,14.007655,1003.7791,100.0,0,6,7.0000005,0.6,4.75
2024-06-24,33.95,26.7,29.591665,0.8,92.36928,52.117897,16.323528,1004.26263,99.916664,1,6,25.800001,7.0000005,7.2500000000000036
2024-06-25,34.6,26.35,29.893747,6.599999,94.24749,48.612682,13.1041975,1005.7166,96.166664,1,6,0.8,25.800001,8.25
2024-06-26,31.4,26.5,28.827082,1.6000001,95.662506,69.63979,18.11841,1007.95416,94.208336,1,6,6.599999,0.8,4.899999999999999
2024-06-27,31.9,25.9,28.61875,5.8999996,95.64987,64.75438,19.881649,1008.5832,72.583336,0,6,1.6000001,6.599999,6.0
2024-06-28,33.15,26.8,29.552084,0.5,94.27027,62.21567,18.193361,1007.1958,37.5,0,6,5.8999996,1.6000001,6.349999999999998
2024-06-29,35.6,27.15,30.81875,0.2,94.01086,49.58811,17.727943,1006.8709,62.916668,0,6,0.5,5.8999996,8.450000000000003
2024-06-30,37.75,27.4,31.847918,0.0,81.00299,40.145657,20.570463,1006.27075,96.916664,0,6,0.2,0.5,10.350000000000001
2024-07-01,37.9,27.25,32.199997,0.1,88.97694,37.338966,19.61587,1004.69574,57.5,0,7,0.0,0.2,10.649999999999999
2024-07-02,36.05,27.85,31.308329,0.0,91.032486,44.7184,18.671474,1005.18335,98.458336,0,7,0.1,0.0,8.199999999999996
2024-07-03,33.3,26.35,29.547915,0.2,90.43563,58.611797,24.066206,1008.5583,96.333336,1,7,0.0,0.1,6.949999999999996
2024-07-04,33.1,26.0,28.874998,1.6000001,92.56054,55.829712,16.418526,1008.56256,35.708332,0,7,0.2,0.0,7.100000000000001
2024-07-05,33.3,25.7,29.18542,1.0,94.78488,55.039684,15.778518,1006.41675,57.083332,1,7,1.6000001,0.2,7.599999999999998
2024-07-06,33.8,26.6,29.810415,1.2,92.31738,51.60799,18.218275,1006.49164,24.916666,1,7,1.0,1.6000001,7.199999999999996
2024-07-07,33.45,25.3,28.920832,3.0,95.910866,55.913635,23.143827,1006.946,25.916666,1,7,1.2,1.0,8.150000000000002
2024-07-08,33.2,25.9,28.943754,2.6999998,93.11015,54.517776,17.902534,1006.6458,68.041664,0,7,3.0,1.2,7.300000000000004
2024-07-09,33.75,26.3,29.764585,0.4,90.391594,53.085667,14.241629,1006.99567,95.333336,0,7,2.6999998,3.0,7.449999999999999
2024-07-10,35.55,26.6,30.731249,0.1,88.864815,43.921986,18.089775,1006.7,67.833336,1,7,0.4,2.6999998,8.949999999999996
2024-07-11,35.8,26.25,29.81042,6.1,93.96982,44.247395,15.617529,1004.9167,66.0,1,7,0.1,0.4,9.549999999999997
2024-07-12,34.35,26.95,30.5375,1.1,92.61093,51.17735,13.004922,1002.6958,64.125,1,7,6.1,0.1,7.400000000000002
2024-07-13,33.25,26.15,29.40417,4.6,94.23916,59.452255,14.24163,1002.81665,64.375,1,7,1.1,6.1,7.100000000000001
2024-07-14,27.9,25.55,26.564583,43.299995,92.81427,83.5101,18.193361,1003.1667,100.0,1,7,4.6,1.1,2.349999999999998
2024-07-15,30.9,26.1,28.081251,4.9,93.13236,74.77295,18.289274,1002.23346,86.166664,1,7,43.299995,4.6,4.799999999999997
2024-07-16,30.35,25.5,27.895836,5.6999993,95.06646,73.800964,14.154915,1003.64996,91.25,1,7,4.9,43.299995,4.850000000000001
2024-07-17,29.8,25.55,27.435411,5.2999997,94.78111,76.85229,9.504273,1004.0042,99.083336,1,7,5.6999993,4.9,4.25
2024-07-18,30.65,25.7,27.4125,11.700001,96.49619,74.73286,11.440979,1004.53754,98.875,1,7,5.2999997,5.6999993,4.949999999999999
2024-07-19,31.1,25.25,28.0625,2.0,97.0758,72.1221,11.183201,1004.49994,91.791664,1,7,11.700001,5.2999997,5.850000000000001
2024-07-20,31.4,26.1,28.408333,4.7,93.39822,72.23488,11.885453,1004.66656,92.541664,1,7,2.0,11.700001,5.299999999999997
2024-07-21,30.85,26.35,28.535414,2.1999998,97.086494,74.98668,12.287555,1003.39996,99.916664,1,7,4.7,2.0,4.5
2024-07-22,30.85,26.15,28.445837,14.300001,94.549805,75.12199,9.3876505,1002.9666,95.791664,0,7,2.1999998,4.7,4.700000000000003
2024-07-23,34.0,27.3,30.343752,0.2,79.2262,56.382694,14.689589,1000.7292,96.125,0,7,14.300001,2.1999998,6.699999999999999
2024-07-24,34.95,28.2,30.762503,0.1,82.28769,50.353725,20.421871,998.62494,92.083336,0,7,0.2,14.300001,6.7500000000000036
2024-07-25,34.9,27.65,30.860418,0.0,84.16693,51.4169,19.878391,997.92505,87.791664,0,7,0.1,0.2,7.25
2024-07-26,35.45,27.55,31.162497,0.5,80.05374,48.97975,17.57744,999.94165,96.0,0,7,0.0,0.1,7.900000000000002
2024-07-27,36.55,27.05,31.152079,0.3,90.71165,47.088585,16.199999,1002.71246,100.0,0,7,0.5,0.0,9.499999999999996
2024-07-28,32.5,26.8,29.331251,0.6,96.528015,58.981487,22.007162,1003.3416,100.0,0,7,0.3,0.5,5.699999999999999
2024-07-29,32.9,26.95,29.393751,0.4,87.60826,57.57336,13.556282,1004.1667,100.0,0,7,0.6,0.3,5.949999999999999
2024-07-30,31.4,25.35,28.664581,0.3,89.64242,61.833275,15.328561,1005.60425,100.0,1,7,0.4,0.6,6.049999999999997
2024-07-31,35.0,25.8,29.685411,1.7,93.96548,50.67171,15.990646,1007.21674,100.0,0,7,0.3,0.4,9.2
2024-08-01,35.45,26.7,30.443754,0.0,90.49614,48.072258,15.782622,1007.51245,71.125,0,8,1.7,0.3,8.750000000000004
2024-08-02,34.65,26.75,30.60417,0.1,96.23803,50.736374,13.708391,1007.26654,31.791666,0,8,0.0,1.7,7.899999999999999
2024-08-03,34.5,26.3,30.179169,0.0,96.80046,50.814205,16.610792,1008.11664,39.75,0,8,0.1,0.0,8.2
2024-08-04,33.85,26.05,29.793749,0.2,92.840034,54.34722,16.92383,1007.9917,4.75,0,8,0.0,0.1,7.800000000000001
2024-08-05,34.9,26.95,30.572914,0.3,91.51763,47.95557,18.289274,1006.6501,68.75,0,8,0.2,0.0,7.949999999999999
2024-08-06,35.05,26.95,30.78958,0.0,89.364815,47.545544,17.388409,1006.52924,41.25,0,8,0.3,0.2,8.099999999999998
2024-08-07,35.5,27.7,31.172918,0.2,90.75418,44.85931,15.84409,1007.00836,21.5,0,8,0.0,0.3,7.800000000000001
2024-08-08,36.0,27.7,31.543755,0.0,85.2677,45.253094,14.904173,1006.9292,13.583333,0,8,0.2,0.0,8.3
2024-08-09,37.65,28.25,32.149998,0.70000005,84.331024,38.31765,17.727943,1005.26245,52.0,1,8,0.0,0.2,9.399999999999999
2024-08-10,39.45,28.3,32.943745,1.7,81.76163,37.186665,18.837324,1003.29596,77.541664,1,8,0.70000005,0.0,11.150000000000002
2024-08-11,38.2,27.35,31.808334,1.5,93.18141,41.314995,23.469128,1002.6125,96.166664,1,8,1.7,0.70000005,10.850000000000001
2024-08-12,36.35,27.1,30.812494,4.2,92.89368,46.199932,12.661564,1003.83325,88.333336,1,8,1.5,1.7,9.25
2024-08-13,35.95,27.55,31.183332,1.1,89.44655,47.165417,11.183201,1005.7126,86.333336,0,8,4.2,1.5,8.400000000000002
2024-08-14,35.85,27.35,31.177084,0.3,91.00074,45.82794,13.324863,1005.77496,67.5,0,8,1.1,4.2,8.5
2024-08-15,35.95,27.5,31.218744,0.1,90.211815,48.6145,13.246826,1004.8542,73.875,0,8,0.3,1.1,8.450000000000003
2024-08-16,36.95,26.7,30.849997,0.8,93.704346,42.811684,13.53236,1005.23755,94.083336,1,8,0.1,0.3,10.250000000000004
2024-08-17,36.2,27.35,31.068747,1.3000001,93.73367,44.771294,12.387348,1006.9582,95.041664,1,8,0.8,0.1,8.850000000000001
2024-08-18,36.45,27.05,31.11875,1.6,93.18141,44.14791,17.309973,1006.5083,90.416664,1,8,1.3000001,0.8,9.400000000000002
2024-08-19,37.55,26.85,31.12708,2.4,93.15695,42.22269,16.78156,1005.9084,93.708336,1,8,1.6,1.3000001,10.699999999999996
2024-08-20,37.2,26.65,31.043753,1.8,87.229904,41.86001,15.188415,1007.22925,97.208336,0,8,2.4,1.6,10.550000000000004
2024-08-21,36.8,26.35,30.835411,0.3,89.05284,41.766285,21.578989,1008.07513,66.541664,0,8,1.8,2.4,10.449999999999996
2024-08-22,35.5,27.1,30.618744,0.0,94.557625,47.74247,19.05281,1008.79584,74.583336,0,8,0.3,1.8,8.399999999999999
2024-08-23,35.05,26.5,30.625002,0.3,91.21808,48.87689,12.371645,1009.3708,99.791664,0,8,0.0,0.3,8.549999999999997
2024-08-24,34.9,25.85,30.064583,0.2,90.910965,49.584633,16.1198,1008.37506,86.041664,0,8,0.3,0.0,9.049999999999997
2024-08-25,34.35,26.4,30.210413,0.6,95.37595,53.17254,17.49615,1007.2917,75.125,0,8,0.2,0.3,7.950000000000003
2024-08-26,35.65,25.4,29.804169,0.1,92.25111,44.489525,19.107151,1006.88745,45.25,1,8,0.6,0.2,10.25
2024-08-27,34.75,25.9,29.370834,5.9999995,91.72825,49.54622,18.998316,1006.7126,32.958332,1,8,0.1,0.6,8.850000000000001
2024-08-28,36.1,25.55,30.091667,2.2,89.888176,42.74198,17.884428,1005.45844,64.541664,1,8,5.9999995,0.1,10.55
2024-08-29,35.55,26.2,30.477083,3.1999998,91.47226,42.96233,14.291592,1005.29584,39.25,0,8,2.2,5.9999995,9.349999999999998
2024-08-30,34.95,26.2,29.854164,0.5,88.24366,47.968536,16.904673,1006.075,84.708336,1,8,3.1999998,2.2,8.750000000000004
2024-08-31,33.8,25.75,29.541666,1.6,95.07186,50.9333,18.671474,1006.31256,66.333336,1,8,0.5,3.1999998,8.049999999999997
2024-09-01,33.35,26.05,29.258331,2.3999999,95.36418,57.77239,15.30741,1006.48334,54.916668,1,9,1.6,0.5,7.300000000000001
2024-09-02,33.3,25.05,28.53125,8.500001,93.07535,58.63485,17.477621,1007.33325,71.375,1,9,2.3999999,1.6,8.249999999999996
2024-09-03,33.55,25.75,28.718748,4.8999996,92.28159,56.78603,18.430452,1006.12085,69.416664,1,9,8.500001,2.3999999,7.799999999999997
2024-09-04,34.1,26.1,29.335417,1.2,89.342415,51.683495,14.689589,1002.8708,83.875,0,9,4.8999996,8.500001,8.0
2024-09-05,36.7,27.15,31.127085,0.0,77.443,37.592175,21.42227,999.9126,100.0,0,9,1.2,4.8999996,9.550000000000004
2024-09-06,35.7,28.3,31.699999,0.4,70.40569,45.35113,17.31746,998.83325,100.0,0,9,0.0,1.2,7.400000000000002
2024-09-07,36.8,27.8,32.129166,0.0,73.15999,42.02224,22.702845,1002.3,99.958336,0,9,0.4,0.0,8.999999999999996
2024-09-08,37.55,28.25,32.116665,0.0,77.88054,40.832924,20.188908,1004.60004,98.958336,1,9,0.0,0.4,9.299999999999997
2024-09-09,36.5,26.7,30.172915,13.400001,96.236626,42.507725,10.587917,1005.01263,99.916664,1,9,0.0,0.0,9.8
2024-09-10,31.85,26.3,28.818747,1.7000002,93.40771,67.15046,11.592895,1006.33325,100.0,1,9,13.400001,0.0,5.550000000000001
2024-09-11,31.95,25.75,28.924995,3.9,93.102684,63.843,18.345877,1007.53326,98.708336,1,9,1.7000002,13.400001,6.199999999999999
2024-09-12,32.6,25.15,28.235418,19.2,96.77103,60.806282,18.089775,1006.4334,66.541664,1,9,3.9,1.7000002,7.450000000000003
2024-09-13,31.35,26.05,28.147917,2.6,93.96327,70.668106,12.964998,1004.29175,93.5,1,9,19.2,3.9,5.300000000000001
2024-09-14,30.9,25.2,27.472916,13.0,96.77336,70.43939,14.869351,1003.0081,84.583336,1,9,2.6,19.2,5.699999999999999
2024-09-15,30.45,25.0,27.53125,3.7,95.90185,70.1651,12.758432,1002.63745,94.041664,1,9,13.0,2.6,5.449999999999999
2024-09-16,31.0,25.0,27.94792,6.2999997,93.92388,69.76457,16.171976,1003.53345,47.125,1,9,3.7,13.0,6.0
2024-09-17,30.45,25.2,27.604166,35.399998,95.33537,71.42684,23.535301,1002.2791,84.916664,1,9,6.2999997,3.7,5.25
2024-09-18,26.85,25.1,25.800001,140.79999,94.77539,87.911674,34.292717,999.2793,100.0,1,9,35.399998,6.2999997,1.75
2024-09-19,29.7,24.95,27.147917,11.600002,95.369194,76.38108,26.66188,997.58325,94.916664,1,9,140.79999,35.399998,4.75
2024-09-20,32.1,26.4,28.589586,4.6,95.660934,68.408806,11.090103,1001.93335,80.5,1,9,11.600002,140.79999,5.700000000000003
2024-09-21,30.4,25.25,27.172915,9.600001,95.33709,76.260925,10.883676,1004.16254,99.958336,1,9,4.6,11.600002,5.149999999999999
2024-09-22,29.3,25.85,26.895834,20.0,95.07362,83.62134,8.654986,1005.6707,100.0,1,9,9.600001,4.6,3.4499999999999993
2024-09-23,28.8,25.85,27.112495,4.6999993,94.82251,80.21846,10.990322,1008.7876,100.0,1,9,20.0,9.600001,2.9499999999999993
2024-09-24,28.25,24.35,26.300001,1.1,97.04553,80.126465,14.917212,1010.4917,75.625,0,9,4.6999993,20.0,3.8999999999999986
2024-09-25,29.8,24.35,27.106253,0.70000005,96.470406,74.72228,11.722133,1011.3376,21.208334,1,9,1.1,4.6999993,5.449999999999999
2024-09-26,30.05,24.75,27.570831,1.1,95.90483,73.94689,13.060857,1011.12494,36.833332,0,9,0.70000005,1.1,5.300000000000001
2024-09-27,29.9,24.65,27.487501,0.2,96.478134,76.38108,14.178928,1010.17505,40.916668,0,9,1.1,0.70000005,5.25
2024-09-28,31.15,25.9,28.375002,0.0,96.79225,73.27061,12.961249,1008.61255,52.25,0,9,0.2,1.1,5.25
2024-09-29,31.5,26.1,28.641663,0.8,95.93462,74.82892,13.169556,1007.5166,67.041664,1,9,0.0,0.2,5.399999999999999
2024-09-30,31.85,25.2,28.3375,4.5,97.357056,73.61277,11.265469,1006.29156,66.625,1,9,0.8,0.0,6.650000000000002
2024-10-01,31.95,25.6,28.552084,1.5,93.984985,72.33843,16.199999,1008.13324,86.833336,1,10,4.5,0.8,6.349999999999998
2024-10-02,29.3,25.25,26.741667,18.3,88.97166,70.68396,29.30685,1011.679,96.583336,0,10,1.5,4.5,4.050000000000001
2024-10-03,28.2,23.45,26.047915,0.90000004,90.74731,65.50724,25.49908,1013.104,94.333336,1,10,18.3,1.5,4.75
2024-10-04,28.0,23.35,25.522917,2.8,91.04722,72.74294,24.251284,1012.96674,64.083336,1,10,0.90000004,18.3,4.649999999999999
2024-10-05,29.0,24.3,26.235415,1.1,94.45413,65.34425,19.201874,1012.125,99.25,1,10,2.8,0.90000004,4.699999999999999
2024-10-06,29.15,24.95,26.762503,1.4000001,91.960144,69.29298,25.800976,1012.2834,90.708336,1,10,1.1,2.8,4.199999999999999
2024-10-07,27.8,24.1,25.495829,17.299997,94.74496,80.0006,18.900856,1013.1709,97.5,1,10,1.4000001,1.1,3.6999999999999993
2024-10-08,27.55,23.9,25.364586,20.7,96.16156,81.26569,19.273453,1012.8625,87.416664,1,10,17.299997,1.4000001,3.650000000000002
2024-10-09,27.75,23.2,25.633331,3.7,95.56314,77.194496,19.121557,1011.83746,42.416668,1,10,20.7,17.299997,4.550000000000001
2024-10-10,29.45,24.95,26.839579,7.4000006,91.13004,69.94335,19.270092,1011.3418,52.5,1,10,3.7,20.7,4.5
2024-10-11,27.35,24.35,25.764582,13.9000025,95.028595,81.94598,13.54911,1011.93335,77.916664,1,10,7.4000006,3.7,3.0
2024-10-12,28.85,24.75,26.810411,2.8,93.899666,73.97022,12.768586,1012.45,51.25,1,10,13.9000025,7.4000006,4.100000000000001
2024-10-13,29.15,24.35,26.735415,14.2,94.75066,72.92332,17.23588,1011.575,72.625,1,10,2.8,13.9000025,4.799999999999997
2024-10-14,27.5,24.3,25.641668,19.5,95.3252,81.2343,20.44803,1010.8499,95.166664,1,10,14.2,2.8,3.1999999999999993
2024-10-15,28.7,24.0,26.010416,9.5,96.17562,79.9466,16.024044,1011.1792,91.458336,1,10,19.5,14.2,4.699999999999999
2024-10-16,28.5,24.05,26.214584,5.9,97.32964,79.61395,13.841286,1011.5376,90.375,1,10,9.5,19.5,4.449999999999999
2024-10-17,28.75,25.25,26.977083,7.0000005,96.48848,77.2688,10.383987,1010.78326,98.166664,1,10,5.9,9.5,3.5
2024-10-18,29.15,24.4,26.775003,2.8,96.778076,75.389084,12.849528,1011.01263,89.5,1,10,7.0000005,5.9,4.75
2024-10-19,29.25,24.4,26.572916,3.5,96.46652,74.73034,14.81915,1012.22925,76.875,1,10,2.8,7.0000005,4.850000000000001
2024-10-20,28.0,23.55,25.468748,54.1,96.4626,78.447426,20.188908,1012.86255,100.0,1,10,3.5,2.8,4.449999999999999
2024-10-21,26.95,23.8,25.422918,36.200005,93.85522,85.18669,15.444377,1012.1873,99.625,1,10,54.1,3.5,3.1499999999999986
2024-10-22,28.65,24.3,26.281252,7.8999996,93.91072,77.1407,23.78453,1011.97504,86.125,1,10,36.200005,54.1,4.349999999999998
2024-10-23,28.25,23.3,25.875,10.5,92.13312,74.76944,15.779544,1011.68756,91.208336,0,10,7.8999996,36.200005,4.949999999999999
2024-10-24,28.0,20.9,24.47917,0.4,90.58268,66.30856,27.697197,1009.85406,97.583336,0,10,10.5,7.8999996,7.100000000000001
2024-10-25,27.75,21.4,24.82708,0.0,85.94336,58.965363,23.918335,1007.4834,91.875,1,10,0.4,10.5,6.350000000000001
2024-10-26,25.25,22.6,23.670832,129.5,86.16819,61.436726,41.376904,1000.70013,100.0,1,10,0.0,0.4,2.6499999999999986
2024-10-27,26.25,20.4,22.802084,79.799995,93.44308,75.01194,56.521145,998.58325,93.833336,1,10,129.5,0.0,5.850000000000001
2024-10-28,25.55,21.75,23.668747,5.6000004,96.1289,74.58133,7.6473517,1004.32086,99.791664,1,10,79.799995,129.5,3.8000000000000007
2024-10-29,26.45,23.0,24.193754,5.5999994,94.40335,78.177246,18.079027,1005.7459,93.833336,1,10,5.6000004,79.799995,3.4499999999999993
2024-10-30,28.5,24.35,25.862495,33.600002,91.66291,70.01599,18.459436,1008.01666,91.625,1,10,5.5999994,5.6000004,4.149999999999999
2024-10-31,27.55,20.65,24.122917,10.600001,94.910484,75.362686,23.030151,1009.2458,80.875,0,10,33.600002,5.5999994,6.900000000000002
2024-11-01,28.2,21.6,25.158333,0.2,92.04716,61.74806,24.134098,1011.9167,86.541664,1,11,10.600001,33.600002,6.599999999999998
2024-11-02,27.15,23.75,25.306252,3.2999995,88.04368,71.49476,18.36353,1014.22485,83.041664,1,11,0.2,10.600001,3.3999999999999986
2024-11-03,25.3,23.45,24.25625,34.3,96.43777,84.764915,22.571884,1013.4458,99.333336,1,11,3.2999995,0.2,1.8500000000000014
2024-11-04,26.4,23.05,24.468752,62.600002,95.003105,83.86273,18.201374,1013.45435,96.625,1,11,34.3,3.2999995,3.349999999999998
2024-11-05,25.85,23.65,24.545832,48.4,92.455505,84.822495,29.5551,1014.7251,98.708336,1,11,62.600002,34.3,2.200000000000003
2024-11-06,27.15,23.1,25.529167,14.0,93.25339,70.32505,23.740902,1015.7332,93.25,1,11,48.4,62.600002,4.049999999999997
2024-11-07,27.45,23.25,25.387499,7.2,88.53864,67.00864,23.770906,1016.2583,43.625,0,11,14.0,48.4,4.199999999999999
2024-11-08,26.9,20.15,24.433336,0.8,94.56842,62.9282,20.523157,1015.0584,51.25,0,11,7.2,14.0,6.75
2024-11-09,26.85,20.2,23.720833,0.0,91.24626,63.431976,20.12944,1013.7583,56.875,0,11,0.8,7.2,6.650000000000002
2024-11-10,28.2,22.4,25.112497,0.0,86.91363,65.20916,21.495497,1013.00415,86.875,1,11,0.0,0.8,5.800000000000001
2024-11-11,28.0,24.5,25.987501,26.6,92.48265,73.6305,26.652765,1011.1917,84.958336,1,11,0.0,0.0,3.5
2024-11-12,26.4,24.2,25.002083,52.7,96.4613,86.40204,22.419937,1010.6582,97.25,1,11,26.6,0.0,2.1999999999999993
2024-11-13,27.75,22.85,25.466667,1.8000002,95.83662,76.265724,11.7,1010.875,55.458332,0,11,52.7,26.6,4.899999999999999
2024-11-14,28.5,22.55,25.635416,0.0,98.19268,75.95321,10.564942,1010.56244,29.208334,0,11,1.8000002,52.7,5.949999999999999
2024-11-15,28.7,23.05,25.754166,0.0,98.79908,73.26202,11.521406,1009.93317,59.708332,0,11,0.0,1.8000002,5.649999999999999
2024-11-16,28.6,22.55,25.61875,0.1,97.91217,73.06651,10.874741,1010.89575,29.708334,1,11,0.0,0.0,6.050000000000001
2024-11-17,28.25,22.45,25.091665,5.799999,95.839714,69.53531,11.345712,1012.7417,47.541668,1,11,0.1,0.0,5.800000000000001
2024-11-18,26.8,22.8,24.216667,26.000002,97.02363,79.23128,15.631007,1013.65826,93.083336,1,11,5.799999,0.1,4.0
2024-11-19,26.6,23.6,24.562502,15.599998,95.87019,76.110916,17.748037,1014.3833,82.625,1,11,26.000002,5.799999,3.0
2024-11-20,27.0,23.55,24.958334,9.1,93.55935,69.521416,19.561287,1014.25836,68.583336,1,11,15.599998,26.000002,3.4499999999999993
2024-11-21,25.8,23.35,24.354164,25.500002,94.69678,75.31316,19.829433,1014.1958,99.25,1,11,9.1,15.599998,2.4499999999999993
2024-11-22,26.15,23.3,24.268751,41.3,95.85956,79.86691,17.747124,1014.5501,96.291664,1,11,25.500002,9.1,2.849999999999998
2024-11-23,25.9,24.0,24.672915,20.699999,93.31429,78.38611,21.385939,1015.0249,95.833336,1,11,41.3,25.500002,1.8999999999999986
2024-11-24,25.9,23.8,24.5625,34.700005,95.58263,83.04939,17.429354,1014.26245,97.958336,1,11,20.699999,41.3,2.099999999999998
2024-11-25,26.5,23.45,24.687502,11.099998,96.73994,82.61818,12.730468,1014.2124,90.875,1,11,34.700005,20.699999,3.0500000000000007
2024-11-26,25.45,22.85,23.9,23.4,96.42194,83.75755,15.702356,1015.0876,97.458336,1,11,11.099998,34.700005,2.599999999999998
2024-11-27,26.75,22.85,24.583328,5.1,91.302795,67.3635,24.083029,1016.4875,96.791664,0,11,23.4,11.099998,3.8999999999999986
2024-11-28,25.1,22.0,23.566668,0.3,78.031555,60.356327,26.538252,1019.3501,91.083336,0,11,5.1,23.4,3.1000000000000014
2024-11-29,24.9,20.45,22.46875,0.1,89.7263,51.19638,16.529644,1017.60004,86.291664,0,11,0.3,5.1,4.449999999999999
2024-11-30,24.1,20.8,22.385416,0.1,90.00647,65.7817,9.437563,1014.3084,95.583336,0,11,0.1,0.3,3.3000000000000007
2024-12-01,26.45,21.0,23.320831,0.0,92.578835,62.40437,8.6193495,1012.0041,54.583332,1,12,0.1,0.1,5.449999999999999
2024-12-02,26.75,22.25,24.214579,3.1,95.53366,70.53243,11.19189,1012.49164,70.958336,1,12,0.0,0.1,4.5
2024-12-03,27.6,22.5,24.570831,5.6,93.801186,65.48649,13.766176,1012.82916,73.25,1,12,3.1,0.0,5.100000000000001
2024-12-04,27.0,21.65,24.195833,2.5,95.79959,67.20569,17.610588,1013.05,83.0,1,12,5.6,3.1,5.350000000000001
2024-12-05,25.45,22.85,23.864584,4.0,96.425896,78.561806,15.3264475,1012.8667,93.416664,1,12,2.5,5.6,2.599999999999998
2024-12-06,25.8,23.85,25.047918,2.0,93.57336,76.39984,15.697197,1012.9375,91.625,1,12,4.0,2.5,1.9499999999999993
2024-12-07,26.8,22.8,24.81875,2.7000003,85.85011,67.16563,14.266632,1014.95,54.083332,1,12,2.0,4.0,4.0
2024-12-08,25.55,21.9,23.454165,7.3999996,91.21144,73.44082,22.277134,1016.3167,66.458336,1,12,2.7000003,2.0,3.650000000000002
2024-12-09,24.8,22.45,23.320833,5.399999,93.519356,73.99773,18.899143,1014.3,99.083336,1,12,7.3999996,2.7000003,2.3500000000000014
2024-12-10,26.25,23.25,24.589582,7.8,94.69678,72.43867,16.391863,1012.32074,99.875,1,12,5.399999,7.3999996,3.0
2024-12-11,24.45,23.5,23.933332,31.899998,96.44697,91.07279,23.505684,1012.1418,100.0,1,12,7.8,5.399999,0.9499999999999993
2024-12-12,25.0,24.25,24.510416,10.999999,93.88412,83.690636,25.415718,1013.0041,99.875,1,12,31.899998,7.8,0.75
2024-12-13,24.65,22.9,23.652084,12.699999,92.13877,87.05055,28.227879,1015.23334,100.0,1,12,10.999999,31.899998,1.75
2024-12-14,23.6,20.1,21.925003,19.3,93.99669,82.526054,30.376833,1018.97504,100.0,1,12,12.699999,10.999999,3.5
2024-12-15,21.0,20.0,20.583332,9.000002,91.95687,74.96972,26.6327,1020.58344,100.0,1,12,19.3,12.699999,1.0
2024-12-16,21.75,19.6,20.679167,2.6000001,92.79785,74.80589,17.986494,1019.1624,100.0,1,12,9.000002,19.3,2.1499999999999986
2024-12-17,22.75,19.75,21.116667,4.5999994,95.7541,78.41734,15.316933,1017.2917,94.25,1,12,2.6000001,9.000002,3.0
2024-12-18,23.8,20.5,21.88125,5.1000004,93.99669,68.69054,20.256998,1017.19165,88.791664,1,12,4.5999994,2.6000001,3.3000000000000007
2024-12-19,22.4,19.7,21.13125,10.0,93.38984,80.29875,22.199188,1017.51654,97.041664,1,12,5.1000004,4.5999994,2.6999999999999993
2024-12-20,22.25,19.0,20.616665,4.399999,93.64907,70.56822,17.515581,1016.51245,97.291664,1,12,10.0,5.1000004,3.25
2024-12-21,22.7,20.05,21.11458,1.6000003,88.337006,66.52239,15.215058,1017.2793,99.75,1,12,4.399999,10.0,2.6499999999999986
2024-12-22,23.3,19.65,21.222916,9.099999,95.746185,60.35954,19.800817,1016.16656,99.708336,1,12,1.6000003,4.399999,3.650000000000002
2024-12-23,21.3,19.7,20.668749,14.1,95.46371,87.01274,20.880775,1016.0,100.0,1,12,9.099999,1.6000003,1.6000000000000014
2024-12-24,21.7,20.2,20.75,6.4000006,92.25286,76.01846,19.134262,1017.14166,100.0,1,12,14.1,9.099999,1.5
2024-12-25,22.2,20.15,21.141668,14.6,96.36845,81.590225,16.994516,1017.33746,100.0,1,12,6.4000006,14.1,2.0500000000000007
2024-12-26,23.0,21.25,22.204168,25.300003,96.41266,88.78664,18.557467,1018.1916,100.0,1,12,14.6,6.4000006,1.75
2024-12-27,23.4,21.25,22.141665,51.500004,95.80423,87.20381,22.81957,1019.4458,99.583336,1,12,25.300003,14.6,2.1499999999999986
2024-12-28,21.4,20.45,21.008333,17.8,93.73504,73.65164,24.948025,1020.7415,99.416664,1,12,51.500004,25.300003,0.9499999999999993
2024-12-29,22.95,19.7,20.995832,3.6999998,97.84877,64.70913,15.385525,1018.67505,91.583336,1,12,17.8,51.500004,3.25
2024-12-30,23.85,20.35,21.862501,6.0999994,95.46708,71.11664,13.519186,1017.8542,93.916664,1,12,3.6999998,17.8,3.5
2024-12-31,22.85,18.65,20.874998,2.6,95.76668,67.81438,13.737904,1017.29156,89.583336,0,12,6.0999994,3.6999998,4.200000000000003
2025-01-01,23.0,19.5,21.3125,0.0,92.83472,66.814835,15.315873,1015.55817,98.0,1,1,2.6,6.0999994,3.5
2025-01-02,22.0,20.8,21.383333,4.7,94.30388,84.13374,14.743526,1016.09174,100.0,1,1,0.0,2.6,1.1999999999999993
2025-01-03,23.15,19.4,21.379166,2.5,93.73504,61.522106,16.029097,1017.304,70.125,0,1,4.7,0.0,3.75
2025-01-04,23.6,18.8,20.93125,0.1,89.87181,62.616432,14.31198,1017.3459,63.75,0,1,2.5,4.7,4.800000000000001
2025-01-05,23.9,18.05,20.647917,0.6,91.84416,60.126152,20.275383,1017.44586,91.458336,0,1,0.1,2.5,5.849999999999998
2025-01-06,23.55,18.5,20.856249,0.2,95.39901,65.02268,11.276968,1016.38336,68.125,0,1,0.6,0.1,5.050000000000001
2025-01-07,24.3,18.9,21.525002,0.5,95.117256,70.9769,10.837435,1015.7041,62.208332,1,1,0.2,0.6,5.400000000000002
2025-01-08,24.05,19.65,21.908335,3.4,92.85305,71.82447,11.351422,1016.5459,71.458336,1,1,0.5,0.2,4.400000000000002
2025-01-09,23.35,20.2,21.88125,7.1,92.241486,77.95818,18.043148,1019.0291,94.625,1,1,3.4,0.5,3.150000000000002
2025-01-10,22.45,19.15,20.4375,5.4999995,90.774864,70.18705,21.134485,1023.18335,68.208336,1,1,7.1,3.4,3.3000000000000007
2025-01-11,21.45,17.9,19.689585,2.6,84.77121,63.991394,26.64608,1024.5333,49.75,0,1,5.4999995,7.1,3.5500000000000007
2025-01-12,20.8,17.05,18.85625,0.0,83.86194,57.922657,19.400795,1022.12506,93.791664,1,1,2.6,5.4999995,3.75
2025-01-13,20.75,18.6,19.758333,1.4,92.773964,66.99578,11.734564,1018.80005,97.333336,1,1,0.0,2.6,2.1499999999999986
2025-01-14,23.15,19.35,21.472916,1.5999999,89.90114,70.987755,18.553974,1017.94995,99.333336,1,1,1.4,0.0,3.799999999999997
2025-01-15,21.7,19.9,20.597918,49.3,96.092926,88.57251,24.087738,1020.12933,100.0,1,1,1.5999999,1.4,1.8000000000000007
2025-01-16,22.05,19.4,20.460417,3.3999999,91.04402,68.33568,21.347271,1021.16254,97.291664,0,1,49.3,1.5999999,2.650000000000002
2025-01-17,22.35,18.5,20.379168,0.3,91.606094,62.413616,16.895088,1017.95844,92.25,0,1,3.3999999,49.3,3.8500000000000014
2025-01-18,23.25,17.6,20.095833,0.3,96.29849,58.78918,13.369771,1016.7083,73.541664,0,1,0.3,3.3999999,5.649999999999999
2025-01-19,24.2,18.1,20.833334,0.5,97.215546,58.124233,12.483748,1014.83344,57.375,0,1,0.3,0.3,6.099999999999998
2025-01-20,23.05,17.95,20.516668,0.6,92.712456,60.679276,11.843124,1014.6501,68.958336,0,1,0.5,0.3,5.100000000000001
2025-01-21,23.05,16.75,19.916666,0.0,92.04204,59.955173,8.790563,1014.4458,47.25,0,1,0.6,0.5,6.300000000000001
2025-01-22,24.3,16.1,19.991667,0.0,93.55173,60.807686,9.0018,1014.575,31.5,0,1,0.0,0.6,8.2
2025-01-23,25.45,16.65,20.606249,0.0,93.94549,60.28062,9.927779,1013.45,57.416668,0,1,0.0,0.0,8.8
2025-01-24,24.7,17.65,21.191668,0.0,98.454544,71.22649,13.288341,1011.7541,42.5,0,1,0.0,0.0,7.050000000000001
2025-01-25,23.95,18.5,21.239586,0.0,96.31095,72.031525,14.182355,1013.0666,34.75,1,1,0.0,0.0,5.449999999999999
2025-01-26,25.1,17.95,20.979166,17.700003,94.88977,69.37469,27.177616,1017.7334,67.416664,1,1,0.0,0.0,7.150000000000002
2025-01-27,19.1,17.1,18.025,3.4999995,92.11224,76.59889,18.179998,1019.4207,96.166664,1,1,17.700003,0.0,2.0
2025-01-28,19.95,17.25,18.68125,3.9,95.68534,77.98491,15.3095255,1021.11664,92.083336,1,1,3.4999995,17.700003,2.6999999999999993
2025-01-29,22.65,16.95,19.491667,1.5000001,95.66255,64.64466,13.755579,1019.3084,56.458332,0,1,3.9,3.4999995,5.699999999999999
2025-01-30,23.9,16.2,19.916666,0.1,96.86451,66.57678,9.793058,1014.74164,34.25,0,1,1.5000001,3.9,7.699999999999999
2025-01-31,25.3,16.4,20.55625,0.0,96.55835,63.1918,10.441552,1012.5291,34.25,0,1,0.1,1.5000001,8.900000000000002
2025-02-01,25.35,16.85,20.59583,0.0,98.44575,66.041565,9.82279,1011.08325,44.375,0,2,0.0,0.1,8.5
2025-02-02,24.85,17.8,21.410418,0.0,99.685646,70.608665,12.47726,1012.0876,51.666668,1,2,0.0,0.0,7.050000000000001
2025-02-03,25.25,20.1,22.241667,6.7000003,97.552155,72.93698,23.828764,1016.45416,60.0,1,2,0.0,0.0,5.149999999999999
2025-02-04,20.95,18.8,19.791666,14.6,97.8382,83.204994,24.32665,1017.6375,96.75,1,2,6.7000003,0.0,2.1499999999999986
2025-02-05,23.35,19.1,21.147917,1.2000002,95.74144,69.03727,11.375658,1015.05426,73.5,0,2,14.6,6.7000003,4.25
2025-02-06,24.25,17.5,21.027084,0.4,94.85559,62.461693,13.091829,1014.3208,16.625,1,2,1.2000002,14.6,6.75
2025-02-07,24.6,18.6,21.831247,4.1000004,92.26699,68.41651,24.485952,1017.13336,79.583336,1,2,0.4,1.2000002,6.0
2025-02-08,22.05,19.05,20.379168,4.1,90.47284,74.70175,23.617756,1019.1416,72.125,1,2,4.1000004,0.4,3.0
2025-02-09,20.95,18.05,19.545832,5.399999,94.78233,74.756065,20.65848,1018.78326,90.416664,1,2,4.1,4.1000004,2.8999999999999986
2025-02-10,22.05,18.55,20.106249,3.7999995,93.33109,69.22349,15.273505,1017.51666,99.958336,0,2,5.399999,4.1,3.5
2025-02-11,22.85,19.7,21.320833,0.70000005,92.57342,76.97484,11.542478,1015.50836,100.0,1,2,3.7999995,5.399999,3.150000000000002
2025-02-12,23.55,21.2,22.283335,2.9000003,94.62823,85.6262,14.4415655,1014.9626,100.0,1,2,0.70000005,3.7999995,2.3500000000000014
2025-02-13,24.6,21.1,22.420835,4.5,97.57044,74.37469,13.379461,1015.6001,96.875,0,2,2.9000003,0.70000005,3.5
2025-02-14,23.95,20.55,22.360415,0.4,96.69009,82.54996,13.306615,1013.8625,83.958336,0,2,4.5,2.9000003,3.3999999999999986
2025-02-15,26.5,20.9,23.637499,0.9000001,97.298744,73.794205,13.558673,1012.5083,70.541664,1,2,0.4,4.5,5.600000000000001
2025-02-16,25.85,21.3,23.216667,1.6000003,96.71334,76.48461,12.81165,1015.53326,73.291664,0,2,0.9000001,0.4,4.550000000000001
2025-02-17,25.1,19.5,22.408335,0.3,96.94618,69.80833,12.6462,1017.0793,30.291666,1,2,1.6000003,0.9000001,5.600000000000001
2025-02-18,24.55,20.7,22.658333,2.5000002,94.8841,75.111694,15.589497,1017.3376,71.125,1,2,0.3,1.6000003,3.8500000000000014
2025-02-19,24.3,21.8,22.76042,5.899999,91.480774,75.07112,20.20896,1016.75415,83.916664,1,2,2.5000002,0.3,2.5
2025-02-20,25.25,21.5,22.927084,4.7,95.50555,70.71046,16.10472,1017.0584,57.375,1,2,5.899999,2.5000002,3.75
2025-02-21,24.65,21.8,22.866667,4.999999,94.63413,76.53521,16.62444,1017.7249,82.583336,1,2,4.7,5.899999,2.849999999999998
2025-02-22,24.7,22.05,23.087502,6.499999,95.226425,80.39509,15.91041,1018.2668,94.041664,1,2,4.999999,4.7,2.6499999999999986
2025-02-23,24.05,21.35,22.685417,9.4,94.07773,82.834015,25.247526,1020.4915,99.916664,1,2,6.499999,4.999999,2.6999999999999993
2025-02-24,22.35,21.0,21.522917,13.500001,94.60639,82.632545,25.469204,1021.7791,100.0,1,2,9.4,6.499999,1.3500000000000014
2025-02-25,23.6,21.45,22.314585,3.6,92.88435,79.25312,16.458931,1021.2375,99.333336,1,2,13.500001,9.4,2.150000000000002
2025-02-26,25.05,20.75,22.583334,3.1000001,93.44068,74.498955,13.0447235,1018.825,92.458336,0,2,3.6,13.500001,4.300000000000001
2025-02-27,24.5,19.9,22.227087,0.6,96.34261,74.17726,9.565437,1015.9707,60.625,0,2,3.1000001,3.6,4.600000000000001
2025-02-28,25.65,20.95,23.252083,0.2,95.18745,73.86994,12.860871,1014.2918,61.0,0,2,0.6,3.1000001,4.699999999999999
2025-03-01,26.5,21.5,23.766665,0.0,96.98023,75.81619,17.468348,1011.32916,51.541668,0,3,0.2,0.6,5.0
2025-03-02,27.6,21.3,24.241667,0.0,98.783745,72.8867,17.349236,1009.4209,68.708336,0,3,0.0,0.2,6.300000000000001
2025-03-03,28.05,21.65,24.831251,0.0,99.69736,77.04381,13.935767,1008.21246,82.541664,0,3,0.0,0.0,6.400000000000002
2025-03-04,29.1,22.75,25.364588,0.2,99.09849,76.59604,10.63372,1007.3333,66.291664,0,3,0.0,0.0,6.350000000000001
2025-03-05,28.65,23.75,25.927086,0.0,99.100815,78.53919,14.787414,1008.8501,78.708336,1,3,0.2,0.0,4.899999999999999
2025-03-06,27.05,20.85,23.543753,13.0,95.58102,82.93173,19.453327,1014.1709,91.833336,1,3,0.0,0.2,6.199999999999999
2025-03-07,22.8,20.05,21.172915,1.5,90.592896,78.17272,18.435726,1016.44586,100.0,0,3,13.0,0.0,2.75
2025-03-08,23.7,20.5,21.770834,0.7,92.54623,73.812035,14.7742605,1016.7708,91.791664,1,3,1.5,13.0,3.1999999999999993
2025-03-09,24.8,21.45,23.066668,3.6,96.398,76.78724,12.496718,1017.52075,83.708336,1,3,0.7,1.5,3.3500000000000014
2025-03-10,24.95,22.45,23.385416,13.599999,97.9005,79.94958,16.666288,1016.35834,99.416664,0,3,3.6,0.7,2.5
2025-03-11,26.65,23.1,24.63125,1.0,98.49975,80.663025,12.466867,1013.1541,77.375,0,3,13.599999,3.6,3.549999999999997
2025-03-12,27.7,23.05,25.197914,0.0,99.39663,75.15859,14.892213,1011.07495,76.458336,0,3,1.0,13.599999,4.649999999999999
2025-03-13,28.45,23.3,25.56458,0.4,99.397766,76.64913,14.874796,1011.2541,79.25,0,3,0.0,1.0,5.149999999999999
2025-03-14,28.1,23.0,25.554169,0.0,99.697784,76.281166,15.702356,1011.5208,46.166668,1,3,0.4,0.0,5.100000000000001
2025-03-15,29.7,23.3,25.995836,3.4,99.70103,75.748405,11.003581,1011.5249,60.375,1,3,0.0,0.4,6.399999999999999
2025-03-16,24.25,20.35,22.043749,108.099976,97.61702,87.76484,27.09822,1015.4086,100.0,1,3,3.4,0.0,3.8999999999999986
2025-03-17,23.5,20.65,21.835419,3.4000003,95.18745,75.38597,14.512064,1017.1042,100.0,1,3,108.099976,3.4,2.8500000000000014
2025-03-18,21.95,19.45,20.691668,7.7,93.72812,81.80167,18.0,1019.9582,100.0,1,3,3.4000003,108.099976,2.5
2025-03-19,21.45,19.15,20.152082,5.3999996,92.51064,76.75957,17.94411,1022.05,99.375,0,3,7.7,3.4000003,2.3000000000000007
2025-03-20,23.4,18.85,20.937502,0.9,91.29588,61.883953,18.391735,1021.3625,84.291664,1,3,5.3999996,7.7,4.549999999999997
2025-03-21,24.3,17.4,20.770834,1.4000001,93.85717,54.84188,16.365158,1020.0708,45.166668,0,3,0.9,5.3999996,6.900000000000002
2025-03-22,25.0,18.9,22.7875,0.5,92.28669,68.06816,12.204212,1017.87506,67.5,0,3,1.4000001,0.9,6.100000000000001
2025-03-23,25.65,18.9,22.59375,0.0,95.113625,64.26848,11.183201,1015.4541,9.0,0,3,0.5,1.4000001,6.75
2025-03-24,26.0,19.15,22.543753,0.0,96.020966,66.17567,11.767651,1012.36237,12.958333,0,3,0.0,0.5,6.850000000000001
2025-03-25,26.05,18.95,22.564585,0.0,98.45805,68.48689,14.423605,1008.1375,35.625,0,3,0.0,0.0,7.100000000000001
2025-03-26,27.5,20.25,24.127085,0.0,98.48624,69.16213,14.347028,1005.6584,52.625,0,3,0.0,0.0,7.25
2025-03-27,31.3,23.05,26.183334,0.0,98.4975,72.25862,13.138765,1004.44586,20.791666,0,3,0.0,0.0,8.25
2025-03-28,30.5,23.95,26.268747,0.0,97.33162,70.17429,12.108261,1007.3042,79.875,1,3,0.0,0.0,6.550000000000001
2025-03-29,28.1,23.15,25.458336,5.1,97.90362,77.51659,18.244045,1011.9292,90.708336,1,3,0.0,0.0,4.950000000000003
2025-03-30,24.95,20.8,22.291666,14.999999,100.0,83.53641,22.380884,1015.62915,99.958336,0,3,5.1,0.0,4.149999999999999
2025-03-31,24.3,20.85,22.022919,0.0,88.96573,71.86937,18.023384,1015.70825,100.0,0,3,14.999999,5.1,3.4499999999999993
2025-04-01,23.05,19.6,21.054167,0.0,89.35915,77.442825,20.008356,1016.1416,98.291664,0,4,0.0,14.999999,3.4499999999999993
2025-04-02,23.6,20.5,21.704165,0.0,88.366135,71.50947,16.394829,1016.7458,99.625,1,4,0.0,0.0,3.1000000000000014
2025-04-03,25.15,19.2,22.237501,3.6000001,96.33305,68.93377,10.070353,1015.6916,57.75,0,4,0.0,0.0,5.949999999999999
2025-04-04,25.4,20.65,23.279167,0.6,94.88221,72.73777,13.943901,1012.5876,49.666668,0,4,3.6000001,0.0,4.75
2025-04-05,28.0,21.9,24.53125,0.0,97.88477,67.6119,13.8037815,1012.1541,59.166668,0,4,0.6,3.6000001,6.100000000000001
2025-04-06,27.55,21.95,24.677084,0.1,98.7878,71.78501,12.108261,1013.57904,53.583332,0,4,0.0,0.6,5.600000000000001
2025-04-07,28.1,22.05,25.122915,0.2,100.0,71.411316,13.684735,1014.66656,75.833336,0,4,0.1,0.0,6.050000000000001
2025-04-08,28.1,23.2,25.464586,0.1,97.612595,68.67316,13.701299,1013.5625,60.583332,0,4,0.2,0.1,4.900000000000002
2025-04-09,28.25,23.3,25.658335,0.2,96.14173,69.969475,14.24163,1010.0083,86.5,0,4,0.1,0.2,4.949999999999999
2025-04-10,31.65,23.9,26.74792,0.0,100.0,57.373203,8.891344,1007.27496,83.0,0,4,0.2,0.1,7.75
2025-04-11,31.8,24.75,27.660416,0.2,96.19103,64.96944,13.88919,1006.6416,57.875,1,4,0.0,0.2,7.050000000000001
2025-04-12,36.15,23.85,29.379166,20.8,97.05639,42.62467,23.245102,1008.8084,98.75,1,4,0.2,0.0,12.299999999999997
2025-04-13,24.7,21.2,22.86458,2.7,89.645195,73.26099,24.162947,1014.1667,92.208336,0,4,20.8,0.2,3.5
2025-04-14,26.3,20.8,23.424997,0.0,92.578835,63.796696,18.382044,1013.49176,76.708336,0,4,2.7,20.8,5.5
2025-04-15,26.55,21.1,23.545832,0.0,90.03165,56.968796,11.534054,1011.95844,89.916664,0,4,0.0,2.7,5.449999999999999
2025-04-16,28.0,22.4,25.481253,0.0,93.57336,65.36816,15.316933,1009.3127,98.041664,0,4,0.0,0.0,5.600000000000001
2025-04-17,31.5,24.7,27.512499,0.0,97.64248,66.48225,10.310402,1007.20416,70.666664,0,4,0.0,0.0,6.800000000000001
2025-04-18,33.6,25.3,28.949997,0.0,96.48591,61.943726,10.692969,1007.21246,87.583336,0,4,0.0,0.0,8.3
2025-04-19,31.85,24.9,28.285418,0.0,97.347305,61.549038,13.055896,1007.6001,59.0,0,4,0.0,0.0,6.950000000000003
2025-04-20,32.05,24.45,27.795832,0.0,93.60593,57.095932,19.175703,1008.88745,59.791668,0,4,0.0,0.0,7.599999999999998
2025-04-21,32.55,24.45,28.072916,0.0,96.46389,54.19343,16.909464,1010.05005,82.833336,0,4,0.0,0.0,8.099999999999998
2025-04-22,33.55,24.85,28.535414,0.0,93.05782,52.1384,15.62686,1008.6291,31.458334,0,4,0.0,0.0,8.699999999999996
2025-04-23,33.6,25.6,28.837496,0.0,94.49828,55.949562,12.904882,1007.4875,30.791666,0,4,0.0,0.0,8.0
2025-04-24,34.7,26.35,29.385416,0.0,92.85543,48.45194,11.307095,1007.4458,80.125,1,4,0.0,0.0,8.350000000000001
2025-04-25,35.7,25.55,29.204165,5.7,92.536514,44.638924,16.109747,1009.3084,83.791664,1,4,0.0,0.0,10.150000000000002
2025-04-26,31.85,25.3,28.047915,1.8,97.066124,57.92272,12.535549,1010.8958,84.333336,0,4,5.7,0.0,6.550000000000001
2025-04-27,31.75,24.75,28.008331,0.0,97.34337,59.016567,17.703253,1010.12915,74.875,0,4,1.8,5.7,7.0
2025-04-28,31.85,24.35,27.854166,0.3,100.0,58.41798,17.309973,1010.2625,85.416664,1,4,0.0,1.8,7.5
2025-04-29,32.25,25.2,27.922915,1.8000001,96.77217,49.509064,16.284779,1011.1626,66.833336,0,4,0.3,0.0,7.050000000000001
2025-04-30,32.55,25.45,28.356255,0.4,93.92827,48.677532,16.388899,1010.7917,21.916666,1,4,1.8000001,0.3,7.099999999999998
2025-05-01,31.95,24.95,28.43125,1.3000001,93.343216,56.737843,13.701299,1011.5916,14.083333,0,5,0.4,1.8000001,7.0
2025-05-02,32.55,25.35,28.629164,0.5,93.36244,48.828007,13.576582,1009.7583,56.125,0,5,1.3000001,0.4,7.199999999999996
2025-05-03,32.7,25.75,29.110418,0.2,97.36286,54.383266,16.85669,1007.98737,75.0,0,5,0.5,1.3000001,6.950000000000003
2025-05-04,33.6,26.2,29.658333,0.2,90.391594,54.93044,15.849201,1006.96674,92.291664,0,5,0.2,0.5,7.400000000000002
2025-05-05,34.35,26.45,29.956253,0.0,96.51532,49.229023,16.459915,1006.56256,68.416664,0,5,0.2,0.2,7.900000000000002
2025-05-06,35.05,26.85,30.635414,0.0,90.6985,50.227104,14.041154,1006.11676,89.208336,0,5,0.0,0.2,8.199999999999996
2025-05-07,35.4,27.05,30.393753,0.0,95.1163,50.164528,13.324863,1005.45013,87.25,1,5,0.0,0.0,8.349999999999998
2025-05-08,34.7,26.75,29.939585,1.8000001,93.42898,55.709908,17.758074,1005.22076,98.541664,1,5,0.0,0.0,7.950000000000003
2025-05-09,36.45,27.45,30.362503,5.0,87.085724,47.34741,17.015474,1005.87085,92.0,1,5,1.8000001,0.0,9.000000000000004
2025-05-10,34.1,26.55,29.147919,3.5,89.346115,51.683495,11.570515,1007.2292,95.458336,1,5,5.0,1.8000001,7.550000000000001
2025-05-11,30.7,24.85,27.168749,5.7,89.506386,63.502686,16.810495,1007.90826,97.833336,1,5,3.5,5.0,5.849999999999998
2025-05-12,29.85,24.65,26.506248,1.8000002,92.212074,62.202343,22.714973,1008.8333,97.125,1,5,5.7,3.5,5.200000000000003
2025-05-13,29.1,24.75,26.620836,1.3000001,94.74875,69.49361,9.266067,1009.70844,91.625,0,5,1.8000002,5.7,4.350000000000001
2025-05-14,29.8,24.9,27.054167,1.0,96.77103,74.970604,10.920824,1010.08325,96.041664,1,5,1.3000001,1.8000002,4.900000000000002
2025-05-15,30.55,25.95,27.9125,1.1,97.94661,73.16958,10.261579,1009.97925,90.041664,0,5,1.0,1.3000001,4.600000000000001
2025-05-16,31.35,25.65,28.560417,0.3,95.9213,70.512184,14.572221,1009.07074,48.458332,0,5,1.1,1.0,5.700000000000003
2025-05-17,31.25,25.4,28.512499,0.0,98.81729,70.52127,19.401628,1009.02075,64.916664,0,5,0.3,1.1,5.850000000000001
2025-05-18,32.15,26.65,29.064589,0.0,94.25993,65.71102,17.548845,1008.4041,56.708332,0,5,0.0,0.3,5.5
2025-05-19,32.45,25.8,28.845835,0.1,95.35574,65.205376,17.750774,1007.3459,73.583336,1,5,0.0,0.0,6.650000000000002
2025-05-20,33.3,26.6,29.545835,1.4000001,90.14256,57.57555,18.606289,1007.43756,87.375,0,5,0.1,0.0,6.699999999999996
2025-05-21,34.0,25.95,29.814583,0.1,94.512215,54.22007,18.965033,1007.18335,78.208336,1,5,1.4000001,0.1,8.05
2025-05-22,33.8,25.35,29.095833,3.0,96.49103,53.844784,19.121557,1005.35846,98.333336,1,5,0.1,1.4000001,8.449999999999996
2025-05-23,33.45,26.75,29.687498,1.8,90.691925,55.697174,18.758902,1005.2334,95.708336,1,5,3.0,0.1,6.700000000000003
2025-05-24,33.1,26.85,29.781248,1.4000001,88.56102,58.237442,21.964422,1007.90424,84.125,1,5,1.8,3.0,6.25
2025-05-25,31.9,25.05,27.922915,13.700002,92.25947,61.734825,17.01738,1010.46246,95.916664,1,5,1.4000001,1.8,6.849999999999998
2025-05-26,28.8,25.3,26.749998,8.4,94.49231,74.82598,15.277749,1010.6792,97.625,1,5,13.700002,1.4000001,3.5
2025-05-27,30.55,25.2,27.60417,4.3999996,95.621254,68.83827,14.764389,1008.71686,88.375,1,5,8.4,13.700002,5.350000000000001
2025-05-28,30.85,25.35,27.947916,2.1,97.06504,70.87011,13.040997,1006.8791,94.541664,0,5,4.3999996,8.4,5.5
2025-05-29,32.3,26.25,28.699997,0.2,96.79692,61.844635,9.92778,1006.57086,92.958336,1,5,2.1,4.3999996,6.049999999999997
2025-05-30,32.25,26.85,29.06666,3.2,95.1145,63.145706,10.196647,1007.2917,98.875,1,5,0.2,2.1,5.399999999999999
2025-05-31,35.85,26.3,30.435417,1.3,89.19383,44.34048,7.970972,1005.60406,95.125,0,5,3.2,0.2,9.55
2025-06-01,38.1,27.55,31.845833,0.0,77.664154,36.62842,15.580141,1003.63336,56.041668,0,6,1.3,3.2,10.55
2025-06-02,39.25,28.05,33.270836,0.2,72.97255,37.01975,19.239801,1002.8418,69.375,1,6,0.0,1.3,11.2
2025-06-03,39.0,27.45,32.227085,1.7,90.75746,35.50921,8.4042845,1004.21655,97.5,0,6,0.2,0.0,11.55
2025-06-04,35.65,27.3,31.072916,0.3,89.923706,45.450172,12.86087,1006.55835,99.875,0,6,1.7,0.2,8.349999999999998
2025-06-05,34.0,26.95,30.345833,0.70000005,90.70506,53.234734,14.169785,1006.96246,76.291664,0,6,0.3,1.7,7.050000000000001
2025-06-06,36.15,26.3,30.22917,0.4,93.68624,45.031235,12.313894,1006.29156,31.833334,0,6,0.70000005,0.3,9.849999999999998
2025-06-07,35.65,27.05,30.993744,0.2,90.17381,47.57013,13.169555,1005.46674,33.291668,0,6,0.4,0.70000005,8.599999999999998
2025-06-08,36.3,26.6,30.67292,0.0,91.49953,43.14948,13.036026,1004.56244,32.291668,1,6,0.2,0.4,9.699999999999996
2025-06-09,35.85,28.0,31.154167,3.2,84.30437,46.48135,12.503199,1003.6082,80.458336,1,6,0.0,0.2,7.850000000000001
2025-06-10,33.7,26.6,29.433334,5.6999993,87.838806,53.172447,10.296251,1002.7542,100.0,1,6,3.2,0.0,7.100000000000001
2025-06-11,29.0,25.35,26.797915,168.40001,94.216225,73.4668,22.800394,999.3625,100.0,1,6,5.6999993,3.2,3.6499999999999986
2025-06-12,26.6,24.55,25.487497,150.10002,95.0986,87.932816,14.411245,997.82086,100.0,1,6,168.40001,5.6999993,2.0500000000000007
2025-06-13,27.55,25.0,26.020834,16.600002,94.20783,84.74505,10.950452,1001.69586,100.0,0,6,150.10002,168.40001,2.5500000000000007
2025-06-14,33.75,25.65,28.864584,0.2,92.045906,56.83333,15.401311,1004.7292,100.0,0,6,16.600002,150.10002,8.100000000000001
2025-06-15,35.1,26.2,30.020842,0.0,95.95971,54.651085,14.357185,1005.2334,93.375,0,6,0.2,16.600002,8.900000000000002
2025-06-16,33.85,26.3,29.564583,0.3,92.58445,59.09067,13.021106,1006.50824,93.0,1,6,0.0,0.2,7.550000000000001
2025-06-17,32.4,25.5,28.310417,6.2000003,95.91832,72.41573,13.519186,1007.17096,99.916664,1,6,0.3,0.0,6.899999999999999
2025-06-18,32.45,25.85,28.681246,1.6,96.22705,64.71646,15.236338,1006.75006,96.458336,1,6,6.2000003,0.3,6.600000000000001
2025-06-19,32.25,26.25,28.950003,1.1,95.08971,66.019356,12.466867,1006.4917,92.958336,0,6,1.6,6.2000003,6.0
2025-06-20,32.15,26.7,28.916664,0.5,92.616234,66.206375,12.9625,1006.16656,97.916664,1,6,1.1,1.6,5.449999999999999
2025-06-21,32.7,25.7,28.702085,1.6,95.6372,63.62045,15.472672,1006.61664,59.708332,0,6,0.5,1.1,7.0000000000000036
2025-06-22,32.55,26.0,28.927086,1.0,95.09324,61.692165,14.721535,1006.5251,61.041668,0,6,1.6,0.5,6.549999999999997
2025-06-23,34.25,25.65,29.435415,0.2,94.78302,50.91786,11.616626,1005.5584,75.0,0,6,1.0,1.6,8.600000000000001
2025-06-24,34.35,26.2,29.879168,0.4,91.19931,47.03444,12.061341,1006.13336,50.666668,0,6,0.2,1.0,8.150000000000002
2025-06-25,34.35,26.15,29.547915,1.0,89.8417,47.945847,12.682018,1006.3918,56.041668,0,6,0.4,0.2,8.200000000000003
2025-06-26,33.65,26.05,29.854166,0.2,92.01459,52.801357,12.638512,1005.91656,82.833336,1,6,1.0,0.4,7.599999999999998
2025-06-27,34.5,25.75,28.84375,13.400002,95.92423,45.245106,11.038858,1005.37494,92.208336,1,6,0.2,1.0,8.75
2025-06-28,32.85,25.85,28.579165,6.7999997,97.09183,56.62003,10.51576,1004.0125,96.125,1,6,13.400002,0.2,7.0
2025-06-29,33.7,25.9,28.816671,2.6,95.37423,55.637375,10.717182,1003.07495,99.875,1,6,6.7999997,13.400002,7.800000000000004
2025-06-30,33.95,25.5,28.616663,8.400002,94.78111,53.073536,13.737904,1003.67084,99.958336,1,6,2.6,6.7999997,8.450000000000003
2025-07-01,32.95,25.9,28.5375,1.7,96.5013,59.97858,8.709098,1005.20844,98.625,1,7,8.400002,2.6,7.050000000000004
2025-07-02,30.95,25.55,27.810417,2.4000003,95.63242,68.18799,11.276967,1006.16675,97.5,1,7,1.7,8.400002,5.399999999999999
2025-07-03,30.25,25.3,27.652082,2.4999998,96.49488,72.2419,12.193588,1006.00836,99.333336,1,7,2.4000003,1.7,4.949999999999999
2025-07-04,31.0,25.6,27.87708,5.5999994,96.206345,66.902885,8.461915,1004.9917,97.25,1,7,2.4999998,2.4000003,5.399999999999999
2025-07-05,31.55,25.05,27.466667,25.7,96.19518,68.100136,7.973005,1004.44165,99.25,1,7,5.5999994,2.4999998,6.5
2025-07-06,31.85,26.1,28.356247,2.7999997,97.08329,69.98633,8.641874,1004.75824,99.916664,0,7,25.7,5.5999994,5.75
2025-07-07,33.5,26.25,29.602083,0.90000004,96.8272,59.29686,10.685391,1004.45,93.166664,0,7,2.7999997,25.7,7.25
2025-07-08,35.1,26.15,30.008337,0.0,92.21612,52.87924,14.4,1003.35425,92.708336,0,7,0.90000004,2.7999997,8.950000000000003
2025-07-09,35.15,26.5,30.489586,0.0,85.9319,52.22261,13.1412325,1001.2292,77.208336,0,7,0.0,0.90000004,8.649999999999999
2025-07-10,35.25,26.05,30.514585,0.1,85.61492,50.88812,12.570394,999.19995,99.958336,1,7,0.0,0.0,9.2
2025-07-11,35.2,26.7,30.270834,3.2,89.19008,47.94259,17.703253,1001.03754,98.708336,1,7,0.1,0.0,8.500000000000004
2025-07-12,35.75,26.6,30.212502,2.2999997,93.98717,46.314243,9.144637,1004.45416,72.875,1,7,3.2,0.1,9.149999999999999
2025-07-13,34.85,26.7,30.320839,1.5000001,93.15945,46.904198,9.840914,1005.4375,86.583336,1,7,2.2999997,3.2,8.150000000000002
2025-07-14,36.25,26.5,30.431252,4.1,94.53398,44.512886,11.966953,1004.55,85.875,1,7,1.5000001,2.2999997,9.75
2025-07-15,35.95,26.85,30.543749,3.3,94.27027,46.086018,12.785069,1003.59174,87.208336,1,7,4.1,1.5000001,9.100000000000001
2025-07-16,36.85,25.6,30.47083,31.4,95.93462,44.80704,15.070633,1004.6208,85.375,1,7,3.3,4.1,11.25
2025-07-17,34.25,26.3,29.489584,3.6,94.54586,55.900936,15.778516,1004.1331,51.583332,0,7,31.4,3.3,7.949999999999999
2025-07-18,35.1,26.8,30.875002,0.0,84.53449,52.87924,12.074766,1000.69165,96.083336,1,7,3.6,31.4,8.3
2025-07-19,37.35,28.55,32.71042,1.1,71.52757,41.279995,15.108211,997.4583,100.0,0,7,0.0,3.6,8.8
2025-07-20,33.2,29.7,31.112497,0.4,64.72831,49.44985,11.052058,997.4543,100.0,0,7,1.1,0.0,3.5000000000000036
2025-07-21,35.5,29.7,32.037502,0.2,60.894917,41.930824,17.149193,997.19183,100.0,0,7,0.4,1.1,5.800000000000001
2025-07-22,34.85,28.2,31.387497,0.1,70.38724,44.034042,23.334139,998.5583,100.0,0,7,0.2,0.4,6.650000000000002
2025-07-23,36.1,27.4,31.375,0.8,79.95321,43.13615,14.092978,1000.8416,100.0,1,7,0.1,0.2,8.700000000000003
2025-07-24,32.2,26.45,29.712503,2.0,92.12192,55.710094,8.415842,1002.26666,100.0,1,7,0.8,0.1,5.7500000000000036
2025-07-25,28.6,26.45,27.293753,11.8,93.693016,71.53648,8.723967,1002.5874,96.75,1,7,2.0,0.8,2.150000000000002
2025-07-26,30.75,25.55,27.327082,25.3,94.21411,72.31128,9.36173,1002.56665,95.125,1,7,11.8,2.0,5.199999999999999
2025-07-27,32.05,25.1,28.112501,8.2,94.76211,63.609394,15.926694,1002.10004,95.208336,0,7,25.3,11.8,6.949999999999996
2025-07-28,33.55,26.55,29.170832,0.2,91.81615,57.587257,15.0038395,1000.78326,96.208336,0,7,8.2,25.3,6.9999999999999964
2025-07-29,34.4,27.4,30.081253,0.70000005,88.23967,54.4812,13.755579,1000.57916,100.0,0,7,0.2,8.2,7.0
2025-07-30,32.85,27.25,29.95833,0.0,79.054085,58.062973,13.945064,1000.8416,99.75,0,7,0.70000005,0.2,5.600000000000001
2025-07-31,36.95,27.75,31.756254,0.4,76.54278,44.15954,15.825675,1000.84174,83.666664,0,7,0.0,0.70000005,9.200000000000003
2025-08-01,38.1,28.3,32.452084,0.0,79.80497,39.631447,19.121557,1001.5876,94.208336,0,8,0.4,0.0,9.8
2025-08-02,39.05,28.2,32.62083,0.2,75.4736,35.961403,19.03665,1003.6123,87.833336,0,8,0.0,0.4,10.849999999999998
2025-08-03,38.0,28.2,32.962498,0.0,71.753334,38.88527,19.070658,1004.425,99.791664,0,8,0.2,0.0,9.8
2025-08-04,39.9,28.2,33.379166,0.2,74.11088,32.306496,21.57974,1004.00836,91.708336,0,8,0.0,0.2,11.7
2025-08-05,40.15,28.85,33.102085,0.0,76.53324,30.71473,18.129137,1004.67096,87.125,0,8,0.2,0.0,11.299999999999997
2025-08-06,38.6,28.05,32.610416,0.3,82.55257,33.484837,14.156058,1006.05835,99.791664,0,8,0.0,0.2,10.55
2025-08-07,36.1,26.4,31.17917,0.5,87.73252,44.25822,14.687382,1007.67914,55.583332,0,8,0.3,0.0,9.700000000000003
2025-08-08,35.1,27.9,31.266663,0.0,80.84938,45.603672,13.671707,1008.3083,49.166668,0,8,0.5,0.3,7.200000000000003
2025-08-09,35.95,28.0,31.435411,0.6,83.29489,40.90351,14.275713,1006.696,77.25,1,8,0.0,0.5,7.950000000000003
2025-08-10,35.8,26.4,30.14167,2.1999998,86.96892,47.49215,13.737904,1005.7791,48.583332,0,8,0.6,0.0,9.399999999999999
2025-08-11,35.95,26.75,30.595833,0.4,87.766685,41.029713,12.503199,1005.0708,45.333332,1,8,2.1999998,0.6,9.200000000000003
2025-08-12,35.55,25.85,30.116663,2.6,89.82011,43.923454,14.336861,1006.20825,77.208336,1,8,0.4,2.1999998,9.699999999999996
2025-08-13,34.7,25.95,29.579168,2.1,94.79432,50.74904,14.874796,1006.04584,73.291664,0,8,2.6,0.4,8.750000000000004
2025-08-14,34.35,26.15,30.01667,0.70000005,91.202446,47.773453,13.18308,1004.5208,94.416664,1,8,2.1,2.6,8.200000000000003
2025-08-15,34.65,26.75,29.635416,2.9999998,84.17015,42.484013,13.920647,1004.69995,87.75,1,8,0.70000005,2.1,7.899999999999999
2025-08-16,32.4,25.1,28.066668,63.399998,95.90483,55.661217,16.666288,1004.52924,97.041664,1,8,2.9999998,0.70000005,7.299999999999997
2025-08-17,28.2,25.25,26.810417,15.3,96.206345,79.422775,8.709098,1005.0667,100.0,1,8,63.399998,2.9999998,2.9499999999999993
2025-08-18,30.65,25.45,27.714584,3.0,97.06721,67.7222,8.766573,1006.8709,99.208336,1,8,15.3,63.399998,5.199999999999999
2025-08-19,33.15,26.1,29.045835,1.3000001,93.72917,59.84414,12.425216,1008.12915,86.916664,0,8,3.0,15.3,7.049999999999997
2025-08-20,31.85,25.8,28.650002,0.4,93.12002,70.83945,12.535549,1008.72076,98.25,0,8,1.3000001,3.0,6.050000000000001
2025-08-21,32.0,25.3,28.564583,0.2,94.486336,60.821903,18.47698,1009.1584,96.708336,0,8,0.4,1.3000001,6.699999999999999
2025-08-22,31.35,25.9,28.493757,0.70000005,94.25993,62.952427,14.584445,1008.06665,65.166664,0,8,0.2,0.4,5.450000000000003
2025-08-23,32.3,26.0,28.881248,0.2,92.3064,58.051315,12.43434,1005.99585,99.958336,1,8,0.70000005,0.2,6.299999999999997
2025-08-24,29.7,25.05,27.089582,10.1,90.306015,68.357445,16.135872,1001.71674,100.0,1,8,0.2,0.70000005,4.649999999999999
2025-08-25,29.6,25.9,27.454165,7.7000003,94.80941,73.634636,15.159589,1002.97504,100.0,1,8,10.1,0.2,3.700000000000003
2025-08-26,33.5,24.75,28.031252,83.2,97.06721,57.80736,12.409561,1006.93756,98.958336,1,8,7.7000003,10.1,8.75
2025-08-27,29.1,25.15,26.70417,3.5999997,95.33709,73.15157,9.459852,1007.27075,95.875,0,8,83.2,7.7000003,3.950000000000003
2025-08-28,30.95,25.0,27.57708,0.3,95.90185,64.403656,17.823635,1005.7375,84.083336,1,8,3.5999997,83.2,5.949999999999999
2025-08-29,27.8,24.75,26.054167,33.7,96.47948,79.36833,17.727943,1004.1541,100.0,1,8,0.3,3.5999997,3.0500000000000007
2025-08-30,30.8,25.05,27.42292,11.599999,97.647644,73.220184,19.174856,1004.40826,94.25,1,8,33.7,0.3,5.75
2025-08-31,29.95,24.25,26.929167,6.4999995,97.04118,74.36531,12.24,1006.07916,66.25,1,8,11.599999,33.7,5.699999999999999
2025-09-01,29.9,24.85,26.966665,4.3999996,96.77336,74.389755,14.450537,1005.94574,79.666664,1,9,6.4999995,11.599999,5.049999999999997
2025-09-02,30.05,25.1,27.604164,1.2,97.05965,70.30224,13.78029,1006.74585,71.666664,0,9,4.3999996,6.4999995,4.949999999999999
2025-09-03,30.45,25.65,27.977083,0.90000004,93.93708,72.50991,13.864674,1006.9124,58.666668,1,9,1.2,4.3999996,4.800000000000001
2025-09-04,30.35,25.2,27.614584,2.2,95.90932,71.15099,12.534257,1006.8001,82.666664,1,9,0.90000004,1.2,5.150000000000002
2025-09-05,30.9,25.75,28.166664,3.3,94.78678,71.47121,11.866355,1007.03754,85.541664,1,9,2.2,0.90000004,5.149999999999999
2025-09-06,30.4,25.05,27.183336,4.8999996,97.05856,73.15271,15.978486,1007.06665,99.708336,1,9,3.3,2.2,5.349999999999998
2025-09-07,31.6,25.25,27.479164,10.400001,96.48718,67.06161,13.775586,1006.2292,100.0,1,9,4.8999996,3.3,6.350000000000001
2025-09-08,31.75,26.1,28.452085,3.4999998,94.52215,65.15394,10.464797,1007.04584,99.791664,1,9,10.400001,4.8999996,5.649999999999999
2025-09-09,32.65,25.9,29.012499,3.3999999,95.65936,58.484703,10.233123,1008.76245,99.5,1,9,3.4999998,10.400001,6.75
2025-09-10,31.95,25.05,28.145834,4.2000003,95.0449,64.003044,8.766573,1009.34174,88.541664,1,9,3.3999999,3.4999998,6.899999999999999
2025-09-11,31.4,25.3,28.139582,3.3000002,93.704346,67.665764,13.379461,1009.48334,23.0,0,9,4.2000003,3.3999999,6.099999999999998
2025-09-12,31.15,25.2,28.241667,0.70000005,92.79616,63.417477,15.009236,1009.6375,63.041668,1,9,3.3000002,4.2000003,5.949999999999999
2025-09-13,31.55,25.85,28.158333,3.6999998,93.38632,62.995495,11.778658,1009.90826,87.666664,1,9,0.70000005,3.3000002,5.699999999999999
2025-09-14,32.15,24.6,27.474998,19.4,95.895874,58.192276,12.261158,1010.22076,96.166664,1,9,3.6999998,0.70000005,7.549999999999997
2025-09-15,31.35,24.8,27.637499,1.1,95.895874,64.68157,13.527572,1010.14575,69.625,1,9,19.4,3.6999998,6.550000000000001
2025-09-16,31.65,25.3,27.791666,18.3,95.34557,58.075596,20.150354,1008.67505,92.0,1,9,1.1,19.4,6.349999999999998
2025-09-17,28.05,24.6,26.385416,15.000001,96.467804,77.45034,10.234705,1007.72504,99.083336,1,9,18.3,1.1,3.4499999999999993
2025-09-18,29.3,24.75,26.562502,20.3,96.78519,76.27418,12.172312,1007.2498,99.875,1,9,15.000001,18.3,4.550000000000001
2025-09-19,30.2,24.85,27.116669,16.500002,97.35021,75.266655,9.504273,1007.78326,85.916664,1,9,20.3,15.000001,5.349999999999998
2025-09-20,30.55,25.4,27.547918,5.3999996,97.64939,72.960495,12.397806,1006.8418,83.333336,1,9,16.500002,20.3,5.150000000000002
2025-09-21,32.1,26.0,28.204168,1.3000001,95.36418,63.513603,8.827343,1006.27496,97.333336,1,9,5.3999996,16.500002,6.100000000000001
2025-09-22,30.45,25.4,27.610418,6.2,97.64682,73.81754,13.403656,1006.0708,88.0,0,9,1.3000001,5.3999996,5.050000000000001
2025-09-23,31.2,26.0,28.206245,0.9,96.23116,65.826805,17.085783,1003.825,98.25,1,9,6.2,1.3000001,5.199999999999999
2025-09-24,32.3,25.9,28.46459,1.6,94.792465,60.01206,16.831684,1001.8835,98.75,1,9,0.9,6.2,6.399999999999999
2025-09-25,32.85,25.6,28.12708,6.4999995,94.24542,56.108437,11.968308,1005.15015,100.0,1,9,1.6,0.9,7.25
2025-09-26,29.2,24.35,26.708334,33.4,97.62848,78.61641,9.67657,1008.79156,99.875,1,9,6.4999995,1.6,4.849999999999998
2025-09-27,26.9,24.7,25.518747,75.9,95.0539,84.36989,29.05983,1004.7876,100.0,1,9,33.4,6.4999995,2.1999999999999993
2025-09-28,26.3,24.6,25.293749,74.90001,93.045265,83.58776,29.591255,999.3084,100.0,1,9,75.9,33.4,1.6999999999999993
2025-09-29,31.15,25.95,28.089579,6.1000004,91.493484,66.41204,20.448032,1007.3835,100.0,1,9,74.90001,75.9,5.199999999999999
2025-09-30,30.55,24.4,27.400002,1.3000001,96.469086,70.815994,16.704155,1010.4707,80.625,0,9,6.1000004,74.90001,6.150000000000002
2025-10-01,30.4,24.9,27.268751,1.0,95.05029,69.92754,14.471821,1011.10834,48.416668,0,10,1.3000001,6.1000004,5.5
2025-10-02,30.65,25.3,27.535416,0.8000001,95.33881,62.768646,13.529966,1011.0666,17.625,1,10,1.0,1.3000001,5.349999999999998
2025-10-03,30.7,25.1,27.785416,1.7,94.48032,66.67181,11.328566,1011.1167,50.666668,0,10,0.8000001,1.0,5.599999999999998
2025-10-04,30.8,24.1,27.041664,0.4,94.45413,66.912834,13.021106,1009.60834,92.958336,0,10,1.7,0.8000001,6.699999999999999
2025-10-05,33.25,26.05,28.30208,0.1,87.7025,55.697174,15.710607,1007.26666,100.0,1,10,0.4,1.7,7.199999999999999
2025-10-06,33.7,25.35,28.297913,2.6,92.54989,50.494957,16.38099,1009.2625,99.875,1,10,0.1,0.4,8.350000000000001
2025-10-07,31.45,23.95,27.78333,3.7999997,94.146515,62.406857,12.611567,1011.73737,76.541664,1,10,2.6,0.1,7.5
2025-10-08,30.7,24.6,27.383331,2.2,93.60821,61.104183,14.565548,1011.3792,89.208336,1,10,3.7999997,2.6,6.099999999999998
2025-10-09,28.65,23.8,25.67708,15.299999,97.61881,75.536674,11.157096,1011.2249,90.916664,1,10,2.2,3.7999997,4.849999999999998
2025-10-10,29.55,24.05,25.98958,22.000002,97.05098,73.13461,15.079229,1010.20844,87.333336,1,10,15.299999,2.2,5.5
2025-10-11,29.3,24.45,26.495836,8.400001,95.606834,75.16352,11.854062,1009.64166,84.875,1,10,22.000002,15.299999,4.850000000000001
2025-10-12,29.05,24.35,26.197916,9.300001,97.63635,76.73973,13.54911,1009.74585,97.916664,1,10,8.400001,22.000002,4.699999999999999
2025-10-13,29.85,25.0,26.722918,15.1,94.75831,72.798485,9.266067,1009.90424,89.5,1,10,9.300001,8.400001,4.850000000000001
2025-10-14,29.7,24.35,26.745834,4.4999995,95.89889,73.69303,13.0806875,1010.38336,74.208336,1,10,15.1,9.300001,5.349999999999998
2025-10-15,29.5,24.25,26.668747,7.4,95.87926,71.67865,11.995349,1010.75836,58.208332,1,10,4.4999995,15.1,5.25
2025-10-16,28.0,24.3,25.699999,15.299999,97.054245,78.21195,7.9932976,1011.7498,99.833336,1,10,7.4,4.4999995,3.6999999999999993
2025-10-17,28.3,24.2,25.612503,23.899998,97.35219,79.91339,10.694485,1011.49176,98.625,1,10,15.299999,7.4,4.100000000000001
2025-10-18,26.7,22.75,24.525002,49.3,97.334564,81.650375,11.983188,1011.0,99.875,1,10,23.899998,15.299999,3.9499999999999993
2025-10-19,28.3,23.45,25.75625,30.000004,98.50476,73.90384,16.755476,1009.86664,98.0,1,10,49.3,23.899998,4.850000000000001
2025-10-20,29.5,24.75,26.987501,8.2,93.052795,65.478645,22.877,1009.06244,90.75,1,10,30.000004,49.3,4.75
2025-10-21,28.45,24.5,26.08333,14.400001,88.679565,72.16248,28.678806,1009.71674,96.875,1,10,8.2,30.000004,3.9499999999999993
2025-10-22,26.0,23.55,24.574999,11.700001,91.91092,76.25843,31.931107,1010.09576,100.0,1,10,14.400001,8.2,2.4499999999999993
2025-10-23,26.6,23.3,24.487501,98.7,96.44697,80.64359,27.811018,1012.2209,98.916664,1,10,11.700001,14.400001,3.3000000000000007
2025-10-24,25.95,24.2,25.091667,22.200003,94.72764,80.804565,23.667776,1012.94165,94.958336,1,10,98.7,11.700001,1.75
2025-10-25,27.25,23.75,25.25,35.399998,94.997604,68.93106,23.000591,1012.2542,99.958336,1,10,22.200003,98.7,3.5
2025-10-26,25.55,24.55,24.956247,60.699997,94.19312,87.91587,28.678806,1011.6333,100.0,1,10,35.399998,22.200003,1.0
2025-10-27,26.25,24.45,25.081253,104.4,94.47029,86.6717,26.729847,1011.56665,100.0,1,10,60.699997,35.399998,1.8000000000000007
2025-10-28,25.9,24.5,24.97917,87.90001,94.47029,88.480576,29.384687,1011.32916,100.0,1,10,104.4,60.699997,1.3999999999999986
2025-10-29,25.7,24.8,25.160418,137.99998,95.33196,90.59899,30.154163,1010.78345,100.0,1,10,87.90001,104.4,0.8999999999999986
2025-10-30,27.55,24.85,25.956253,11.200001,96.482025,82.47596,14.369594,1012.00397,99.666664,1,10,137.99998,87.90001,2.6999999999999993
2025-10-31,27.9,24.5,25.525002,25.9,97.04663,79.6207,10.7714615,1013.5876,98.875,1,10,11.200001,137.99998,3.3999999999999986
2025-11-01,26.55,24.45,25.258333,19.5,96.75552,81.10162,16.22498,1013.4626,100.0,1,11,25.9,11.200001,2.1000000000000014
2025-11-02,25.8,24.65,25.037498,67.9,95.891365,90.319725,30.141266,1011.40826,99.916664,1,11,19.5,25.9,1.1500000000000021
2025-11-03,27.35,23.7,25.039581,19.099998,98.21336,78.59208,9.693296,1010.49994,100.0,1,11,67.9,19.5,3.650000000000002
2025-11-04,27.85,22.95,24.870836,4.1,92.75187,69.20027,17.287498,1011.1584,94.458336,1,11,19.099998,67.9,4.900000000000002
2025-11-05,27.5,23.45,25.152084,6.1999993,93.01503,74.21998,18.4243,1010.1291,98.541664,1,11,4.1,19.099998,4.050000000000001
2025-11-06,27.45,24.05,25.593748,52.399998,93.91512,71.9511,37.59286,1006.3416,99.083336,0,11,6.1999993,4.1,3.3999999999999986
2025-11-07,30.1,24.4,27.20417,0.4,97.629395,68.59298,25.097578,1007.5459,78.166664,1,11,52.399998,6.1999993,5.700000000000003
2025-11-08,29.2,24.35,26.533333,1.7000002,97.63724,77.21483,13.627795,1011.3459,57.25,0,11,0.4,52.399998,4.849999999999998
2025-11-09,29.3,24.3,26.560415,0.8000001,97.05098,73.17703,10.24578,1010.6291,74.458336,0,11,1.7000002,0.4,5.0
2025-11-10,29.7,24.05,26.414583,0.2,97.91761,66.25911,10.560341,1009.2749,99.375,0,11,0.8000001,1.7000002,5.649999999999999
2025-11-11,29.55,24.8,26.497917,0.1,93.35045,67.302246,19.083395,1010.4001,100.0,0,11,0.2,0.8000001,4.75
2025-11-12,27.75,22.7,25.016668,0.0,86.909004,69.0173,22.485596,1013.53754,58.666668,0,11,0.1,0.2,5.050000000000001
2025-11-13,26.9,20.75,23.958334,0.1,90.28737,57.474865,24.476028,1015.3376,20.541666,1,11,0.0,0.1,6.149999999999999
2025-11-14,26.2,22.1,23.94792,4.5,94.368454,61.947388,21.109941,1015.1333,63.333332,1,11,0.1,0.0,4.099999999999998
2025-11-15,24.25,22.5,23.610418,29.299997,97.61176,82.58572,14.913952,1015.0999,95.708336,1,11,4.5,0.1,1.75
2025-11-16,25.75,24.35,24.764582,57.9,95.030396,85.53511,22.054958,1015.125,99.958336,1,11,29.299997,4.5,1.3999999999999986
2025-11-17,26.2,23.6,24.591665,39.700005,95.86567,80.84322,27.041967,1016.05,99.458336,1,11,57.9,29.299997,2.599999999999998
2025-11-18,27.1,22.1,24.758331,16.4,88.473366,64.12496,34.162083,1016.9082,100.0,1,11,39.700005,57.9,5.0
2025-11-19,22.1,20.4,21.25625,22.400002,93.70269,75.873856,32.97293,1019.5251,100.0,1,11,16.4,39.700005,1.7000000000000028
2025-11-20,22.55,20.2,21.15,18.8,94.86513,76.89062,21.316135,1019.33746,100.0,1,11,22.400002,16.4,2.3500000000000014
2025-11-21,23.15,20.15,21.591665,11.300001,95.758804,65.36337,20.499462,1019.14166,100.0,1,11,18.8,22.400002,3.0
2025-11-22,24.25,20.95,22.514582,16.8,94.93854,71.86039,19.201874,1017.0542,99.375,1,11,11.300001,18.8,3.3000000000000007
2025-11-23,24.3,21.8,22.849998,29.400003,95.26144,81.350494,18.459436,1015.74994,97.791664,1,11,16.8,11.300001,2.5
2025-11-24,25.4,22.5,23.63542,8.6,94.977425,79.76579,20.991426,1016.28345,92.916664,1,11,29.400003,16.8,2.8999999999999986
2025-11-25,25.45,20.6,22.825003,1.9000003,94.29335,59.298107,21.201067,1016.3542,99.875,1,11,8.6,29.400003,4.849999999999998
2025-11-26,25.5,20.8,22.727083,1.4000001,93.44547,56.786617,19.839235,1016.7249,89.541664,0,11,1.9000003,8.6,4.699999999999999
2025-11-27,23.6,18.7,21.44375,0.1,82.770294,52.691967,35.013123,1017.1958,94.708336,0,11,1.4000001,1.9000003,4.900000000000002
2025-11-28,24.05,19.85,21.622915,0.0,81.54951,47.64913,21.637466,1014.79156,94.708336,0,11,0.1,1.4000001,4.199999999999999
2025-11-29,24.65,20.35,22.377085,0.0,86.38042,63.149662,17.326813,1012.67084,89.666664,0,11,0.0,0.1,4.299999999999997
2025-11-30,25.6,22.2,23.735418,0.0,89.04417,72.306816,15.937878,1012.02496,93.583336,1,11,0.0,0.0,3.400000000000002
2025-12-01,26.8,22.35,24.193748,4.9,94.95154,78.51431,18.297245,1011.925,48.833332,1,12,0.0,0.0,4.449999999999999
2025-12-02,27.9,23.1,24.949999,14.599999,96.435135,69.904175,15.7754345,1012.61676,70.791664,1,12,4.9,0.0,4.799999999999997
2025-12-03,24.6,23.15,23.987501,41.800003,95.845856,85.701035,22.9724,1015.10425,99.041664,1,12,14.599999,4.9,1.4500000000000028
2025-12-04,25.4,22.1,24.108332,5.9,93.22386,81.962616,16.828796,1016.7625,74.208336,1,12,41.800003,14.599999,3.299999999999997
2025-12-05,26.3,21.3,23.69375,3.5999997,92.10462,69.38851,15.141414,1017.72925,50.625,1,12,5.9,41.800003,5.0
2025-12-06,25.5,20.3,22.714582,2.0,94.58043,66.384285,17.349236,1017.11664,55.083332,0,12,3.5999997,5.9,5.199999999999999
2025-12-07,25.75,20.7,23.022917,0.8,89.19547,58.596783,14.784126,1016.96265,49.583332,1,12,2.0,3.5999997,5.050000000000001
2025-12-08,24.85,20.2,22.25,7.6,96.07548,62.893913,18.855375,1017.1834,93.583336,1,12,0.8,2.0,4.650000000000002
2025-12-09,25.25,21.55,23.114586,15.999998,96.687614,64.58715,18.379402,1016.30426,99.0,1,12,7.6,0.8,3.6999999999999993
2025-12-10,24.05,21.65,22.614586,9.2,96.11743,79.09171,17.917007,1015.09576,98.375,1,12,15.999998,7.6,2.400000000000002
2025-12-11,26.4,22.9,24.212496,7.1000004,95.84429,78.219185,12.033103,1014.8374,68.25,1,12,9.2,15.999998,3.5
2025-12-12,26.85,21.15,24.160421,1.3000001,97.57591,72.98877,12.007498,1014.8167,28.666666,1,12,7.1000004,9.2,5.700000000000003
2025-12-13,27.0,22.3,24.152082,18.199999,94.37256,69.521416,16.529644,1016.0166,74.208336,1,12,1.3000001,7.1000004,4.699999999999999
2025-12-14,25.3,22.0,23.060417,3.4999998,90.94359,74.770454,24.122686,1017.4543,91.875,1,12,18.199999,1.3000001,3.3000000000000007
2025-12-15,24.15,21.65,22.641663,9.0,95.805756,75.04672,16.79314,1016.70844,95.791664,1,12,3.4999998,18.199999,2.5
2025-12-16,25.1,22.05,23.325003,3.3000004,95.81351,78.5048,12.4811535,1015.875,88.083336,1,12,9.0,3.4999998,3.0500000000000007
2025-12-17,24.8,21.75,23.095833,3.6,94.94598,79.09171,21.513577,1017.22504,88.0,1,12,3.3000004,9.0,3.0500000000000007
2025-12-18,24.85,21.45,22.964584,3.0,95.2052,72.597885,16.011908,1015.70416,59.583332,1,12,3.6,3.3000004,3.400000000000002
2025-12-19,25.05,21.7,22.962502,3.5,95.21584,73.58289,16.029097,1013.4541,93.458336,1,12,3.0,3.6,3.3500000000000014
2025-12-20,25.4,22.1,23.36458,9.4,94.06688,77.26999,18.519016,1013.96265,91.666664,1,12,3.5,3.0,3.299999999999997
2025-12-21,25.1,22.15,23.385416,20.800001,95.52211,82.67464,24.156242,1014.6584,85.083336,1,12,9.4,3.5,2.950000000000003
2025-12-22,25.85,21.55,23.329163,7.8999996,97.87846,74.79493,17.515581,1013.9292,74.041664,1,12,20.800001,9.4,4.300000000000001
2025-12-23,26.4,21.1,23.574999,2.1,97.27451,73.585144,14.192631,1013.26666,88.791664,1,12,7.8999996,20.800001,5.299999999999997
2025-12-24,25.8,21.65,23.952085,4.2,96.0944,76.44612,12.452566,1012.53326,96.875,1,12,2.1,7.8999996,4.150000000000002
2025-12-25,24.5,20.25,22.202085,21.2,94.31649,79.39868,25.438656,1016.08746,99.5,1,12,4.2,2.1,4.25
2025-12-26,21.3,19.65,20.445833,8.3,90.81162,81.99,21.335884,1017.14166,90.916664,1,12,21.2,4.2,1.6500000000000021
2025-12-27,22.5,19.85,20.90833,3.6999998,96.04763,80.365524,14.2336645,1017.15424,91.916664,1,12,8.3,21.2,2.6499999999999986
2025-12-28,23.55,20.25,21.610415,3.6,94.57242,75.6139,14.009968,1016.4458,87.541664,1,12,3.6999998,8.3,3.3000000000000007
2025-12-29,24.45,19.9,22.25625,3.5999997,97.259186,72.12074,11.511559,1014.65424,71.833336,0,12,3.6,3.6999998,4.550000000000001
2025-12-30,24.75,19.15,22.170832,0.6,95.20167,64.04238,9.12513,1013.51666,43.75,0,12,3.5999997,3.6,5.600000000000001
2025-12-31,25.05,17.95,22.016668,0.0,94.78622,64.54445,11.656998,1012.0418,70.25,0,12,0.6,3.5999997,7.100000000000001
